code;name
1010101001;Aspal
1010101002;Semen
1010101003;Kaca
1010101004;Pasir
1010101005;Batu
1010101006;Cat
1010101007;Seng
1010101008;Baja
1010101009;Electro Dalas
1010101010;Patok Beton
1010101011;Tiang Beton
1010101012;Besi Beton
1010101013;Tegel
1010101014;Genteng
1010101015;Bis Beton
1010101016;Plat
1010101017;Steel Sheet Pile
1010101018;Concrete Sheet Pile
1010101019;Kawat Bronjong
1010101020;Karung
1010101021;Minyak Cat/Thinner
1010101999;Bahan Bangunan Dan Konstruksi Lainnya
1010102001;Bahan Kimia Padat
1010102002;Bahan Kimia Cair
1010102003;Bahan Kimia Gas
1010102005;Bahan Kimia Nuklir
1010102999;Bahan Kimia Lainnya
1010103001;Anfo
1010103002;Detonator
1010103003;Dinamit
1010103004;Gelatine
1010103005;Sumbu Ledak/Api
1010103006;Amunisi
1010103999;Bahan Peledak Lainnya
1010104001;Bahan Bakar Minyak (Bahan Baku)
1010104002;Minyak Pelumas (Bahan Baku)
1010104003;Minyak Hydrolis (Bahan Baku)
1010104004;Bahan Bakar Gas (Bahan Baku)
1010104005;Batu Bara (Bahan Baku)
1010104999;Bahan Bakar Dan Pelumas Lainnya (Bahan Baku)
1010105001;Kawat
1010105002;Kayu
1010105003;Logam/Metalorgi
1010105004;Latex
1010105005;Biji Plastik
1010105006;Karet (Bahan Baku)
1010105999;Bahan Baku Lainnya
1010106001;Uranium - 233
1010106002;Uranium - 235
1010106003;Uranium - 238
1010106004;Plutonium (PU)
1010106005;Neptarim (NP)
1010106006;Uranium Dioksida
1010106007;Thorium
1010106999;Bahan Kimia Nuklir Lainnya
1010107001;Barang Dalam Proses
1010107999;Barang Dalam Proses Lainnya
1010108001;Beras
1010108002;Jagung
1010108003;Gandum
1010108004;Serealia Lainnya
1010108005;Sagu
1010108006;Ubi
1010108007;Umbi Lainnya
1010108008;Kacang Tanah
1010108009;Kedelai
1010108010;Kacang Hijau
1010108011;Kacang-Kacangan Lainnya
1010108012;Zaitun
1010108013;Kelapa
1010108014;Biji-Bijian Lainnya
1010108015;Bawang
1010108016;Sayuran Lainnya
1010108017;Jamur
1010108018;Buah
1010108019;Rempah
1010108020;Kopi
1010108021;Teh
1010108022;Gula
1010108023;Bahan Penyegar dan Pemanis Lainnya
1010108024;Minyak Goreng
1010108025;Ikan
1010108026;Udang
1010108027;Kepiting/Rajungan
1010108028;Kerang
1010108029;Bahan Sea Food Lainnya
1010108030;Daging Unggas
1010108031;Daging Kambing
1010108032;Daging Sapi
1010108033;Daging Lainnya
1010108034;Telur
1010108035;Susu
1010108036;Tepung
1010108037;Santan
1010108038;Garam
1010108039;Penyedap Rasa
1010108040;Bumbu Dapur Lainnya
1010108041;Kecap
1010108042;Saos
1010108043;Bumbu Makanan Lainnya
1010108044;Roti
1010108045;Selai
1010108046;Kudapan
1010108047;Air Mineral
1010108048;Minuman Kemasan Lainnya
1010108999;Bahan Pangan Lainnya
1010199001;Film Dosimeter
1010199999;Bahan Lainnya
1010201001;Suku Cadang Alat Angkutan Darat Bermotor
1010201002;Suku Cadang Alat Angkutan Darat Tak Bermotor
1010201003;Suku Cadang Alat Angkutan Apung Bermotor
1010201004;Suku Cadang Alat Angkutan Apung Tak Bermotor
1010201005;Suku Cadang Alat Angkutan Udara Bermotor
1010201999;Suku Cadang Alat Angkutan Lainnya
1010202001;Suku Cadang Alat Besar Darat
1010202002;Suku Cadang Alat Besar Apung
1010202003;Suku Cadang Alat Besar Bantu
1010202999;Suku Cadang Alat Besar Lainnya
1010203001;Suku Cadang Alat Kedokteran Umum
1010203002;Suku Cadang Alat Kedokteran Gigi
1010203003;Suku Cadang Alat Kedokteran Keluarga Berencana
1010203004;Suku Cadang Alat Kedokteran Bedah
1010203005;Suku Cadang Alat Kedokteran Kebidanan Dan Penyakit Kandungan
1010203006;Suku Cadang Alat Kedokteran THT
1010203007;Suku Cadang Alat Kedokteran Mata
1010203008;Suku Cadang Alat Kedokteran Penyakit Dalam
1010203009;Suku Cadang Alat Kedokteran Alat Kesehatan Anak
1010203010;Suku Cadang Alat Kedokteran Poliklinik Set
1010203011;Suku Cadang Alat Kedokteran Untuk Penderita Cacat Tubuh
1010203012;Suku Cadang Alat Kedokteran Syaraf
1010203013;Suku Cadang Alat Kedokteran Jantung
1010203014;Suku Cadang Alat Kedokteran Nuklir
1010203015;Suku Cadang Alat Kedokteran Radiologi
1010203016;Suku Cadang Alat Kedokteran Kulit Dan Kelamin
1010203017;Suku Cadang Alat Kedokteran Ugd
1010203018;Suku Cadang Alat Kedokteran Hematologi
1010203019;Suku Cadang Alat Kedokteran Hewan
1010203999;Suku Cadang Alat Kedokteran Lainnya
1010204001;Suku Cadang Alat Laboratorium Kimia Air Taknik Penyehatan
1010204002;Suku Cadang Alat Laboratorium Micro Biologi Penyehatan
1010204003;Suku Cadang Alat Laboratorium Hidro Kimia
1010204004;Suku Cadang Alat Laboratorium Model Hidrolika
1010204005;Suku Cadang Alat Laboratorium Batuan/Geologi
1010204006;Suku Cadang Alat Laboratorium Bahan Bangunan Konstruksi
1010204007;Suku Cadang Alat Laboratorium Aspal, Cat Dan Kimia
1010204008;Suku Cadang Alat Laboratorium Mekanika Tanah Dan Batuan
1010204009;Suku Cadang Alat Laboratorium Cocok Tanam
1010204010;Suku Cadang Alat Laboratorium Logam, Mesin Dan Listrik
1010204011;Suku Cadang Alat Laboratorium Umum
1010204012;Suku Cadang Alat Laboratorium Microbiologi
1010204013;Suku Cadang Alat Laboratorium Kimia
1010204014;Suku Cadang Alat Laboratorium Patologi
1010204015;Suku Cadang Alat Laboratorium Immunologi
1010204016;Suku Cadang Alat Laboratorium Film
1010204017;Suku Cadang Alat Laboratorium Radio Isotop
1010204018;Suku Cadang Alat Laboratorium Makanan
1010204019;Suku Cadang Alat Laboratorium Aero Dinamika
1010204020;Suku Cadang Alat Laboratorium Standarisasi Kaliberasi Dan Instrum
1010204021;Suku Cadang Alat Laboratorium Farmasi
1010204022;Suku Cadang Alat Laboratorium Pemantauan Kualitas Udara
1010204023;Suku Cadang Alat Laboratorium Fisika
1010204024;Suku Cadang Alat Laboratorium Hidrodinamika
1010204025;Suku Cadang Alat Laboratorium Pengkajian Teknik Pantai
1010204026;Suku Cadang Alat Laboratorium Kematologi
1010204027;Suku Cadang Alat Laboratorium Proses Peleburan
1010204028;Suku Cadang Alat Laboratorium Pasir
1010204029;Suku Cadang Alat Laboratorium Proses Pembuatan Cetakan
1010204030;Suku Cadang Alat Laboratorium Proses Pembuatan Pola
1010204031;Suku Cadang Alat Laboratorium Metalography
1010204032;Suku Cadang Alat Laboratorium Proses Pengelasan
1010204033;Suku Cadang Alat Laboratorium Uji Proses Pengelasan
1010204034;Suku Cadang Alat Laboratorium Proses Pembuatan Logam
1010204035;Suku Cadang Alat Laboratorium Metrologie
1010204036;Suku Cadang Alat Laboratorium Proses Pelapisan Logam
1010204037;Suku Cadang Alat Laboratorium Proses Pengolahan Panas
1010204038;Suku Cadang Alat Laboratorium Proses Teknologi Tekstil
1010204039;Suku Cadang Alat Laboratorium Uji Tekstil
1010204040;Suku Cadang Alat Laboratorium Proses Teknologi Keramik
1010204041;Suku Cadang Alat Laboratorium Proses Teknologi Kulit Karet
1010204042;Suku Cadang Alat Laboratorium Uji Kulit Karet Dan Plastik
1010204043;Suku Cadang Alat Laboratorium Alat Uji Keramik
1010204044;Suku Cadang Alat Laboratorium Proses Teknologi Selulosa
1010204045;Suku Cadang Alat Laboratorium Paska Panen
1010204046;Suku Cadang Alat Laboratorium Pertanian (Suku Cadang Alat Laborat
1010204047;Suku Cadang Alat Laboratorium Kualitas Air
1010204048;Suku Cadang Alat Laboratorium Elektronika Dan Daya
1010204049;Suku Cadang Alat Laboratorium Energi Surya
1010204050;Suku Cadang Alat Laboratorium Konversi Batubara Dan Bioma
1010204051;Suku Cadang Alat Laboratorium Oceanografi
1010204052;Suku Cadang Alat Laboratorium Perairan
1010204053;Suku Cadang Alat Laboratorium Biologi
1010204054;Suku Cadang Alat Laboratorium Geofisika
1010204055;Suku Cadang Alat Laboratorium Tambang
1010204056;Suku Cadang Alat Laboratorium Tambang Proses/Teknik Kimia
1010204057;Suku Cadang Alat Laboratorium Proses Industri
1010204058;Suku Cadang Alat Laboratorium Kesehatan Kerja
1010204059;Suku Cadang Alat Laboratorium Kearsipan
1010204060;Suku Cadang Alat Laboratorium Perikanan dan Kelautan
1010204999;Suku Cadang Alat Laboratorium Lainnya
1010205001;Suku Cadang Alat Pemancar MF/MW
1010205002;Suku Cadang Alat Pemancar HF/SW
1010205003;Suku Cadang Alat Pemancar FHF/MF
1010205004;Suku Cadang Alat Pemancar UHF
1010205005;Suku Cadang Alat Pemancar SHF
1010205999;Suku Cadang Alat Pemancar Lainnya
1010206001;Suku Cadang Alat Studio
1010206002;Suku Cadang Alat Komunikasi
1010206999;Suku Cadang Alat Studio Dan Komunikasi Lainnya
1010207001;Suku Cadang Alat Pengolahan Ternak Dan Tanaman
1010207002;Suku Cadang Alat Pemeliharaan Tanaman/Ikan/Ternak
1010207003;Suku Cadang Alat Panen
1010207004;Suku Cadang Alat Penyimpanan Hasil Percobaan Pertanian
1010207005;Suku Cadang Alat Laboratorium Pertanian (Suku Cadang Alat Pertani
1010207006;Suku Cadang Alat Prossesing
1010207007;Suku Cadang Alat Paska Panen
1010207008;Suku Cadang Alat Produksi
1010207999;Suku Cadang Alat Pertanian Lainnya
1010208001;Suku Cadang Alat Bengkel Bermesin
1010208002;Suku Cadang Alat Bengkel Tidak Bermesin
1010208999;Suku Cadang Alat Bengkel Lainnya
1010209001;Suku Cadang Pistol
1010209002;Suku Cadang Senapan Mesin
1010209003;Suku Cadang Senapan Otomatis (SO)
1010209004;Suku Cadang Meriam
1010209005;Suku Cadang Rudal
1010209006;Suku Cadang Jihandak
1010209007;Suku Cadang Ranjau
1010209008;Suku Cadang Penyamaran
1010209009;Suku Cadang Alat Pembuat Senjata
1010209010;Suku Cadang Alat Pembuat Amunisi
1010209011;Suku Cadang Pendukung
1010209999;Suku Cadang Senjata Lainnya
1010299999;Suku Cadang Lainnya
1010301001;Alat Tulis
1010301002;Tinta Tulis, Tinta Stempel
1010301003;Penjepit Kertas
1010301004;Penghapus/Korektor
1010301005;Buku Tulis
1010301006;Ordner Dan Map
1010301007;Penggaris
1010301008;Cutter (Alat Tulis Kantor)
1010301009;Pita Mesin Ketik
1010301010;Alat Perekat
1010301011;Stadler HD
1010301012;Staples
1010301013;Isi Staples
1010301014;Barang Cetakan
1010301015;Seminar Kit
1010301999;Alat Tulis Kantor Lainnya
1010302001;Kertas HVS
1010302002;Berbagai Kertas
1010302003;Kertas Cover
1010302004;Amplop
1010302005;Kop Surat
1010302999;Kertas Dan Cover Lainnya
1010303001;Transparant Sheet
1010303002;Tinta Cetak
1010303003;Plat Cetak
1010303004;Stensil Sheet
1010303005;Chenical/Bahan Kimia Cetak
1010303006;Film Cetak
1010303999;Bahan Cetak Lainnya
1010304001;Continuous Form
1010304002;Computer File/Tempat Disket
1010304003;Pita Printer
1010304004;Tinta/Toner Printer
1010304005;Disket
1010304006;USB/Flash Disk
1010304007;kartu Memori
1010304008;CD/DVD Drive
1010304009;Harddisk Internal
1010304010;Mouse
1010304011;CD/DVD
1010304999;Bahan Komputer Lainnya
1010305001;Sapu Dan Sikat
1010305002;Alat-Alat Pel Dan Lap
1010305003;Ember, Slang, Dan Tempat Air Lainnya
1010305004;Keset Dan Tempat Sampah
1010305005;Kunci, Kran Dan Semprotan
1010305006;Alat Pengikat
1010305007;Peralatan Ledeng
1010305008;Bahan Kimia Untuk Pembersih
1010305009;Alat Untuk Makan Dan Minum
1010305010;Kaos Lampu Petromak
1010305011;Kaca Lampu Petromak
1010305012;Pengharum Ruangan
1010305013;Kuas
1010305014;Segel/Tanda Pengaman
1010305999;Perabot Kantor Lainnya
1010306001;Kabel Listrik
1010306002;Lampu Listrik
1010306003;Stop Kontak
1010306004;Saklar
1010306005;Stacker
1010306006;Balast
1010306007;Starter
1010306008;Vitting
1010306009;Accu
1010306010;Batu Baterai
1010306011;Stavol
1010306999;Alat Listrik Lainnya
1010307001;Bahan Baku Pakaian
1010307002;Penutup Kepala
1010307003;Penutup Badan
1010307004;Penutup Tangan
1010307005;Penutup Kaki
1010307006;Atribut
1010307007;Perlengkapan Lapangan
1010307999;Perlengkapan Dinas Lainnya
1010308001;Kaporlap dan Perlengkapan Satwa Anjing
1010308002;Kaporlap dan Perlengkapan Satwa Kuda
1010308999;Kaporlap Dan Perlengkapan Satwa Lainnya
1010309001;Meterai
1010309002;Prangko
1010309003;Stempel
1010309999;Perlengkapan Penunjang Kegiatan Kantor Lainnya
1010310001;Persediaan Berupa Alat Penunjang Kedokteran
1010310002;Persediaan Berupa Alat Penunjang Laboratorium
1010310003;Persediaan Berupa Alat Penunjang Studio Dan Komunikasi
1010310999;Alat Penunjang Kegiatan Kantor Lainnya
1010311001;Persediaan Berupa Bahan Penunjang Kedokteran
1010311002;Persediaan Berupa Bahan Penunjang Laboratorium
1010311003;Persediaan Berupa Bahan Penunjang Pertanian
1010311999;Bahan Penunjang Kegiatan Kantor Lainnya
1010312001;Persediaan Berupa Alat/Bahan Daktiloskopi
1010312002;Persediaan Berupa Alat/Bahan Lalu Lintas
1010312003;Alat Pemadam Api Ringan lempar
1010312004;Alat Penunjang Pemasyarakatan
1010312999;Alat/Bahan Penunjang Kegiatan Keamanan Lainnya
1010313001;Bahan Bakar Minyak (Barang Konsumsi)
1010313002;Minyak Pelumas (Barang Konsumsi)
1010313999;Bahan Bakar Dan Pelumas Lainnya (Barang Konsumsi)
1010314001;Obat Cair (Barang Konsumsi)
1010314002;Obat Padat (Barang Konsumsi)
1010314003;Obat Gas (Barang Konsumsi)
1010314004;Obat Serbuk/Tepung (Barang Konsumsi)
1010314005;Obat Gel/Salep (Barang Konsumsi)
1010314999;Obat Lainnya (Barang Konsumsi)
1010315001;Dokumen Keimigrasian
1010315999;Dokumen Layanan Keimigrasian Lainnya
1010316001;Akte Nikah
1010316002;Buku Nikah
1010316003;Daftar Pemeriksaan Nikah
1010316004;Duplikat Nikah
1010316005;Kartu Nikah
1010317001;Apostille
1010317002;Label Legalisasi
1010399999;Alat/bahan Untuk Kegiatan Kantor Lainnya
1010401001;Obat Cair (Persediaan Lainnya)
1010401002;Obat Padat (Persediaan Lainnya)
1010401003;Obat Gas (Persediaan Lainnya)
1010401004;Obat Serbuk/Tepung (Persediaan Lainnya)
1010401005;Obat Gel/Salep (Persediaan Lainnya)
1010401006;Alat/Obat Kontrasepsi Keluarga Berencana (Persediaan Lainnya)
1010401007;Non Alat/Obat Kontrasepsi Keluarga Berencana (Persediaan Lainnya)
1010401999;Obat Lainnya (Persediaan Lainnya)
1010501001;Pita Cukai, Materai, Leges
1010501002;Tanah dan Bangunan
1010501003;Hewan dan Tanaman
1010501004;Peralatan dan Mesin
1010501005;Jalan, Irigasi, dan Jaringan
1010501006;Aset Tetap Lainnya
1010501007;Aset Lain-lain
1010501008;Barang Persediaan
1010501009;Persediaan BTD, BDN dan BMMN
1010501999;Persediaan Lainnya Untuk Dijual/Diserahkan Kepada Masyarakat
1010601001;Cadangan Energi
1010601002;Cadangan Pangan
1010601999;Persediaan Untuk Tujuan Strategis/Berjaga-jaga Lainnya
1010701001;Makanan/Sembako
1010701002;Minuman
1010701999;Natura Lainnya
1010702001;Pakan Hewan
1010702002;Pakan Ikan
1010702999;Pakan Lainnya
1010799999;Natura Dan Pakan Lainnya
1010801001;Hewan/Ternak
1010801002;Biota Laut/Ikan
1010801003;Tanaman
1010801999;Persediaan Penelitian Biologi Lainnya
1010802001;Antariksa
1010802002;Pertanian
1010802003;Perikanan
1010802004;Peternakan
1010802005;Perkebunan dan kehutanan
1010802006;Militer
1010802999;Persediaan penelitian teknologi lainnya
1010899999;Persediaan penelitian lainnya
1010901001;Tanah dan bangunan dalam proses
1010901002;Peralatan dan mesin dalam proses
1010901003;Jalan, irigasi, dan jaringan dalam proses
1010901004;Aset tetap lainnya dalam proses
1010901005;Aset lain-lain dalam proses
1010901006;Barang persediaan dalam proses
1010999999;Persediaan dalam proses lainnya
1011001001;Tanah dan Bangunan
1011001002;Hewan dan Tanaman
1011001003;Peralatan dan Mesin
1011001004;Jalan, Irigasi dan Jaringan
1011001005;Aset Tetap Lainnya
1011001006;Aset Lain-Lain
1011001007;Barang Persediaan
1020101001;Komponen Jembatan Bailley
1020101002;Komponen Jembatan Baja Prefab
1020101999;Komponen Jembatan Baja Lainnya
1020102001;Komponen Jembatan Pratekan Prefab
1020102999;Komponen Jembatan Pratekan Lainnya
1020103001;Dinamo Amper
1020103002;Dinamo Start
1020103003;Transmisi
1020103004;Injection Pump
1020103005;Karburator Unit
1020103006;Motor Hidrolik
1020103007;Engine Bensin
1020103008;Engine Diesel
1020103999;Komponen Peralatan Lainnya
1020104001;Komponen Rambu-Rambu Darat
1020104002;Komponen Rambu-Rambu Udara
1020104999;Komponen Rambu-Rambu Lainnya
1020105001;Blade
1020105002;Boom
1020105003;Bucket
1020105004;Scarifier
1020105999;Attachment Lainnya
1020199999;Komponen Lainnya
1020201001;DCI Filter
1020201002;Pipa Air Besi Tuang
1020201999;Pipa Air Besi Tuang (DCI) Lainnya
1020202001;A C P 1,0
1020202002;A C P 1,5
1020202003;A C P 2,0
1020202004;A C P 2,5
1020202005;A C P 3,0
1020202999;Pipa Asbes Semen (ACP) Lainnya
1020203001;Pipa Baja Gelombang
1020203002;Pipa Baja Konstruksi (CSP)
1020203003;Pipa Baja Lapis Polyethelene
1020203004;Pipa Baja Lapis Seng (GIP)
1020203999;Pipa Baja Lainnya
1020204001;Fitter Pipa Beton Pratekan
1020204002;Pipa Beton Pratekan
1020204999;Pipa Beton Pratekan Lainnya
1020205001;Filter Pipa Fiber Glass
1020205002;Pipa Fiber Glass
1020205999;Pipa Fiber Glass Lainnya
1020206001;Pipa Plastik PVC
1020206002;UPVC Fitter
1020206999;Pipa Plastik PVC (UPVC) Lainnya
1020299999;P I P A Lainnya
1020301001;Rambu - Rambu Lalu Lintas
1020301999;Rambu-rambu Lainnya
1030101001;Komponen Jembatan Baja Bekas
1030101002;Komponen Jembatan Pratekan Bekas
1030101003;Komponen Peralatan Bekas
1030101004;Attachment Bekas
1030101005;Kotak dan Bilik Suara
1030101999;Komponen Bekas Lainnya
1030102001;Pipa Air Besi Tuang Bekas
1030102002;Pipa Asbes Semen Bekas
1030102003;Pipa Baja Bekas
1030102004;Pipa Beton Pratekan Bekas
1030102005;Pipa Fiber Gelas Bekas
1030102006;Pipa Plastik PVC (UPVC) Bekas
1030102999;Pipa Bekas Lainnya
1030199999;Komponen Bekas Dan Pipa Bekas Lainnya
2010101001;Tanah Bangunan Rumah Negara Golongan I
2010101002;Tanah Bangunan Rumah Negara Golongan II
2010101003;Tanah Bangunan Rumah Negara Golongan III
2010101004;Tanah Bangunan Rumah Negara Dalam Proses Penggolongan
2010101005;Tanah Bangunan Mess/Wisma/Asrama
2010101006;Tanah Bangunan Peristirahatan/Bungalaow/Cottage
2010101007;Tanah Bangunan Rumah Penjaga
2010101008;Tanah Bangunan Rumah LP
2010101009;Tanah Bangunan Rumah Tahanan/Rutan
2010101010;Tanah Bangunan Flat/Rumah Susun
2010101011;Tanah Kaveling Tanah Matang
2010101012;Tanah Sarana Asimilasi Pemasyarakatan
2010101999;Tanah Bangunan Fasilitas Tempat Tinggal Lainnya
2010102001;Tanah Bangunan Pasar
2010102002;Tanah Bangunan Pertokoan/Rumah Toko/Koperasi
2010102003;Tanah Bangunan Gudang
2010102004;Tanah Bangunan Stasiun Kereta Api
2010102005;Tanah Bangunan Bioskop
2010102006;Tanah Bangunan Hotel/Penginapan/Motel
2010102007;Tanah Bangunan Terminal Darat
2010102008;Tanah Bangunan Terminal Laut
2010102009;Tanah Bangunan Terminal Udara
2010102010;Tanah Bangunan Gedung Kesenian
2010102011;Tanah Bangunan Gedung Pameran
2010102012;Tanah Bangunan Gedung Pusat Perbelanjaan
2010102013;Tanah Bangunan Apotik
2010102014;Tanah Bangunan Garasi/Pool
2010102999;Tanah Bangunan Gedung Perdagangan Lainnya
2010103001;Tanah Bangunan Industri Makanan
2010103002;Tanah Bangunan Industri Minuman
2010103003;Tanah Bangunan Industri Alat RT
2010103004;Tanah Bangunan Industri Pakaian/Garment
2010103005;Tanah Bangunan Industri Baja/Besi/Logam
2010103006;Tanah Bangunan Industri Pengemasan
2010103007;Tanah Bangunan Industri Bengkel
2010103008;Tanah Bangunan Industri Penyulingan Minyak
2010103009;Tanah Bangunan Industri Kimia Dan Pupuk
2010103010;Tanah Bangunan Industri Obat-Obatan
2010103011;Tanah Bangunan Industri Semen
2010103012;Tanah Bangunan Industri Batu-Bata/Batako
2010103013;Tanah Bangunan Industri Genteng
2010103014;Tanah Bangunan Industri Percetakan
2010103015;Tanah Bangunan Industri Tekstil
2010103016;Tanah Bangunan Industri Alat Olah Raga
2010103017;Tanah Bangunan Industri Kendaraan/Otomotif
2010103018;Tanah Bangunan Industri Persenjataan
2010103019;Tanah Bangunan Industri Kapal Udara
2010103020;Tanah Bangunan Industri Kapal Laut
2010103021;Tanah Bangunan Industri Kereta Api
2010103022;Tanah Bangunan Industri Keramik/Marmer
2010103023;Tanah Untuk Bangunan Pabrik Es
2010103024;Tanah Bangunan Industri Hulu Migas
2010103999;Tanah Bangunan Industri Lainnya
2010104001;Tanah Bangunan Kantor Pemerintah
2010104002;Tanah Bangunan Pendidikan Dan Latihan
2010104003;Tanah Bangunan Rumah Sakit
2010104004;Tanah Bangunan Balai Sidang/Pertemuan
2010104005;Tanah Bangunan Balai Nikah
2010104006;Tanah Bangunan Puskesmas/Posyandu
2010104007;Tanah Bangunan Poliklinik
2010104008;Tanah Bangunan Laboratorium
2010104009;Tanah Bangunan Fumigasi/Sterilisasi
2010104010;Tanah Bangunan Karantina
2010104011;Tanah Bangunan Bangsal Pengolahan/Pondok Kerja
2010104012;Tanah Bangunan Kandang Hewan
2010104013;Tanah Bangunan Bangunan Pembibitan
2010104014;Tanah Bangunan Rumah Pendingin
2010104015;Tanah Bangunan Rumah Pengeringan
2010104016;Tanah Bangunan Stasiun Penelitian
2010104017;Tanah Bangunan Gedung Pelelangan Ikan
2010104018;Tanah Bangunan Pos Jaga/Menara Jaga
2010104019;Tanah Bangunan Menara Pengawas/Tower/Lalu Lintas Darat,Laut,Udara
2010104020;Tanah Bangunan Gedung Perpustakaan
2010104021;Tanah Bangunan Gedung Pengujian Kelaikan
2010104022;Tanah Bangunan Gedung Oceanorium/Ebservatorium
2010104023;Tanah Bangunan Gedung Pemotongan Hewan
2010104024;Tanah Bangunan Gedung Pembakaran Bangkai Hewan
2010104025;Tanah Bangunan Perawatan Kereta Api (Depo)
2010104026;Tanah Bangunan Gedung Kantor Pengadilan
2010104999;Tanah Bangunan Tempat Kerja Lainnya
2010105001;Tanah Untuk Bangunan Sarana Olah Raga Tertutup
2010105002;Tanah Untuk Bangunan Gedung Sarana Olah Raga Terbuka
2010105999;Tanah Untuk Bangunan Gedung Sarana Olah Raga Lainnya
2010106001;Tanah Untuk Bangunan Masjid
2010106002;Tanah Untuk Bangunan Gereja
2010106003;Tanah Untuk Bangunan Pura
2010106004;Tanah Untuk Bangunan Vihara
2010106005;Tanah Untuk Bangunan Klenteng/Kuil
2010106006;Tanah Untuk Bangunan Krematorium
2010106999;Tanah Untuk Bangunan Tempat Ibadah Lainnya
2010107001;Tanah Bangunan Konsesi Jasa
2010199999;Tanah Persil Lainnya
2010201001;Tanah Rawa
2010201002;Tanah Danau/Situ/Embung
2010201003;Tanah Tambak/Empang/Kolam Ikan/Akuarium
2010201004;Tanah Waduk
2010201005;Tanah Sawah Irigasi
2010201006;Tanah Aliran Sungai
2010201007;Tanah Muara
2010201008;Daerah Aliran Sungai (DAS)
2010201009;Daerah Sempadan Sumber Air
2010201010;Tanah Sempadan Pantai
2010201999;Tanah Basah Lainnya
2010202001;Tanah Tegalan
2010202002;Tanah Kosong Yang Sudah Diperuntukkan
2010202003;Tanah Hasil Reklamasi
2010202004;Tanah Kawasan Penyangga Pemasyarakatan
2010202999;Tanah Kering Lainnya
2010203001;Tanah Kebun Entres
2010203002;Tanah Kebun Induk
2010203003;Tanah Kebun Percobaan
2010203999;Tanah Kebun Lainnya
2010204001;Tanah Hutan Produksi
2010204002;Tanah Hutan Cadangan
2010204003;Tanah Hutan Lindung
2010204004;Tanah Hutan Cagar Alam
2010204005;Tanah Hutan Wisata
2010204006;Tanah Hutan Taman Burung
2010204007;Tanah Hutan Suaka Marga Satwa
2010204008;Tanah Hutan Taman Nasional
2010204009;Tanah Hutan Diklat
2010204999;Tanah Hutan Lainnya
2010205001;Tanah Tandus Berbatu-Batu
2010205002;Tanah Tandus Bekas Tambang/Galian
2010205003;Tanah Tandus Berpasir/Pasir
2010205004;Tanah Tandus Pengambilan/Kuari
2010205999;Tanah Tandus Lainnya
2010206001;Tanah Padang Alang-Alang
2010206002;Tanah Padang Rumput
2010206003;Tanah Padang Semak Belukar
2010206999;Tanah Padang Lainnya
2010207001;Tanah usaha
2010207999;Tanah pertanian lainnya
2010299999;Tanah Non Persil Lainnya
2010301001;Tanah Lapangan Tenis
2010301002;Tanah Lapangan Basket
2010301003;Tanah Lapangan Badminton/Bulutangkis
2010301004;Tanah Lapangan Golf
2010301005;Tanah Lapangan Sepak Bola
2010301006;Tanah Lapangan Bola Volly
2010301007;Tanah Lapangan Sepak Takraw
2010301008;Tanah Lapangan Hockey
2010301009;Tanah Lapangan Pacuan Kuda
2010301010;Tanah Lapangan Balap Sepeda
2010301011;Tanah Lapangan Atletik
2010301012;Tanah Lapangan Softball
2010301013;Tanah Lapangan Tembak
2010301014;Tanah Lapangan Halang Rintang
2010301015;Tanah Lapangan Tembak Senjata Berat
2010301016;Tanah Lapangan Tembak Darat ke Udara
2010301999;Tanah Lapangan Lainnya
2010302001;Tanah Lapangan Parkir Konstruksi Beton
2010302002;Tanah Lapangan Parkir Konstruksi Aspal
2010302003;Tanah Lapangan Parkir Sirtu (Pasir Batu)
2010302004;Tanah Lapangan Parkir Konblok
2010302005;Tanah Lapangan Parkir Tanah Keras
2010302006;Tanah Lapangan Apel/Upacara
2010302999;Tanah Lapangan Parkir Lainnya
2010303001;Tanah Lapangan Penimbunan Barang Belum Diolah
2010303002;Tanah Lapangan Penimbunan Barang Jadi
2010303003;Tanah Lapangan Penimbunan Pembuangan Sampah
2010303004;Tanah Lapangan Penimbunan Bahan Bangunan
2010303005;Tanah Lapangan Penimbunan Barang Bukti
2010303006;Tanah Lapangan Penimbunan Barang Lainnya
2010303007;Tanah Lapangan Penimbunan Barang Konstruksi Beton
2010303008;Tanah Lapangan Penimbunan Barang Konstruksi Aspal
2010303009;Tanah Lapangan Penimbunan Barang Konstruksi Tanah
2010303999;Tanah Lapangan Penimbunan Lainnya
2010304001;Tanah Lapangan Pemancar TV/Radio/Radar
2010304002;Tanah Lapangan Studio Alam
2010304999;Tanah Lapangan Pemancar Lainnya
2010305001;Tanah Lapangan Pengujian Kendaraan Bermotor
2010305002;Tanah Lapangan Pengolahan Bahan Bangunan
2010305999;Tanah Lapangan Pengujian Lainnya
2010306001;Tanah Lapangan Terbang Perintis
2010306002;Tanah Lapangan Terbang Komersial
2010306003;Tanah Lapangan Terbang Khusus/Militer
2010306004;Tanah Lapangan Terbang Olah Raga
2010306005;Tanah Lapangan Terbang Pendidikan
2010306006;Tanah Lapangan Terbang Latihan Penerjunan
2010306007;Tanah Lapangan Tembak Udara (Air Weapon Range/AWR)
2010306999;Tanah Lapangan Terbang Lainnya
2010307001;Tanah Untuk Jalan Nasional
2010307002;Tanah Untuk Jalan Propinsi
2010307003;Tanah Untuk Jalan Kabupaten
2010307004;Tanah Untuk Jalan Kotamadya
2010307005;Tanah Untuk Jalan Desa
2010307006;Tanah Untuk Jalan Tol
2010307007;Tanah Untuk Jalan Kereta Api/Lori
2010307008;Tanah Untuk Jalan Landasan Pacu Pesawat Terbang
2010307009;Tanah Untuk Jalan Khusus/Komplek
2010307999;Tanah Untuk Jalan Lainnya
2010308001;Tanah Untuk Bangunan Air Irigasi
2010308002;Tanah Untuk Bangunan Pengairan Pasang Surut
2010308003;Tanah Untuk Bangunan Pengembangan Rawa Dan Polder
2010308004;Tanah Untuk Bangunan Pengaman Sungai Dan Penanggulangan Bencana A
2010308005;Tanah Untuk Bangunan Pengembangan Sumber Air Dan Air Tanah
2010308006;Tanah Untuk Bangunan Air Bersih/Air Baku
2010308007;Tanah Untuk Bangunan Air Kotor
2010308008;Tanah Untuk Bangunan Hatchery
2010308999;Tanah Untuk Bangunan Air Lainnya
2010309001;Tanah Untuk Bangunan Instalasi Air Bersih/Air Baku
2010309002;Tanah Untuk Bangunan Instalasi Air Kotor/Air Limbah
2010309003;Tanah Untuk Bangunan Instalasi Pengolahan Sampah
2010309004;Tanah Untuk Bangunan Instalasi Pengolahan Bahan Bangunan
2010309005;Tanah Untuk Bangunan Instalasi Listrik
2010309006;Tanah Untuk Bangunan Instalasi Gardu Listrik
2010309007;Tanah Untuk Bangunan Instalasi Pengolahan Limbah
2010309008;Tanah Untuk Bangunan Instalasi Pertahanan
2010309999;Tanah Untuk Bangunan Instalasi Lainnya
2010310001;Tanah Untuk Bangunan Jaringan Air Bersih/Air Baku
2010310002;Tanah Untuk Bangunan Jaringan Komunikasi
2010310003;Tanah Untuk Bangunan Jaringan Listrik
2010310004;Tanah Untuk Bangunan Jaringan Gas/BBM
2010310999;Tanah Untuk Bangunan Jaringan Lainnya
2010311001;Tanah Untuk Monumen
2010311002;Tanah Untuk Tugu Peringatan
2010311003;Tanah Untuk Tugu Batas Wilayah
2010311004;Tanah Untuk Candi
2010311005;Tanah Untuk Bangunan Museum
2010311006;Tanah Untuk Bangunan Rumah Adat
2010311999;Tanah Untuk Bangunan Bersejarah Lainnya
2010312001;Tanah Untuk Makam Pahlawan
2010312002;Tanah Untuk Makam Muslim
2010312003;Tanah Untuk Makam Kristen
2010312004;Tanah Untuk Makam Hindu/Budha/China
2010312005;Tanah Untuk Makam Umum
2010312006;Tanah Untuk Makam Bersejarah
2010312999;Tanah Untuk Makam Lainnya
2010313001;Tanah Lapangan Taman Peralatan Perambuan Pantai
2010313002;Tanah Lapangan Taman Peralatan Meteo dan Geofisika
2010313999;Tanah Untuk Taman Lainnya
2010314001;Tanah Untuk Latihan Tempur
2010314999;Tanah Untuk Latihan Lainnya
2010315001;Tanah Untuk Pertahanan Pantai
2010315002;Tanah Untuk Benteng Pertahanan
2010315003;Tanah Daerah Pertahanan Pos PAMTAS
2010315999;Tanah Daerah Pertahanan Lainnya
2010316001;Tanah Lapangan Untuk Parade / Devile
2010316999;Tanah Lapangan PBB Lainnya
2010317001;Tanah Jalan Konsesi Jasa
2010399999;Lapangan Lainnya
2010401001;TANAH ASET DALAM PENGUASAAN
2010501001;Tanah Kantor (Hak Pakai Jangka Panjang)
2010502001;Tanah Wisma (Hak Pakai Jangka Panjang)
3010101001;Crawler Tractor + Attachment
3010101002;Wheel Tractor + Attachment
3010101003;Swamp Tractor + Attachment
3010101004;Prime Mower
3010101005;Aircraft Towing Tractor
3010101006;Towing Bar
3010101007;Bulldozer
3010101008;Wheel Dozer
3010101999;Tractor Lainnya
3010102001;Grader + Attachment
3010102002;Grader Towed Type
3010102999;Grader Lainnya
3010103001;Crawler Excavator + Attachment
3010103002;Wheel Excavator + Attachment
3010103999;Excavator Lainnya
3010104001;Diesel Pile Driver
3010104002;Pneumatic Pile Driver
3010104003;Vibration Pile Driver
3010104999;Pile Driver Lainnya
3010105001;Self Propelled Scraper
3010105002;Towed Scraper
3010105003;Dump Truck
3010105004;Dump Wagon
3010105005;Lori
3010105999;Hauler Lainnya
3010106001;Asphalt Mixing Plant
3010106002;Asphalt Finisher
3010106003;Asphalt Distributor
3010106004;Asphalt Heater
3010106005;Asphalt Tanker
3010106006;Asphalt Sprayer
3010106007;Asbuton Dryer
3010106008;Asphalt Recycle
3010106009;Cold Milling Machine
3010106010;Asphalt Mixer
3010106011;Bitumen / Asphalt Test
3010106999;Asphalt Equipment Lainnya
3010107001;Macadam Roller/Three Wheel Roller
3010107002;Tandem Roller
3010107003;Mesh Roller
3010107004;Vibration Roller
3010107005;Tyre Roller
3010107006;Soil Stabilizer
3010107007;Sheepfoot/Tamping Roller
3010107008;Stamper
3010107009;Vibration Plate
3010107010;Pemadat Sampah
3010107011;Truck & Bush Tyre
3010107012;Scissor Lif Hi Com
3010107999;Compacting Equipment Lainnya
3010108001;Stone Crushing Plant
3010108002;Screening Classifer
3010108003;Stone Chuser
3010108004;Aggregate Washer
3010108005;Batching Plant
3010108006;Concrete Finisher
3010108007;Concrete Pump
3010108008;Concrete Lift
3010108009;Concrete Prestres
3010108010;Concrete Cutter
3010108011;Concrete Mixer
3010108012;Concrete Vibrator
3010108013;Concrete Breaker
3010108014;Aggregate/Chip Spreader
3010108015;Grauting Machine
3010108016;Concrete Mould
3010108017;Pipe Plant Equipment
3010108018;Concrete Mixer Tandem
3010108019;Onion Head Machine
3010108020;Pan Mixer
3010108021;Asbuton Mixer
3010108022;Paddle Mixer
3010108023;Asphalt Buton Crusher
3010108024;Rock Drill
3010108999;Aggregate & Concrete Equipment Lainnya
3010109001;Track Loader + Attachment
3010109002;Wheel Loader + Attachment
3010109003;Main Deck Loader
3010109004;Conveyor Belt Truck
3010109005;High Lift Loader
3010109006;Backhoe Loader
3010109999;Loader Lainnya
3010110001;Tower Crane
3010110002;Truck Mounted Crane
3010110003;Truck Crane
3010110004;Wheel Crane
3010110005;Forklift
3010110006;Fortal Crane
3010110007;Crawler Crane
3010110008;Container Crane
3010110009;Transtainer
3010110010;Travelt Container Stacker
3010110011;Top Loader
3010110012;Rail Lifter
3010110013;Track Motor Car
3010110014;Salvage Pesawat Udara
3010110015;Hand Palet Truck
3010110016;Crane Shovel 20 T
3010110017;Shop Wood Working Crane Shovel 20 T
3010110018;Alat berat katrol
3010110019;Engine crane
3010110999;Alat Pengangkat Lainnya
3010111001;Mesin Pembuat Pellet
3010111002;Mesin Pembuat Es
3010111003;Mesin Penghancur Es
3010111004;Water Treatment (Mesin Proses)
3010111005;Sea Water Treatment
3010111006;Mesin Pengolah Dodol
3010111999;Mesin Proses Lainnya
3010199999;Alat Besar Darat Lainnya
3010201001;Suction Dredger
3010201002;Bucket Dredger
3010201003;Cutter Suction Dredger
3010201999;Dredger Lainnya
3010202001;Floating Excavator + Attachment
3010202002;Floating Crane
3010202003;Floating Pump
3010202999;Floating Excavator Lainnya
3010203001;Plain Suction
3010203002;Cutter (Amphibi Dredger)
3010203003;Clamshell / Dragline
3010203999;Amphibi Dredger Lainnya
3010204001;Kapal Tarik
3010204999;Kapal Tarik Lainnya
3010205001;Water Treatment (Mesin Proses Apung)
3010205999;Mesin Proses Apung Lainnya
3010299999;Alat Besar Apung Lainnya
3010301001;Alat Penarik Kapal
3010301002;Alat Penarik Jaring
3010301999;Alat Penarik Lainnya
3010302001;Elevator /Lift
3010302002;Belt Conveyor (Feeder)
3010302003;Screw Conveyor (Feeder)
3010302004;Escalator
3010302005;Gandola
3010302006;Elevator (Feeder)
3010302007;Gangway
3010302999;Feeder Lainnya (Alat Besar)
3010303001;Transportable Compressor
3010303002;Portable Compressor
3010303003;Stationary Compressor
3010303004;Air Compresor
3010303005;Compressor Pneumatic Tool 25 GMP
3010303999;Compressor Lainnya
3010304001;Transportable Generating Set
3010304002;Portable Generating Set
3010304003;Stationary Generating Set
3010304004;Dynamo Electric
3010304999;Electric Generating Set Lainnya
3010305001;Transportable Water Pump
3010305002;Portable Water Pump
3010305003;Stationary Water Pump
3010305004;Pompa Lumpur
3010305005;Submersible Pump
3010305006;Pompa Tangan
3010305007;Pompa Angin
3010305008;Pompa Bensin/Minyak Stationery
3010305009;Pompa Bensin/Minyak Transportable
3010305010;Pompa Air
3010305011;Water Distributor
3010305012;Water Purification
3010305013;Chilled Water Pump
3010305014;Condensor Water Pump
3010305999;Pompa Lainnya
3010306001;Mesin Bor Batu
3010306002;Mesin Bor Tanah
3010306003;Mesin Bor Beton
3010306999;Mesin Bor Lainnya
3010307001;Mobil Workshop
3010307002;Service Car
3010307003;Floating Workshop
3010307004;Road Maintenance Truck
3010307005;Sweeper Truck
3010307006;Wreck Car
3010307007;Leak Detector (Unit Pemeliharaan Lapangan)
3010307008;Pipe Locator
3010307009;Metal Locator
3010307010;Mesin Diesel
3010307011;Ketle Heating
3010307012;Sweeper Penghisap Oli
3010307013;Fuel Tank
3010307014;Grass Colector
3010307015;Mesin Pemotong Aspal (Draging)
3010307016;Sweeper Rotary
3010307017;Earth Vager Truck
3010307018;Scrapper
3010307019;Roster
3010307020;Shop Truck Equipment
3010307021;Diesel Hammer
3010307022;Live Locator
3010307999;Unit Pemeliharaan Lapangan Lainnya
3010308001;Unit Pengolahan Air Kotor
3010308999;Alat Pengolahan Air Kotor lainnya
3010309001;Unit Pembangkit Uap Air Panas
3010309999;Pembangkit Uap Air Panas/Steam Generator Lainnya
3010310001;Ground Power Unit
3010310002;Rotarry Movers Soneca K.38
3010310003;Air Start Unit/Air Pressure Unit
3010310004;Heavy Duty Electric Drill Capacity
3010310005;A/C Towing Car
3010310006;Runway Sweeper
3010310007;Hanggar Sweeper
3010310008;Bomb Lift Truck
3010310009;Engine Washer Water Spray
3010310010;Hydraulic Test Stand
3010310011;Rectifier (Air Port Maintenance Equipment/alat Bantu Penerbangan)
3010310012;Flood Light
3010310013;Early Warning.>300Nm
3010310014;Surveilance/Iff 250-300 Nm
3010310015;Ground Control INT
3010310016;Jack
3010310017;Cradle
3010310018;Dolly
3010310019;Stand
3010310020;Towing Bar Univeral
3010310021;Nitrogen Servicing
3010310022;Botol Angine
3010310023;Leak Bak
3010310024;Wheel Chock (Air Port Maintenance Equipment/alat Bantu Penerbanga
3010310025;Engine Screen
3010310999;Alat Bantu Penerbangan Lainnya
3010311001;Mesin Tatoo Hewan
3010311999;Mesin Tatoo Lainnya
3010312001;Backpack Pump (Pompa Punggung Besar)
3010312002;Floating Fire Pump (Pompa Punggung Kecil)
3010312003;Pompa Portable
3010312004;Jet Shooter
3010312005;Golok Pemadam
3010312006;Blade Shovel (Sekop Pemadam)
3010312007;Sumbut
3010312008;Veld Bed (Peralatan Kebakaran Hutan)
3010312009;Ransel Pemadam
3010312010;Full Body Harness
3010312011;Sit Harness
3010312012;Figure
3010312013;Ascender
3010312014;Scroll Lock
3010312015;Perlengkapan Rescue
3010312016;Automatic Snap Hook
3010312017;Tangga Tali
3010312018;Nozel Tabir Alumunium
3010312019;Nozel Kuningan Pernekel
3010312020;Selang Air
3010312021;Breathing Aparatus (Tabung 10 kg)
3010312022;Gepyok Pemadam
3010312023;Fire Rake (Garu Tajam)
3010312024;Pulaski Axe (Kapak Dua Fungsi)
3010312025;Fire Tool (Garu Pacul/ Cangkul)
3010312026;Sabit Semak
3010312027;Flapper (Pemukul Api)
3010312028;Drip Torch (Obor Sulut Tetes)
3010312029;Files (Kikir Baja)
3010312030;Kaca Mata (Lensa Tahan Panas)
3010312031;Kopel Rem
3010312032;Felpes
3010312033;Kantong Air
3010312034;Batang Pompa
3010312999;Peralatan Kebakaran Hutan Lainnya
3010313001;Tanks (Tabung Selam)
3010313002;Sepatu Karang
3010313003;Knives (Pisau Selam)
3010313004;Dive Lights (Senter Selam)
3010313005;Regulator Instruments
3010313006;Bouyancy Compensator Device (BCD)
3010313007;Belt (Sabuk Pemberat)
3010313008;Weight (Pemberat)
3010313009;Diving Gloves (Sarung Tangan Selam)
3010313010;Kompresor Selam
3010313011;Pelampung Life Jacket
3010313012;Tas Selam
3010313013;Baju Selam
3010313999;Peralatan Selam Lainnya
3010314001;Tali Kamantel Static
3010314002;Tali Kamantel Dinamic
3010314003;Raincoat (Ponco)
3010314004;Seat Harness
3010314005;Prusik
3010314006;Jummar
3010314007;Pulley
3010314008;Descender Figure og Eight
3010314009;Carabiner Non Screw
3010314010;Webbing
3010314011;Tandu Lipat
3010314012;Belay Verso
3010314013;Twin Pully
3010314014;Paku Tebing
3010314015;Jaring Pendarat
3010314999;Peralatan SAR Mountenering Lainnya
3010315001;Voice Recorder Watch (DAS W 007)
3010315002;Spy Hidden Camera
3010315003;Spy Camera Type Springkle
3010315004;Detector Camera Scanner
3010315005;Wall Microphone Voice Recorder
3010315006;Mini Digital Video Recorder
3010315007;Carrier Current Audio Transmiter
3010315008;Flexible Video Camera
3010315009;Camera Video Intelejen
3010315010;Omni Spectral Correlator
3010315011;Cellullar Selective Blocker
3010315012;Jaket Intelejen
3010315013;Kaca Mata Intelejen
3010315014;Ikat Pinggang Intelejen
3010315015;Body Camera
3010315999;Peralatan Intelejen Lainnya
3010316001;Generating Set Konsesi Jasa
3010399999;Alat Bantu Lainnya
3020101001;Sedan
3020101002;Jeep
3020101003;Station Wagon
3020101004;Sedan Listrik
3020101005;SUV Listrik
3020101006;MPV Listrik
3020101007;Bus - Listrik (Penumpang 30 Orang Keatas)
3020101008;Micro Bus - Listrik (Penumpang 15 s.d. 29 Orang)
3020101009;Mini Bus - Listrik (Penumpang 14 Orang Kebawah)
3020101999;Kendaraan Dinas Bermotor Perorangan Lainnya
3020102001;Bus ( Penumpang 30 Orang Keatas )
3020102002;Micro Bus ( Penumpang 15 S/D 29 Orang )
3020102003;Mini Bus ( Penumpang 14 Orang Kebawah )
3020102004;Kendaraan Lapis Baja
3020102005;Bus - Listrik (Penumpang 30 Orang Keatas)
3020102006;Micro Bus - Listrik (Penumpang 15 s.d. 29 Orang)
3020102007;Mini Bus - Listrik (Penumpang 14 Orang Kebawah)
3020102999;Kendaraan Bermotor Penumpang Lainnya
3020103001;Truck + Attachment
3020103002;Pick Up
3020103003;Yeengler/Trailer
3020103004;Semi Trailer
3020103005;Truck Ponton dengan Trailler
3020103006;Dalhura
3020103007;Trailler Hydrolic Jack/Trado Trailler
3020103008;Kendaraan Bermotor Roda Tiga Pengangkut Barang
3020103999;Kendaraan Bermotor Angkutan Barang Lainnya
3020104001;Sepeda Motor
3020104002;Scooter
3020104003;Sepeda Motor Perpustakaan Keliling
3020104004;Sepeda Motor Patroli
3020104005;Sepeda Motor Pengawalan
3020104006;Sepeda Motor Listrik
3020104007;Sepeda Listrik
3020104008;Scooter Listrik
3020104999;Kendaraan Bermotor Beroda Dua Lainnya
3020105001;Mobil Ambulance
3020105002;Mobil Jenazah
3020105003;Mobil Unit Penerangan Darat
3020105004;Mobil Pemadam Kebakaran
3020105005;Mobil Tinja
3020105006;Mobil Tangki Air
3020105007;Mobil Unit Monitoring Frekwensi
3020105008;Mobil Unit Perpustakaan Keliling
3020105009;Mobil Unit Visual Mini (MUVIANI)
3020105010;Mobil Unit Satelite Link Van
3020105011;Mobil Unit Panggung
3020105012;Mobil Unit Pameran
3020105013;Out Side Broad Cast Van Radio
3020105014;Out Side Broad Cast Van Televisi
3020105015;Mobil Unit Produksi Film
3020105016;Mobil Unit Produksi Televisi
3020105017;Mobil Unit Produksi Cinerama
3020105018;Mobil Unit Kesehatan Masyarakat
3020105019;Mobil Unit Kesehatan Hewan
3020105020;Mobil Unit Tahanan
3020105021;Mobil Unit Pengangkut Uang
3020105022;Truck Sampah
3020105023;Mobil Tangki Bahan Bakar
3020105024;Mobil Unit Rontgen
3020105025;Mobil Unit Rehabilitasi Sosial Keliling
3020105026;Bomp Trailer
3020105027;Kendaraan Klinik
3020105028;Mobil Unit Pengangkut Limbah Radio Aktif
3020105029;Mobil Tranfusi Darah
3020105030;Kendaraan Tim Pemeliharaan
3020105031;Mobil Penarik (UNIMOG)
3020105032;Kendaraan Satmobek/Satmobeng/Satmomas
3020105033;Mobil Work Shop/Services
3020105034;Kendaraan Derek
3020105035;Mobil Unit Khusus Aljihandak
3020105036;Aircraft Air Conditioning
3020105037;Kendaraan Girafle Radar
3020105038;Mobil Pers Van
3020105039;Kendaraan Unit Bedah
3020105040;Mobile Floodlight
3020105041;Kendaraan Pengangkut Tank
3020105042;Crash Car
3020105043;Kendaraan Water Canon
3020105044;Foam Vehicle
3020105045;Kendaraan Toilet
3020105046;Rapid Invention Vehicle
3020105047;Kendaraan Gas Airmata
3020105048;Kendaraan Taktis
3020105049;Kendaraan VIP (Anti Peluru)
3020105050;Kendaraan Tangga Pesawat
3020105051;Kendaraan Meteo
3020105052;Kendaraan Sweeper
3020105053;Kendaraan Kamar Sandi
3020105054;Kendaraan Jamming Frekuensi
3020105055;Kendaraan Monitoring Sinyal
3020105056;Mobil Dapur Lapangan
3020105057;Mobil Penarik Barrier
3020105058;Mobil Operasional PJR
3020105059;Automatic Unguided Vehicle (AuGV)
3020105060;Rescue Car
3020105061;Rapid Deployment Land SAR
3020105062;Rescue Truck
3020105063;Monilog (Mobil Logistik/ Personil)
3020105064;Mobil Latih
3020105065;Ran Switch Wagon
3020105066;Ran Cacdri Wagon
3020105067;Ran Traktor
3020105068;Ran Tangki
3020105069;Ran Zat Asam
3020105070;Ran Penyapu Landasan
3020105071;Ran Pandu Pesawat
3020105072;Ran Penarik Pesawat
3020105073;Ran Penyapu Hanggar
3020105074;Ran Drug Chute
3020105075;Ran Pembangkit Tenaga
3020105076;Ran Crime Squid
3020105077;Ran Weapon Carrier
3020105078;Ran Laboratorium / Uji Coba
3020105079;Ran Kantin
3020105080;Ran Patroli
3020105081;Ran Jeep Kommab
3020105082;Ran Recovery
3020105083;Ran Pengisi BB Pesawat
3020105084;Ran Wrecker
3020105085;Ran Forklip
3020105086;Mobil Patroli
3020105087;Kendaraan APC
3020105088;Kendaraan Dare V
3020105089;Kendaraan/Mobil Pengawalan
3020105090;Mobil Irup
3020105091;Mobil Komlek Polri
3020105092;Mobil Unit TKP
3020105093;Mobil Unit Laka Lantas
3020105094;Mobil Unit Identifikasi
3020105095;Mobil Unit Labfor
3020105096;Mobil Unit Penerangan Polri
3020105097;Mobil Unit Derek
3020105098;Mobil Unit Satwa
3020105099;Rantis PHH
3020105100;Kendaraan Pos Polisi Mobile
3020105101;Mobil Unit Alsus Jihandak
3020105102;Mobil Golfcar
3020105103;Rantis Rescue Samapta
3020105104;Ransus Satwa Anjing Type Kecil
3020105105;Ransus Satwa Anjing Type Sedang
3020105106;Ransus Satwa Anjing Type Besar
3020105107;Ransus Satwa Kuda Type Sedang
3020105108;Ransus Satwa Kuda Type Besar
3020105109;Trailer Kuda
3020105110;Mobil Radar Cuaca (Broadcast)
3020105111;Mobil Cuaca
3020105112;Mobil Survey
3020105113;Kendaraan Unit Penyelidikan dan Penyidikan
3020105114;Kendaraan SIM/STNK Keliling
3020105115;Kendaraan INAFIS
3020105116;Kendaraan Unit Alsus Intelijen
3020105117;Kendaraan Operasional Disaster Victim Identification (DVI)
3020105118;Kendaraan Operasional Dokpol
3020105119;Kendaraan Crisis Response Team (CRT)
3020105120;Truk Angkut Kendaraan Roda Dua
3020105121;Kendaraan Technical Operational Centre (TOC)
3020105122;Kendaraan Ambulance Satwa
3020105123;Kendaraan Mini Rescue
3020105124;Mobil Unit Manajemen OPSREK
3020105125;Mobil Supervisi Lapangan
3020105126;Rescue Truck Compartment
3020105127;Truck Personil
3020105128;Rescue Car Type I
3020105129;Rescue Car Type II
3020105130;Rescue carrier Vehicle
3020105131;All terain Vehicle
3020105132;Sepeda Motor Trail
3020105133;Mobil Listrik
3020105134;Mobile X-Ray
3020105135;Mobil Ambulance Listrik
3020105136;Mobil Pemindah Narapidana (Penumpang 28-29 Orang)
3020105999;Kendaraan Bermotor Khusus Lainnya
3020106001;Kendaraan Tempur Roda Ban
3020106002;Kendaraan Tempur Roda Rantai
3020106003;Saladin
3020106004;Saracen
3020106005;Ferret
3020106006;V-150
3020106007;BTR
3020106008;CO. Ranger
3020106009;CO. Scout
3020106010;BRDM
3020106011;A. Yani
3020106012;Panhard
3020106013;VAB-NG
3020106014;APR1 -V1
3020106015;APS1 -V1
3020106016;BVP
3020106017;VPV / Recovery
3020106018;Tank AMX 13 APC
3020106019;Scorpion
3020106020;Stormer (Kel Scorpion
3020106021;PT-76
3020106022;KAFA - 61
3020106023;BMP - 2
3020106024;Miclic / Giant Viper
3020106025;APS-2
3020106026;Komodo
3020106027;Norinco
3020106028;Tarantula
3020106029;Stuart
3020106030;Leopard
3020106031;Marder
3020106032;M 113 A1
3020106999;Kendaraan Tempur Lainnya
3020107001;Lokomotif Diesel Hidraulic
3020107002;Lokomotif Diesel Listrik
3020107003;Lokomotif Uap
3020107004;Kereta Rel Listrik
3020107005;Kereta Rel Diesel
3020107006;Trolly Car/Lori
3020107999;Alat Angkutan Kereta Rel Lainnya
3020199999;Alat Angkutan Darat Bermotor Lainnya
3020201001;Gerobak Tarik
3020201002;Gerobak Dorong
3020201003;Caravan
3020201004;Lori Dorong
3020201005;Trailer
3020201006;Container Dolly
3020201007;Pallet Dolly
3020201008;Baggage And Mail Cart
3020201009;Baggage Trolly
3020201010;Meja Dorong Saji/Trolley Saji
3020201011;Roda Dua Berinsulasi
3020201012;Roda Tiga/ Gerobak Kayuh Berinsulasi
3020201999;Kendaraan Tak Bermotor Angkutan Barang Lainnya
3020202001;Sepeda
3020202002;Kuda (Kendaraan Tak Bermotor Penumpang)
3020202003;Kursi Roda
3020202004;Becak
3020202999;Kendaraan Tak Bermotor Penumpang Lainnya
3020203001;Kereta Penumpang
3020203002;Kereta Makan
3020203003;Power Car
3020203004;Gerbong Barang Tertutup
3020203005;Gerbong Barang Terbuka
3020203999;Alat Angkutan Kereta Rel Tak Bermotor Lainnya
3020299999;Alat Angkutan Darat Tak Bermotor Lainnya
3020301001;Kapal Minyak (Tanker)
3020301002;Tongkang Bermotor
3020301003;Tug Boat + Attachment
3020301004;Landing Ship Transportation( L.S.T )
3020301005;Kapal Cargo (Kapal Barang)
3020301006;Truck Air
3020301999;Alat Angkutan Apung Bermotor Untuk Barang Lainnya
3020302001;Speed Boat / Motor Tempel
3020302002;Motor Boat
3020302003;Klotok
3020302004;Ferry
3020302005;Hidrofoil
3020302006;Jetfoil
3020302007;Long Boat
3020302008;Kapal Passanger (Kapal Penumpang)
3020302009;Perahu Kayu
3020302010;Speedboat Kepabeanan dan Cukai 
3020302999;Alat Angkutan Apung Bermotor Untuk Penumpang Lainnya
3020303001;Survey Boat
3020303002;Kapal Anti Polusi
3020303003;Kapal Perambuan
3020303004;Out Boat Motor
3020303005;Kapal Hydrografi
3020303006;Kapal Unit Penerangan Air
3020303007;Kapal Visual Mini
3020303008;Kapal Penangkap Ikan
3020303009;Kapal Pengangkut Hewan
3020303010;Kapal Patroli Pantai
3020303011;Kapal Motor Perpustakaan Keliling
3020303012;Floating Work Shop/Dock
3020303013;Moring Boat/Kepil
3020303014;Suction Dredger/Keruk Hisap
3020303015;Qutter Dredger/Keruk Bor
3020303016;Bucket Dredger/Keruk Timba
3020303017;Clampshel Dredger/Keruk Cakram
3020303018;Alat Angkutan Apung Untuk Mancing
3020303019;Floating Pile + Attachment (Alat Angkutan Apung Bermotor Khusus)
3020303020;Sekoci Motor Tempel
3020303021;Perahu Motor Tempel
3020303022;Kapal Oseanografi
3020303023;Perahu Tradisional
3020303024;Sea Rider
3020303025;Hover Craft
3020303026;Kapal Pengangkut Ikan
3020303027;Kapal Pengolah Ikan
3020303028;Kapal Penelitian/ Eksplorasi Perikanan
3020303029;Kapal Pendukung Operasi Penangkapan Ikan
3020303030;Kapal Pendukung Operasi Pembudidayaan Ikan
3020303031;Kapal Pengawas Perikanan
3020303032;Perahu Intai 3 orang
3020303033;Perahu Serbu 15 orang
3020303034;Kapal Patroli Polisi
3020303035;Jet Sky
3020303036;Kapal SAR Kelas I
3020303037;Kapal SAR Kelas II
3020303038;Kapal SAR Kelas III
3020303039;Kapal SAR Kelas IV
3020303040;Rigid Inflatable Boat (RIB) Kelas I
3020303041;Rigid Inflatable Boat (RIB) Kelas II
3020303042;Rescue Fast Water
3020303043;Kapal Patroli Kepabeanan dan Cukai
3020303999;Alat Angkutan Apung Bermotor Khusus Lainnya
3020304001;Kapal Perusak Kawat (PK/PKR)
3020304002;Kapal Penyapu Ranjau
3020304003;Kapal Cepat Rudal
3020304004;Kapal Cepat Torpedo
3020304005;Kapal Selam Samudra
3020304006;Landing Ship Tank (LST)
3020304007;Markas Apung
3020304008;Kapal Bantu Cair Minyak (BCM)
3020304009;Kapal Bantu Angkut Personel (BAP)
3020304010;Kapal Angkut Sebaguna
3020304011;Kapal Bantu Umum
3020304012;Kapal Patroli Cepat
3020304013;Kal 22 s.d. 25 ton, 16 s.d. 30 ton, 31 s.d. 100 ton
3020304014;Kapal Latih
3020304015;Bengkel Apung (BA)
3020304016;Bantu Hidro Oceanologi (BHO)
3020304017;Kapal Tundra Samudra
3020304018;Kapal Pendarat
3020304019;KTBA (Kendaraan Tempur Bawah Air)
3020304999;Floating Pile + Attachment (Alat Angkutan Apung Bermotor Militer)
3020399999;Alat Angkutan Apung Bermotor Lainnya
3020401001;Tongkang
3020401002;Perahu Barang
3020401999;Alat Angkutan Apung Tak Bermotor Untuk Barang Lainnya
3020402001;Perahu Penumpang
3020402002;Perahu Penyeberangan
3020402999;Alat Angkutan Apung Tak Bermotor Untuk Penumpang Lainnya
3020403001;Ponton
3020403002;Perahu Karet (Alat Angkutan Apung Tak Bermotor Khusus)
3020403003;Ponton Rumah
3020403004;Floating Platform/Rakit
3020403005;Jembatan Bailley
3020403006;Jembatan Acrow Panel
3020403007;Jembatan Mabey Compact
3020403008;Jembatan MGB
3020403009;Armor Vehicle Launcher Bridge/Avlb
3020403999;Alat Angkutan Apung Tak Bermotor Khusus Lainnya
3020499999;Alat Angkutan Apung Tak Bermotor Lainnya
3020501001;Kapal Terbang Sayap Tetap Mesin Turbin ( Full Jet )
3020501002;Kapal Terbang Sayap Tetap Mesin Turbo Prop
3020501003;Kapal Terbang Sayap Tetap Mesin Torak
3020501004;Kapal Terbang Sayap Putar Mesin Turbin
3020501005;Kapal Terbang Sayap Putar Mesin Turbo
3020501006;Kapal Terbang SayapPutar Mesin Torak
3020501007;Kapal Terbang Angkut Taktis
3020501008;Kapal Terbang Baling-baling
3020501009;Intai Maritim
3020501010;Amphibi
3020501011;Kapal Terbang Latih
3020501012;Helycopter
3020501013;Pesawat Ringan (Track Flight)
3020501014;Pesawat Tempur
3020501015;Pesawat Angkut
3020501016;Pesawat tak berawak
3020501017;Pesawat angkut
3020501018;Pesawat amphibi
3020501019;Pesawat latih
3020501020;Pesawat olah raga
3020501021;Pesawat tempur
3020501022;Helycopter tanpa awak
3020501023;Pesawat intai
3020501999;Kapal Terbang Lainnya
3020599999;Alat Angkutan Bermotor Udara Lainnya
3030101001;Mesin Bubut
3030101002;Mesin Frais
3030101003;Mesin Ketam (Perkakas Konstruksi Logam Terpasang Pada Pondasi)
3030101004;Mesin Press Hidrolik & Punch
3030101005;Mesin Bor
3030101006;Mesin Gergaji Logam
3030101007;Mesin Gerinda
3030101008;Mesin Rol
3030101009;Mesin Bor Cylinder
3030101010;Mesin Skrup
3030101011;Mesin Meiling
3030101012;Mesin Purel
3030101013;Mesin Perapen
3030101014;Mesin Sikat Kulit
3030101015;Mesin Pemotong Kulit
3030101016;Mesin Jahit Kulit
3030101017;Mesin Pengepres Kulit
3030101018;Mesin Kompresor
3030101019;Mesin Las Listrik
3030101020;Mesin Dynamo Kron
3030101021;Mesin Sikat Besi Kron
3030101022;Mesin Pemotong Fiberglas/Poliyster
3030101023;Mesin Gulung Listrik
3030101024;Mesin Pelubang (Perkakas Konstruksi Logam Terpasang Pada Pondasi)
3030101025;Mesin Penekuk/Lipat Plat
3030101026;Mesin Gunting Plat
3030101027;Mesin Pembengkok Uni
3030101028;Mesin Amplas Plat
3030101029;Mesin Pemotong Plat
3030101030;Mesin Transmission Automotive
3030101031;Mesin Pembengkok Logam
3030101032;Mesin Crystal Growing
3030101033;Mesin Laser Cutting
3030101034;Mesin Laser Welding
3030101035;Mesin Lipat Plat
3030101036;Mesin Briket
3030101037;Univ. Grinder Seting Valve
3030101038;Univ. Grinder Valve Repair
3030101039;Mesin Serut
3030101040;Mesin Profile Kayu
3030101041;Mesin Keling
3030101999;Perkakas Konstruksi Logam Terpasang Pada Pondasi Lainnya
3030102001;Mesin Gerinda Tangan
3030102002;Mesin Bor Tangan
3030102003;Mesin Cylinder
3030102004;Riveting Machine
3030102005;Mesin Gulung Manual
3030102006;Mesin Ampelas Tangan
3030102007;Mesin Ampelas Rol Kecil
3030102008;Mesin Gergaji Besi
3030102999;Perkakas Konstruksi Logam Yang Transportable (Berpindah) Lainnya
3030103001;Battery Charge
3030103002;Winder
3030103003;Transformator
3030103004;Solder Listrik
3030103005;Sedotan Timah Listrik
3030103006;Electrical Discharge
3030103007;Vertical machining Centre
3030103008;Copy Milling
3030103009;Surface Grinding Proth
3030103010;Cydrical Grinder Yam
3030103011;Capacity Die Casting
3030103012;Hmc Cintinati Milacron
3030103013;Engine Cylinder Research Engine
3030103014;Valve Sensor
3030103015;Coordinate Measuring Machines
3030103016;Engine Cooling System
3030103017;Outlet Manifodld Pressure
3030103018;Impulse Orbital Welder
3030103019;AVL DIGAS
3030103020;Electric Wire Rope
3030103021;Steam Pressure Gauge
3030103022;Savetuy Valve
3030103023;Tresher Statis
3030103024;Variac
3030103025;Mixer (Perkakas Bengkel Listrik)
3030103026;Stepping Motor
3030103027;Cylinder Pressure Tranducer
3030103028;Engine Simulation Software Package
3030103029;Axhaust Gas Analizer
3030103030;Circular Saw
3030103031;Tester Listrik/Telepon/Internet
3030103032;Motor Listrik
3030103033;Stasiun Pengisian daya mobil listrik
3030103999;Perkakas Bengkel Listrik Lainnya (Alat Bengkel Bermesin)
3030104001;Auto Lift
3030104002;Car Washer
3030104003;Steam Cleaner
3030104004;Lubriacating Equipment
3030104005;Mesin Spooring
3030104006;Mesin Balancer
3030104007;Brake Drum Lathe/Mesin Perata Tromol
3030104008;Pengasah Lubang Stang Piston
3030104009;Lubricating Set (Perkakas Bengkel Service)
3030104010;Air Filter Regulator
3030104011;Diamond Care Drill Care
3030104012;AC Motor Control
3030104013;Alat Scanner Mobil
3030104999;Perkakas Bengkel Service Lainnya (Alat Bengkel Bermesin)
3030105001;Overhead Crane
3030105002;Hoist
3030105003;Winch/LIR
3030105004;Dongkrak elektrik hidrolik portable
3030105999;Perkakas Pengangkat Bermesin Lainnya
3030106001;Mesin Gergaji
3030106002;Mesin Ketam (Perkakas Bengkel Kayu)
3030106003;Mesin Bor Kayu
3030106004;Mesin Penghalus
3030106005;Tatah Listrik Oscar MK 361
3030106006;Pasah Listrik MKC
3030106007;Profile Listrik MKC
3030106008;Grendo Duduk
3030106009;Gergaji Bengkok ATS
3030106010;Amplas Listrik GMT
3030106011;Gergaji Chain Saw
3030106012;Table Saw 10 Eastco
3030106999;Perkakas Bengkel Kayu Lainnya
3030107001;Mesin Jahit Terpal
3030107002;Perkakas Vulkanisir Ban
3030107003;Perkakas Bongkar/Pasang Ban
3030107004;Mesin Tenun Tekstil
3030107005;Mesin Celup (Perkakas Bengkel Khusus)
3030107006;Pemasang Baru
3030107007;Mesin Tenun Jahit
3030107008;Tempat Alat bengkel mobil
3030107009;Vacumat Plus
3030107010;Multifunction Transfer Apparatus
3030107011;Casting Apparatus
3030107999;Perkakas Bengkel Khusus Lainnya
3030108001;Peralatan Las Listrik
3030108002;Peralatan Las Karbit
3030108003;Peralatan Las Gas
3030108999;Peralatan Las Lainnya
3030199999;Alat Bengkel Bermesin Lainnya
3030201001;Perkakas Dapur Tempa
3030201002;Perkakas Bangku Kerja
3030201003;Perkakas Pengukur
3030201004;Perkakas Pengecoran Logam
3030201005;R O L
3030201006;Perkakas Pemotong Plat
3030201007;Perkakas Press Hidrolik
3030201008;Perkakas Pemotong Kabel Sling
3030201009;Perkakas Pengecatan Kendaraan
3030201999;Perkakas Bengkel Konstruksi Logam Lainnya
3030202001;Armature Drying Oven
3030202002;Mica Undercutter
3030202003;Commutator Turning Tool
3030202004;Armature Crowler
3030202005;Solid State Soldering Gun
3030202999;Perkakas Bengkel Listrik Lainnya (Alat Bengkel Tak Bermesin)
3030203001;Perkakas Bengkel Service
3030203002;Lubricating Set (Perkakas Bengkel Service)
3030203003;Perlengkapan Bengkel Mekanik
3030203004;Jembatan Service Hidrolik
3030203005;Kaki Segitiga Besi
3030203999;Perkakas Bengkel Service Lainnya (Alat Bengkel Tak Bermesin)
3030204001;Dongkrak Mekanik
3030204002;Dongkrak Hidrolik
3030204003;T A K E L
3030204004;G A N T R Y
3030204005;T R I P O D
3030204006;Floor Crane
3030204007;Peralatan Jembatan Bailley Rakit
3030204008;Perkakas Pengangkat Alat Bengkel
3030204009;Dongkrak Transmisi
3030204999;Perkakas Pengangkat Lainnya
3030205001;Tool Kit Set
3030205002;Tool Kit Box
3030205003;Tool Cabinet Set
3030205004;Kunci Pipa
3030205005;Puller Set
3030205006;Tap Dies
3030205007;Greeper
3030205008;Engine Stand
3030205009;Kunci Moment
3030205010;Pembuat Fisik (DIESS)
3030205011;Tungku Non Ferrous
3030205012;Wheel Chock (Perkakas Standard (standard Tools))
3030205013;Maintenance Step
3030205014;Crimping Tolls
3030205015;Toolkit Tukang Kayu Ton
3030205016;Toolkit Tukang Batu Ton
3030205017;Toolkit Tukang Listrik
3030205018;Toolkit Pemeliharaan
3030205019;Toolkit Perbengkelan
3030205020;Toolkit Perpipaan
3030205021;Tool Outfit Pioner Electric
3030205022;Tool General Mechanic Set
3030205023;Toolkit Tukang Besi
3030205024;Tool Electrical Set
3030205025;Sawmil
3030205026;Unit Pelumas Portable
3030205027;Scafolding Set & Tool
3030205028;Hand Fallet
3030205029;Paron
3030205030;Cylinder Bearing
3030205031;Perlengkapan Bengkel Pengecatan
3030205032;Toolkit Tukang Air
3030205033;Rak tool box portable bersusun
3030205034;Alas Mekanik
3030205999;Perkakas Standard (Standard Tools) Lainnya
3030206001;Kunci Khusus Untuk Engine
3030206002;Kunci Khusus Alat Besar Darat
3030206003;Kunci Khusus Alat Besar Apung
3030206004;Kunci Khusus Casis Alat Angkut Darat
3030206005;Kunci Khusus Casis
3030206006;Kunci Khusus Alat Angkut Apung
3030206007;Kunci Khusus Pembuka Mur/Baut
3030206008;Kunci Khusus Moment
3030206009;Kunci Khusus Alat Besar Udara
3030206010;Kunci Khusus Casis Alat Besar Udara
3030206011;Digital Tang Ampere
3030206012;Digital Tachometer
3030206013;Foot Klep
3030206014;Cincin/Kopling Slang Hydrant
3030206015;Kunci L
3030206016;TBA
3030206999;Perkakas Khusus (Special Tools) Lainnya
3030207001;Gergaji
3030207002;Ketam
3030207003;Bor
3030207004;Pahat
3030207005;Kakak Tua
3030207006;Water Pas
3030207007;Siku
3030207008;Palu
3030207999;Perkakas Bengkel Kerja Lainnya
3030208001;Tanggem
3030208002;Gunting Plat
3030208003;Landasan Kenteng
3030208004;Kunci Kaul
3030208005;Gunting Plat Tangan
3030208006;Tang Kombinasi
3030208007;Tang Potong
3030208008;Betel, Seter, Drip, Dreg, Sneper
3030208009;Pukul Konde
3030208010;Pukul Lengkung
3030208011;Pukul Sabit
3030208012;Kikir
3030208013;Kunci Pas
3030208014;Tang Senai & Tap
3030208015;Drei Biasa (Obeng)
3030208016;Drei Kembang (Obeng)
3030208017;Drei Ketok (Obeng)
3030208018;Seket Mat
3030208019;Jangka Besi
3030208020;Kunci Stang
3030208021;Wire Twister
3030208999;Peralatan Tukang Besi Lainnya
3030209001;Tatah Biasa
3030209002;Tatah Lengkung
3030209003;Kaota
3030209004;Petel
3030209005;Patar
3030209006;Bor Engkol
3030209007;Perlengkapan Bengkel Kayu
3030209999;Peralatan Tukang Kayu Lainnya
3030210001;Pisau Kulit
3030210002;Pandokan Sepatu
3030210003;Lis Sepatu
3030210004;Cokro
3030210005;Plong Kulit
3030210006;Catut
3030210007;Pukul Sepatu
3030210008;Gunting Kulit
3030210009;Gunting Kain
3030210010;Drek Mata Ayam
3030210012;Uncek
3030210999;Peralatan Tukang Kulit Lainnya
3030211001;Dipan Ukur
3030211002;Meteran Kain
3030211003;Rol Meter
3030211004;Jangka Berkaki
3030211005;Patar Gip
3030211006;Pisau Gip
3030211007;Pararel Bar
3030211008;Cermin Besar
3030211009;Tangga Latihan
3030211010;Trap Latihan
3030211011;Busur Ukur Digital
3030211999;Peralatan Ukur, Gip & Feting Lainnya
3030212001;Mesin CNC
3030212002;Dynamo Tungku
3030212003;Mesin Frais
3030212004;Mesin Skraf
3030212005;Mesin Bor Meja / Kaki Listrik
3030212006;Palu Besar
3030212007;Mesin Korter
3030212008;Palu Kecil
3030212009;Mesin Gerinda Duduk (Bench Gerinda)
3030212010;Gegep Pemotong Kuku
3030212011;Gegep Pemotong Paku
3030212012;Pisau Renet
3030212013;Mesin Jahit Terpal
3030212014;Pelobang Tapel
3030212015;Tang Buaya
3030212016;Mesin Battery Set / Pengisi Accu
3030212017;Peralatan Bengkel Lainnya
3030212018;Mesin Blower Listrik / Mekanik
3030212019;Mesin Sikat / Brush Machine
3030212020;Mesin Pembuka Ban
3030212021;Mesin Slep Kruk As
3030212022;Mesin Asah Silider Cop
3030212023;Mesin Gulung Spool
3030212024;Mesin Gulung Plat
3030212025;Mesin Pompa air PMK
3030212026;Mesin Asah Klep
3030212027;Mesin Tusuk / Stik
3030212028;Mesin Bor Listrik Tangan
3030212029;Mesin Nimbling
3030212030;Mesin Gerinda tangan Listrik
3030212031;Mesin Potong plat bentuk / hand nimbler
3030212032;Unit Cat
3030212033;Cut Off Saw
3030212034;Mesin Analisa System
3030212035;Blender Las Potong
3030212036;Mesin Cuci kendaraan/ Car Washer
3030212037;Perkakas AC
3030212999;Peralatan Bengkel Khusus Peladam Lainnya
3030299001;Water Hose Reel
3030299999;Alat Bengkel Tak Bermesin Lainnya
3030301001;Af Generator Tone Generator
3030301002;Audio Signal Source
3030301003;Audio Test Set
3030301004;Audio Morse & Distributor Meter
3030301005;Audio Sweep Osilator
3030301006;VTVM Volt
3030301007;Independence Meter
3030301008;Decible Meter
3030301009;Crt Tester
3030301010;Circuit Tester (Alat Ukur Universal)
3030301011;Electronic Capasitor Tester
3030301012;Illumino Meter
3030301013;IC Tester Semi Test IV
3030301014;IC Meter
3030301015;Mihvolt Meter
3030301016;Multitester & Accessorie
3030301017;Multisester Digital
3030301018;Photo Illumination Meter
3030301019;Transistor Tester Semitest I
3030301020;Transistor Tester Semitest II
3030301021;Transistor Tester Semitest V
3030301022;Transistor Tester AVO
3030301023;Volt Meter Elektronik
3030301024;Volt Meter Digital
3030301025;Volt Meter Higt Tension
3030301026;Widw Band Level Meter
3030301027;Automatic Distrotion Meter
3030301028;Power Meter And Accessories
3030301029;PH Meter (Alat Ukur Universal)
3030301030;Quasi Peak Meter
3030301031;Thruline Watt Meter
3030301032;Digital Multimeter (Alat Ukur Universal)
3030301033;Multi Meter
3030301034;Meter Calibrator
3030301035;Moise Figure Meter
3030301036;Distortion Analyzer
3030301037;Vector Volt Meter (Alat Ukur Universal)
3030301038;Pulse Generator (Alat Ukur Universal)
3030301039;DME Ground Station Test Set (Alat Ukur Universal)
3030301040;UHF Signal Generator
3030301041;Sweep Oscillator (Alat Ukur Universal)
3030301042;VHF Signal Generator
3030301043;Spektrum Analyzer
3030301044;Tube Tester (Alat Ukur Universal)
3030301045;Dosimeter & Accesories
3030301046;Survey Meter (Alat Ukur Universal)
3030301047;Sound Detector
3030301048;Vidicon Quick Tester
3030301049;Pattern For TV Adjustment
3030301050;Power Meter Cillibrator
3030301051;Thermistor
3030301052;Signal Generator Audio VHF, UHF
3030301053;X - Tal Detector
3030301054;CO - Axial Slot Line
3030301055;RF Volt Meter
3030301056;Frekquency Wave Meter
3030301057;Megger
3030301058;CO Axial Attenuator
3030301059;Variabel CO Axial Attenuator
3030301060;Directional Coupler (Alat Ukur Universal)
3030301061;Pin Modulator
3030301062;Logig Trouble Shoting Kit
3030301063;SWR Meter
3030301064;Memori Programmer
3030301065;Logig Statc Analyzer
3030301066;Frequency Cuonter
3030301067;Universal Bridge
3030301068;FB Meter
3030301069;Noise
3030301070;Radiation Monitor Isotropic
3030301071;Phase Meter
3030301072;Global Positioning System
3030301073;ILS. Calibration RX.
3030301074;DCP ( Alat Control ) Sensor
3030301075;Moisteur Meter
3030301076;Rota Meter
3030301077;Mini Phasec View
3030301078;Frequency Inverter
3030301079;Accumeter
3030301080;Temperatur Digital
3030301081;Argometer
3030301082;Dial Test Indicator
3030301083;Speed Meter
3030301084;Oil Bath, Hart Scientific
3030301085;Speed Detector
3030301086;Thermohygrometer (Alat Ukur Universal)
3030301087;Traffic Counter
3030301088;Standar Test Gauge
3030301090;Sigma Meter
3030301091;Ionisasi Meter
3030301092;Rotan Sampler Spliter
3030301093;Henry Meter
3030301094;Mesin Kocok Horisontal
3030301095;Capasitor Meter
3030301096;Microprocessor Conductivity
3030301097;UHF Out Pusttessting Equipment
3030301098;Shrangkage Limit Apparatus
3030301099;R.F. Signal Generator
3030301100;Dewmeter Print
3030301102;Orbital Shaker
3030301103;VHF/UHF Dummy Load
3030301104;Ozonizer
3030301105;Psophometric Weighting Network
3030301106;Personal CDT
3030301107;Portable Test Reck
3030301108;Radio Meter (Alat Ukur Universal)
3030301109;Nmotor Drive Wire Wropper
3030301110;Salinity Temp Depth Analizer
3030301111;Digital Circuit Tester
3030301112;Salinometer
3030301113;Field Strength Meter
3030301114;Acientific Soundeer System
3030301115;Alterneatur
3030301116;Senter Bawah Air
3030301117;Mega Ohm Tester
3030301118;Six Place Hidromanifold
3030301119;Insulation Tester (Alat Ukur Universal)
3030301120;Sonicator Virsoic Call Disluptor
3030301121;Electric Bench
3030301122;Sweep Function Generator
3030301123;Loadmeter
3030301124;System UV Sterelisasi dan Sirkulasi AI
3030301125;Counter Tester
3030301126;System For Chemical Oxygen Demond
3030301127;The Dacor Seasprint Under Water Vehicle
3030301128;Titration Unit
3030301129;Ultrasonic Cleaner (Alat Ukur Universal)
3030301130;Water Analysis Kit
3030301131;Wheel Meter
3030301132;Proyection Polariscope
3030301133;CDMA/GSM Test
3030301134;Antenna Selector
3030301135;Log Periodic Antenna
3030301136;Alat Ukur Sigmat
3030301137;Alat Ukur Air Aki
3030301138;True Root Mean Square (RMS) Multimeter
3030301139;TV Analyzer
3030301140;Grounding Test
3030301141;Distance Meter
3030301142;Alat ukur QoS (Quality of Service)
3030301143;Camera Test Rig
3030301144;Component Checker
3030301145;Settlement Meter
3030301146;Alat Deteksi Kebocoran Pipa Gas
3030301147;Termometer Digital Multichannel
3030301148;Cross Line Laser
3030301999;Alat Ukur Universal Lainnya
3030302001;Test Intelegensia WPPS
3030302002;Test Intelegensia WISC
3030302003;Test Intelegensia WB
3030302004;Test Intelegensia WB Advence
3030302005;Test Intelegensia Progresive Matricaral
3030302006;Test Intelegensia Vineland
3030302007;Test Intelegensia Black Passalon
3030302999;Alat Ukur/Test Intelegensia Lainnya
3030303001;Alat Ukur / Test Alat Kepribadian Dotcita
3030303002;Alat Ukur / Test Alat Kepribadian Zat
3030303003;Alat Ukur / Test Alat Kepribadian Warna
3030303004;Alat Ukur / Test Alat Kepribadian Zondi
3030303005;Alat Ukur / Test Alat Kepribadian Cat
3030303006;Alat Ukur / Test Alat Kepribadian WPPZ
3030303007;Alat Ukur / Test Alat Kepribadian Woinaa
3030303008;Alat Ukur / Test Alat Kepribadian Kudu
3030303009;Vidio Measurement
3030303999;Alat Ukur / Test Alat Kepribadian Lainnya
3030304001;Binder Aestalt
3030304002;General Vocationalanpunde Tester
3030304003;Consoroting Tester
3030304004;Meroding Tester
3030304005;Meroding Brinding Tester
3030304006;Cord Briding Tester
3030304007;Grip Diagnannonnuter
3030304008;Black Anolig Muscle Dinamo Meter Jumping Meter
3030304009;Modulation/Jumping Meter
3030304010;Channel Conventer
3030304011;RF Analyzer
3030304012;Meronding Vacational Lanpunde Tester
3030304013;Kekuatan Otot Pinggang
3030304999;Alat Ukur / Test Klinis Lainnya
3030305001;Calibration Level Generator
3030305002;Color Bar Generator
3030305003;Grid Pattem Generator
3030305004;Grating Generator Unit
3030305005;Insection Signal Generator
3030305006;Insection Test Signal Generator
3030305007;Multiburst Generator Unit
3030305008;Pattem Generator
3030305009;Stair Stope Generator Unit
3030305010;Sign Wave Generator Unit
3030305011;Test Generator
3030305012;Test Line Generator
3030305013;TV Test Signal Generator
3030305014;TV IF Signal Generator
3030305015;PAL Test Generator
3030305016;Monochrome Test Generator
3030305017;Standard Level Generator
3030305018;Interval Test Generator
3030305019;Station Identification Generator
3030305020;Character Generator (Alat Kalibrasi)
3030305021;Video Generator
3030305022;Waveform Generator Special Efect
3030305023;Test Signal Generator
3030305024;Special Effect
3030305025;Dead Weight Tester
3030305026;Fuel Injection Test
3030305027;Mater Calibrator
3030305028;Pulse Generator (Alat Kalibrasi)
3030305029;Autometic Syntheisizer
3030305030;Pattern TV adjusment
3030305031;RC Generator
3030305032;Bantam Air Sampler
3030305033;Combined Vacum Pump
3030305034;Class Meter II
3030305035;Lend Brich (Timah Hitam)
3030305036;Air Partical Tape Sampler
3030305037;Universal Spectometer
3030305038;GM Preamplifier P31
3030305039;Crytal for D 200
3030305040;Window For F 200
3030305041;Seintication Detector
3030305042;Radio Arsipe Sounde Groun
3030305043;Radio Arsipe Sounde Meter
3030305044;Regullating Transformator
3030305045;Radio Active Source
3030305046;Aloka Nuclear Instrument
3030305047;Electron Calculator Hewlet
3030305048;Packard Mini Komplit
3030305049;Mica Window, Griger Tube
3030305050;Time Up
3030305051;Tehnical Drawing Machine
3030305052;Slide Resister
3030305053;Tracerlab
3030305054;Rapid Reading Balance
3030305055;Versamatic II Scaler
3030305056;Alpha Seintilation
3030305057;Field Balance
3030305058;Sorterak
3030305059;Precicheh Grainer Electronic
3030305060;Micromat Grainer Electonic
3030305061;Sun Photo Meter
3030305062;Epidiascome
3030305063;Regullating Transformator Radio Active Sound
3030305064;Radio Active Sound Antenna TD-2
3030305065;Control Verity
3030305066;Mechanic Setter
3030305067;Epanics
3030305068;Electronic Spear
3030305069;Transmitting Vacuum
3030305070;Automatic Emergency Lighting
3030305071;Preccision Laboratory Balance
3030305072;Moisture Determination Balance
3030305073;Loud And Large Converter
3030305074;Prim Apparat
3030305075;Thermostat
3030305076;Thermohygrostat
3030305077;Barostat
3030305078;Alat Tera Radiasi Matahari
3030305079;Alat Tera Kecepatan Angin
3030305080;Amplifier Micro Thermometer
3030305081;Visilight Recorder
3030305082;Vibrometer (Alat Kalibrasi)
3030305083;Refracsion Seismograph
3030305084;Radio Sonde
3030305085;Hand Vibrstion Test
3030305086;Flaw Detector
3030305087;Multigas Detector
3030305088;Softeware Multigas Retector
3030305089;Caoting Thicknes Gauge
3030305090;Wet Film Thicknes Gauge
3030305091;Dual Scape Electrinic Coating Thicknes
3030305092;Ultrasonic Thicknes Test
3030305093;Oil Test Kit
3030305094;Coolant Test Kit
3030305095;Baretey Charger Test
3030305096;High Teck Full Face Mask
3030305097;Hadled Printer
3030305098;Colour Spectrophotometer
3030305099;Positest (Banana) Gauge
3030305100;Concrette Thickness Gauge
3030305101;Temperature Bath
3030305102;Temperature Chamber
3030305103;High Volume Air Sampler (HVAS) Calibration Kit
3030305104;Alat Kalibrator Kelistrikan
3030305105;Gravimeter Calibrator
3030305106;Calibration Table
3030305107;Magnetometer Kalibrator
3030305108;Shaking Table
3030305999;Alat Kalibrasi Alinnya
3030306001;Oscilloscope Main Frame
3030306002;Oscilloscope Main Frame With Variable Persistnce Strorage Tube
3030306003;Oscilloscope Special
3030306004;Oscilloscope Envelope
3030306005;Synchronoscope
3030306006;Vectorscope
3030306007;Waveform Monitor Set With Level And Vector Display
3030306008;Analyzer FN Side Band
3030306009;Analyzer Spektrum Display
3030306010;Plyscope
3030306011;Videoscope With Side Band Adaptor
3030306999;Oscilloscope Lainnya
3030307001;Frequency Counter (Universal Tester)
3030307002;Insulation Res Meter Mod
3030307003;Noise & Distortion Meter
3030307004;Oscilator Distortion Meter
3030307005;Oscilator Test Signal
3030307006;Oscilator Widw Band
3030307007;Oscilator Sweep
3030307008;Precision Encoder Monitor
3030307009;Plambicon Test Unit
3030307010;Scanner (Universal Tester)
3030307011;Time Interval Unit
3030307012;Universal Counter (Universal Tester)
3030307013;Video Noise Meter
3030307014;Admintance Meter
3030307015;Admintance Bride
3030307016;Fieldstrength Meter
3030307017;RF Bridge
3030307018;RF Push Button Attenuator
3030307019;Vision And Sound Nyquist Demodulator AMF
3030307020;V.S.W.R Standing Review
3030307022;Digital Frequence Meter
3030307023;Vindicam Quick Tester
3030307024;Coaxial ATT
3030307025;Variable Coaxial ATT
3030307026;Logic Probe (Universal Tester)
3030307027;Survey Meter (Universal Tester)
3030307028;Logic Comparator
3030307029;Altimeter Test Set
3030307999;Universal Tester Lainnya
3030308001;Ukuran Johanson (Alat Pembanding Standar Ukuran Panjang)
3030308002;Micro Indicator (Dengan Perlengkapan Suparto Pointers Dan Revolv
3030308003;Perlengkapan Micro Indicator
3030308004;Psycometer Vanlambrecht
3030308005;Psycometer
3030308006;Barometer Logam
3030308007;Barometer Mercury
3030308008;Manometer Untuk Mesin
3030308009;Monotor Precisi
3030308010;Alat Pemeriksa Manometer ( Dengan Perlengkapan )
3030308011;Alat Pemeriksaan Zat Cair
3030308012;Termometer Standar
3030308013;Termometer Govermen Tester 0 Derajat Sampai Dengan 100 Derajat C
3030308014;Thermostat ( Penguji Pemeriksaan Termometer )
3030308015;Jam Ukur ( Meet Lock )
3030308016;Hardnes Tester
3030308017;Stopwatch
3030308018;Loup
3030308019;Planimeter (Alat Ukur/pembanding)
3030308020;Metra Block
3030308021;Lemari Baja Pengering
3030308022;Sanblas Unit
3030308023;Alat Pemeriksaan Timbangan Tekanan Beroda
3030308024;Stelan Instrumen Bourje
3030308025;Lampu Untuk Menerangi Skala Neraca Pakai Standar
3030308026;Avometer Su 20 - 20 K
3030308027;Trappo 1.000 Watt
3030308028;Tool Set
3030308029;Landasan Cap Lengkap
3030308030;Kaki Tiga Gantungan Dacin
3030308031;Alat Pendatar Takaran Bensin
3030308032;Tang Plombir / Segel
3030308033;Exicator Besar
3030308034;Exicator Kecil
3030308035;Desicator ( Size ) 3
3030308036;Desicator ( Size ) 4
3030308037;Botol Air Saling Dari 25 Liter
3030308038;Picnometer
3030308039;Desimeter ( Hidrometer )
3030308040;Telescope Tile Varieble
3030308041;Optical Strean ( Untuk Pemeriksaan Kaca )
3030308042;Optocal Teknis Gange ( Pengukur Tebal Dinding )
3030308043;Lifter Capasitas 500 Kg
3030308044;Taximeter Tester
3030308045;Spedometer Tester
3030308046;Standard Guage Blocks
3030308047;Finest Direct Reading Intern Micrometer Of Varios Range Up To 10
3030308048;Constant Temperature Combined Bridge Thermostat
3030308049;Transparan Plastic Rack Insert For 20 Test Test Tubes 75 X 17
3030308050;Water Bath Plexiglass Capasity 71
3030308051;Test Tube Rack Stainlesstel With 10 Holes 18 mm DIA
3030308052;Calorimeter Thermometer Aceto Bestmen Certificate
3030308053;Sit Of Gauge Pretition Lands Berger Thermometer
3030308054;Set Of 14 Hight Precision Ameral Thermometer
3030308055;Addition Tuner Stop Watch
3030308056;Universal Clamp, Clamping Range 6 To 12 mm
3030308057;Universal Clamp, Clamping Range 6 To 75 mm
3030308058;Venier Caliver
3030308059;Propile Proyektor Toyo Serie
3030308060;Tool Maker Microscope Magnification 30 X
3030308061;Microscope Multiview
3030308062;Stop Watch Printer
3030308063;Alat Ukur Kapiler
3030308999;Alat Ukur/Pembanding Lainnya
3030309001;Meter X - 27 Dari Platina Tridium
3030309002;H - Meter Dari Baja Nikel
3030309003;Komparator
3030309004;Alat Pengukur Garis Tengah
3030309005;Ban Ukur
3030309006;Diameter Tape
3030309007;Ukuran Tinggi Orang
3030309008;Schuifmaat ( Ukuran Ingsut )
3030309009;Lifter Standard ( 1 Liter )
3030309010;Bejana Ukur
3030309011;Alat Ukur Kadar Air (Alat Ukur Lainnya)
3030309012;Alat Ukur Pemecah Kulit Gabah
3030309013;Rain Gauge
3030309014;Needle Lift Sensor
3030309015;Isolab
3030309016;Laser Ace
3030309017;Mistar Rambu
3030309018;Digital Radioaktif dan CT Sinar X Berbasis Sinar X
3030309019;Sistem Pantau Radioaktifitas On Line
3030309020;Digital Radiografi dan CT Sinar Gamma Berbasis Sin
3030309021;TLD Badge
3030309999;Alat Ukur Lainnya
3030310001;Timbangan Jembatan Capasitas 10 Ton
3030310002;Timbangan Meja Capasitas 10 Kg
3030310003;Timbangan Meja Capasitas 5 Kg
3030310004;Timbangan Bbi Capasitas 100 Kg
3030310005;Timbangan Bbi Capasitas 25 Kg
3030310006;Timbangan Bbi Capasitas 15 Kg ( Timbangan Bayi )
3030310007;Timbangan Bbi Capasitas 10 Kg
3030310008;Timbangan Cepat Capasitas 10 Kg
3030310009;Timbangan Cepat Capasitas 25 Kg
3030310010;Timbangan Cepat Capasitas 200 Kg
3030310011;Timbangan Pegas Capasitas 10 Kg
3030310012;Timbangan Pegas Capasitas 50 Kg (Alat Timbangan/biara)
3030310014;Timbangan Surat Capasitas 100 Kg
3030310015;Timbangan Kwadran Capasitas 100 Kg
3030310016;Timbangan Sentisimal Dacin Kuningan
3030310017;Timbangan Gula Gaveka
3030310018;Timbangan Gantung Capasitas 50 Gram
3030310019;Neraca Halus + Lemari Capasitas 500 Gram
3030310020;Neraca Parama E
3030310021;Neraca Parama D Capasitas 5 Gram
3030310022;Neraca Percisi Elektronik Capasitas 1 Kg.
3030310023;Neraca Percisi ( Single Pan ) Capasitas 20 Kg.
3030310024;Neraca Percisi ( Elektronik Vacum Me )
3030310025;Neraca Percisi 30 Kg ( Micro Balance )
3030310026;Neraca Percisi Capasitas 50 Gram
3030310027;Neraca Percisi Capasitas 1 Kg.
3030310028;Neraca Tera E
3030310029;Neraca Tera A Capasitas 75 Kg.
3030310030;Neraca Tera B Capasitas 10 Kg.
3030310031;Neraca Torsion Balance Capasitas 500 Gram
3030310032;Neraca Analisa Capasitas 1000 Gram
3030310033;Neraca Analisa Capasitas 20 Kg
3030310034;Neraca Capasitas 1 Kg.
3030310035;Neraca Capasitas 20 Kg.
3030310036;Moister Meter
3030310037;Neraca Dengan Digital Display
3030310038;Analytical Balance (Neraca Analitik)
3030310999;Alat Timbangan/Biara Lainnya
3030311001;Kilogram Tembaga Nasional Platina
3030311002;Kilogram Tembaga Bentuk Tong Bersadur Mas Murni 1 Kg.
3030311003;Kilogram Sepuh Mas 1 Kg. Pakai Tombol
3030311004;Kilogram Baja Berbentuk Tong Bersadur Croom
3030311005;Kilogram Dari Baja Berbentuk Slinder
3030311006;Kilogram Kerja Standar Tk.II
3030311007;Kilogram Standar
3030311008;Anak Timbangan Tembaga Kantor Tk.III
3030311009;Anak Timbangan Miligram
3030311010;Anak Timbangan Miligram Platina
3030311011;Anak Timbangan Miligram Aluminium
3030311012;Anak Timbangan Gram Standar 1 Gram
3030311013;Anak Timbangan Halus Dari 1.000 - 1 Gram
3030311014;Anak Timbangan Biasa Dari 1.000 - 1 Gram
3030311015;Anak Timbangan Bidur
3030311016;Anak Timbangan Dari Besi
3030311017;Anak Timbangan Keping ( Mulut Kecil )
3030311018;Anak Timbangan Keping ( Mulut Besar )
3030311999;Anak Timbangan / Biara Lainnya
3030312001;Takaran Kering Dari 100 - 50 - 20 Liter
3030312002;Takaran Kering Dari 10 S/D 0,5 Liter
3030312999;Takaran Kering Lainnya
3030313001;Takaran Bahan Bangunan 2 HL Berbentuk Tong
3030313999;Takaran Bahan Bangunan Lainnya
3030314001;Takaran Latex/Getah Susu
3030314002;Takaran Buah Kopi Dari 0,5 HL
3030314003;Takaran Kapuk Dari Kayu 2 Dan 1 HL
3030314004;Takaran Minyak Dari Besi 0,5 HL
3030314005;Takaran Gandum 0,5 HL
3030314999;Takaran Lainnya
3030315001;Loadsimulator
3030315002;Brake Efficiency Recorder
3030315003;Noise Tester
3030315004;Nozzle Tester
3030315005;Smoke Tester
3030315006;Heat Light Tester
3030315007;Brake Tester
3030315008;Side Sleep tester
3030315009;Carlift/Ptlift
3030315010;Axle Weight Beam
3030315011;Chasis Lubricator
3030315012;Tune Up Tester (Alat Penguji Kendaraan Bermotor)
3030315013;Compression Gauge
3030315014;Diesel Timing Tachometer
3030315015;Vernier Caliper
3030315016;Sound Scope
3030315017;Hydraulic Tester
3030315018;Temperature Gauge
3030315019;Whitsone Brigg
3030315020;Tire Pressure Gauge
3030315021;Service Lift
3030315022;Tachometer (Mechanical)
3030315023;Tachometer (electric)
3030315024;Spark Plug Cleaner
3030315025;Spark Plug Quick Tester
3030315026;Injection Pump Tester
3030315027;Chassis Analyzer
3030315028;Chassis Dynamometer
3030315029;Engine Analyzer
3030315030;Engine Dynamometer
3030315031;Brinell Hardness Tester
3030315999;Alat Penguji Kendaraan Bermotor Lainnya
3030316001;Transmission Measuring Set Modulator
3030316002;DME Ground Station Test Set (Specific Set)
3030316003;Communication Receiver Set
3030316004;ILS Calibration
3030316005;Measuring Set
3030316999;Specific Set Lainnya
3030317001;Sunshine Recorder
3030317002;Solarimeter (Alat Pengukur Keadaan Alam)
3030317003;Pyranometer
3030317004;Pyrheliometer
3030317005;Net Radiometer
3030317006;Digital Radiometer
3030317007;Actinometer
3030317008;Integrating Actino Meter
3030317009;Albedometer
3030317010;Gun Belani
3030317011;Angstroom Pyrheliometer
3030317012;Solarigraph
3030317013;Pyrheliograph
3030317014;Actiongraph
3030317015;Pyranograph
3030317016;X-Y Recorder (Alat Pengukur Keadaan Alam)
3030317017;Penakar Hujan
3030317018;Reinfall Recorder Type Bucket
3030317019;Leaf Area Meter
3030317020;Planimeter (Alat Pengukur Keadaan Alam)
3030317021;Ceilometer
3030317022;Ceilograph
3030317023;Weather Radar (Alat Pengukur Keadaan Alam)
3030317024;Open Pan Evaporimeter
3030317025;Piche Evaporimeter
3030317026;Lysimeter
3030317027;Tubing Pump Drive
3030317028;Keshner Evaporimeter
3030317029;Evaporigraph
3030317030;Dew Recorder
3030317031;Dew Gauge
3030317032;Blue M Oven
3030317033;Neutron Probe
3030317034;Decimeter Charge
3030317035;Pocket Decimeter
3030317036;Tensiometer (Alat Pengukur Keadaan Alam)
3030317037;Accessoris Tube
3030317038;Survey Meter (Alat Pengukur Keadaan Alam)
3030317039;Percolasi Meter
3030317040;Bor Sample Tanah
3030317041;Laboratorium Cort
3030317042;Soil Moisture Meter
3030317043;Sea Water Current Meter
3030317044;Wave Recorder
3030317045;Tide Recorder
3030317046;Radio Winsode
3030317047;Radio Thedolite
3030317048;Optic Theodolite
3030317049;Radio Wind
3030317050;Thermometer (Alat Pengukur Keadaan Alam)
3030317051;Barometer (Alat Pengukur Keadaan Alam)
3030317052;Altimeter (Alat Pengukur Keadaan Alam)
3030317053;Barograph (Alat Pengukur Keadaan Alam)
3030317054;Surveying Barograph
3030317055;Anemometer (Alat Pengukur Keadaan Alam)
3030317056;Wind Force
3030317057;Anemograph
3030317058;Vertikal Wind Speed
3030317059;Mechanical Wind Recorder (Alat Pengukur Keadaan Alam)
3030317060;Wind Snear
3030317061;Psychometer Sling/Wherling
3030317062;Assman Psychrodial
3030317063;Hygrograph (Alat Pengukur Keadaan Alam)
3030317064;Persentage Humidity
3030317065;Psychrometer Slide Rule
3030317066;Gas Generator
3030317067;Ploatting Board
3030317068;Fillter Ballon
3030317069;Pressure Ceck Box
3030317070;Evaluation Suhu
3030317071;Evaluation Titik Embun
3030317072;Pressure Scale
3030317073;Kop Gas Generator
3030317074;Pengukur Ketebalan Dinding
3030317075;Soil Heat Fluxplate
3030317076;Fog Visiometer
3030317077;Seismograph (Alat Pengukur Keadaan Alam)
3030317078;Strongmation Accelograph
3030317079;Seismocope
3030317080;Vibration Monitor
3030317081;Signal Conditioner
3030317082;Tranducer Microtermometer
3030317083;Magnetograph Adz
3030317084;Digital Analog Magnetograph
3030317085;Deklinometer
3030317086;Inklinometer
3030317087;QHN Instrument
3030317088;BMZ Instrument
3030317089;Proton Magnetograph
3030317090;Portable Variograph
3030317091;Stationary Variograph
3030317092;Potential Gradient Meter
3030317093;Conductivity Meter (Alat Pengukur Keadaan Alam)
3030317094;Air Aerth Current Meter
3030317095;Ligthing Counter
3030317096;Ionosode
3030317097;Satellite Positioning
3030317098;Transit Thedolite
3030317099;Astrolebe
3030317100;La Coste And Remberg 6523
3030317101;Microtremor
3030317102;Portable Seismograph
3030317103;Digital Accelerograph
3030317104;Digital Broadband Seismograph
3030317105;PC Drum
3030317106;Tribrach
3030317107;Sangkar Meteorologi
3030317108;Thermometer Max
3030317109;Thermometer Min
3030317110;Thermometer Apung
3030317111;Thermometer Tanah
3030317112;Thermometer Suhu Air Laut
3030317113;Flow Watch
3030317114;Portable Weather Season
3030317115;Psychrometer Assman
3030317116;Automatic Weather Station (AWS)
3030317117;Ground Rason Receiver
3030317118;Automatic Weather Observing Station (AWOS)
3030317119;Intensity Meter
3030317120;Sistem Informasi Meteorologi Otomatis (SIMO)
3030317121;Seismic Borehole
3030317122;Low Level Wind Shear Alert System
3030317123;Tide Gauge Tsunami
3030317124;Wind Profiler
3030317125;Alat Monitoring Tsunami
3030317126;Light Detecting and Ranging (LIDAR)
3030317127;Alat Deteksi Getaran Tanah
3030317128;Infrasound Meter
3030317129;Radiosonde
3030317130;Magnetograph
3030317131;Lightning Detector
3030317132;Refraksi Meter
3030317133;Resistivity Meter
3030317134;Handheld Teropong
3030317135;Digital Soil Thermometer
3030317136;Thermometer Minimum Rumput
3030317137;Handheld Digital Soil Moisture
3030317138;Wind Tunnel
3030317139;Alat Penakar Hujan
3030317140;Automatic Rain Gauge (ARG)
3030317141;Actinograph
3030317142;Handheld Digital Pyranometer
3030317143;Solar Monitoring Station
3030317144;Digital Evaporimeter
3030317145;Precursor Gempa Bumi
3030317146;Digital Multi-Weather Sensors
3030317147;Handheld Weather Station
3030317148;Mobile Automatic Weather Station (MAWS)
3030317149;Agroclimate Automatic Weather Station (AAWS)
3030317150;Automatic Rain Water Sampler (ARWS)
3030317151;Betha-Rays Attenuation Monitoring (BAM)
3030317152;Air Kit Flask Sampling
3030317153;Green House Gas (GHG) Analyzer
3030317154;Aerosol Sampler
3030317155;Passive Air Sampler
3030317156;Active Air Sampler
3030317157;Portable Gas Sampling
3030317158;Pagar Taman Alat
3030317159;Hydrogen Generator
3030317160;Humidity Meter
3030317161;Handheld Humidity Meter (Portable)
3030317162;Thermohygrograph
3030317163;Analisis Parameter Cuaca/APC
3030317164;Magnetotelurik
3030317165;Stationery Wiseland
3030317166;Mobile Wiseland
3030317999;Alat Pengukur Keadaan Alam Lainnya
3030318001;Transmissimeter
3030318999;Alat Pengukur Penglihatan Lainnya
3030319001;Lonceng Bandul
3030319002;Lonceng Cecium Beam Frequence
3030319003;Time Transmitter
3030319004;Jam Waktu Bintang
3030319005;Lonceng Tabung Hampa
3030319006;Tabung Hampa, Free Pendulum
3030319007;Onggo Coder Electric
3030319008;Chronograph
3030319009;Chronometer (Alat Pengukur Ketepatan Dan Koreksi Waktu)
3030319010;Teropong Bintang Transit
3030319011;Time Code
3030319012;Teropong Hilal
3030319013;Jam Atom
3030319999;Alat Pengukur Ketepatan Dan Koreksi Waktu Lainnya
3030320001;Digital RF Watt Meter
3030320002;Time Dmain Reffloctometer
3030320003;Phone Test Set
3030320004;Fiber Optic Test Set
3030320005;Communication Analyzer
3030320006;Technical Toolkit
3030320007;RF Load Resistor
3030320008;Digital Spectrum Analyzer
3030320009;Solder IC
3030320999;Alat Ukur Instrument Workshop Lainnya
3030399999;Alat Ukur Lainnya
3040101001;Bajak Kayu
3040101002;Bajak Muara
3040101003;Pacul
3040101004;Linggis
3040101005;Garpu Pacul
3040101006;Garpu Kayu
3040101007;Garpu Besi
3040101008;Tractor Four Wheel (Dengan Kelengkapannya)
3040101009;Tractor Tangan Dengan Perlengkapannya
3040101999;Alat Pengolahan Tanah Dan Tanaman Lainnya
3040102001;Kored
3040102002;Arit
3040102003;Babatan
3040102004;Pacul Dangir
3040102005;Penyemprot Otomatis (Automatic Sprayer)
3040102006;Penyemprot Mesin (Power Sprayer)
3040102007;Penyemprot Tangan (Hand Sprayer)
3040102008;Alat Penyiang Tanaman
3040102009;Alat Pemanas Kandang
3040102999;Alat Pemeliharaan Tanaman/Ikan/Ternak Lainnya
3040103001;Ani-Ani
3040103002;Alat Perontokan (Thresser Pedal)
3040103003;Alat Perontokan Mesin (Power Thresser)
3040103004;Alat Pemipil Jagung
3040103005;Alat Pengering (Dryer)
3040103006;Alat Pengukur Kadar Air (Moisture Tester)
3040103007;Alat Penggiling Kopi
3040103008;Alat Pengolah Tepung
3040103009;Alat Bantu Uji Tumbuh
3040103010;Alat Penampi
3040103999;Alat Panen Lainnya
3040104001;Cold Storage (Kamar Pendingin)
3040104002;Selo (Kotak Penyimpanan) Dengan Pengatur Temperatur
3040104003;Rak-Rak Penyimpan
3040104004;Lemari Penyimpan
3040104999;Alat Penyimpan Hasil Percobaan Pertanian Lainnya
3040105001;Alat Pengukur Curah Hujan
3040105002;Alat Pengukur Cahaya
3040105003;Alat Pengukur Intensitas Cahaya
3040105004;Alat Pengukur Temperatur
3040105005;Alat Pengukur P.H. Tanah (Soil Tester)
3040105006;Alat Pengambil Sample Tanah
3040105007;Rice (Alat Pengolah Beras)
3040105008;Grindding Mill
3040105009;Volume Test
3040105010;Weight
3040105011;Straw Facture
3040105012;Falling Number
3040105013;Electrode Ph Meter
3040105014;Alat Penurun Kadar Air Madu
3040105999;Alat Laboratorium Pertanian Lainnya (Alat Pengolahan Pertanian)
3040106001;Unit Pengaduk
3040106002;Alat Pencabut Bulu Ayam
3040106003;Alat Pembuat Pelet/Makanan Ternak
3040106004;Alat Pembuat Molase Blok
3040106005;Mesin Tetas
3040106006;Mesin Perah Susu
3040106007;Milk Can
3040106008;Pengupas Kulit Ari Kedelai
3040106009;Pemarut Serat Serba Guna
3040106010;Penyawut Singkong
3040106011;Gilingan Beras
3040106012;Salina Injector
3040106013;Scaller Motor
3040106014;ULV Cabinet
3040106015;TLC Drayer
3040106016;Mesin Pencuci Alat (Miele)
3040106017;Hydrolic Pieces
3040106018;Reaper
3040106019;Electric Disk Cutter
3040106020;Ragum /Catok
3040106021;Diesel Eggane
3040106022;Alat Prosesing Daging
3040106023;Alat Prosesing Telur
3040106024;Ice Cream Maker
3040106025;Hand Separator
3040106026;Mesin Penepung Beras
3040106027;Alat Penggiling Jagung
3040106028;Mesin Pengayak Tepung
3040106029;Pengolahan Produk Kering
3040106030;Penyawut Besar dan Kecil
3040106031;Processing Multiguna
3040106032;Pump for HPLC and Accessories
3040106033;Sausage Feeler Machine
3040106034;Twin Paper Roller Bearing
3040106035;Skinning Cradle
3040106036;Head Restrainer
3040106037;Stuning Device
3040106038;Penyodok Kotoran
3040106039;Pengarah Kepala
3040106040;Offal Wash
3040106041;Beef Splitter
3040106042;Alat Pengupas Biji Mete
3040106043;Alat Pencacah Daun
3040106999;Alat Prosesing Lainnya
3040107001;Alat Pengasapan
3040107002;Alat Pembekuan
3040107003;Alat Penggiling Padi
3040107004;Alat Pencacah Hijauan
3040107005;Alat Pemecah Tapioka
3040107999;Alat Pasca Panen Lainnya
3040108001;Pukat
3040108002;Double Rig Shrimp Trawl/Pukat Udang Ganda
3040108003;Payang ( Termasuk Lampara )
3040108004;Danish Seine ( Dogol )
3040108005;Beach Seine ( Pukat Pantai )
3040108006;Drift Gill Net ( Jaring Insang Hanyut )
3040108007;Encircling Gill Net ( Jaring Insang Lingkar )
3040108008;Shrimp Gill Net ( Jaring Klitik )
3040108009;Set Gill Net ( Jaring Insang Tetap )
3040108010;Boat Raft Lift Net ( Bagan Perahu/Rakit )
3040108011;Bagan Tancap Berikut Kelong
3040108012;Scoop Net ( Serok )
3040108013;Jaring Angkat Lainnya
3040108014;Guiding Barrier ( Serok )
3040108015;Stow Net ( Jermal Termasuk Togo )
3040108016;Portable Traps ( Bubu )
3040108017;Perangkap Lainnya
3040108018;Tuna Long Line ( Rawai Tuna )
3040108019;Set Long Line ( Rawai Tetap )
3040108020;Skipjack Pole And Lines ( Huhate )
3040108021;Trool Line ( Pancing Tonda )
3040108022;Pancing Lainnya
3040108023;Muroami Inc. Mallalugis
3040108024;Jala
3040108025;Garpu
3040108026;Tombak
3040108027;Sea Water Reservoir
3040108028;Bak Pemeliharaan Sementara
3040108029;Bak Pengendapan
3040108030;Keramba ( Jaring Apung )
3040108031;Jaring Lingkar
3040108032;Pukat Tarik Berkapal
3040108033;Pukat Hela
3040108034;Pukat Dorong
3040108035;Penggaruk
3040108036;Jaring Angkat Menetap
3040108037;Jaring Angkat Tidak Menetap
3040108038;Alat yang Dijatuhkan
3040108039;Alat Penjepit dan Melukai
3040108999;Alat Produksi Perikanan Lainnya
3040199999;Alat Pengolahan Lainnya
3050101001;Mesin Ketik Manual Portable (11-13 Inci)
3050101002;Mesin Ketik Manual Standard (14-16 Inci)
3050101003;Mesin Ketik Manual Langewagon (18-27 Inci)
3050101004;Mesin Ketik Listrik
3050101005;Mesin Ketik Listrik Potable (11-13 Inci)
3050101006;Mesin Ketik Listrik Standard (14-16 Inci)
3050101007;Mesin Ketik Listrik Langewagon (18-27 Inci)
3050101008;Mesin Ketik Elektronik/Selektrik
3050101009;Mesin Ketik Braille
3050101010;Mesin Phromosons
3050101011;Mesin Cetak Stereo Piper (Braille)
3050101999;Mesin Ketik Lainnya
3050102001;Mesin Hitung Manual
3050102002;Mesin Hitung Listrik
3050102003;Mesin Hitung Elektronik/Calculator
3050102004;Mesin Kas Register
3050102005;Abakus (Alat Hitung)
3050102006;Blokycs (Mesin Hitung Braille)
3050102007;Mesin Penghitung Uang
3050102008;Mesin Pembukuan
3050102009;Mesin Penghitung Kertas/Pita Cukai
3050102010;Kalkulator Analisa Pilot Balon
3050102999;Mesin Hitung/Mesin Jumlah Lainnya
3050103001;Mesin Stensil Manual Folio
3050103002;Mesin Stensil Manual Double Folio
3050103003;Mesin Stensil Listrik Folio
3050103004;Mesin Stensil Listrik Double Folio
3050103005;Mesin Stensil Spiritus Manual
3050103006;Mesin Stensil Spiritus Listrik
3050103007;Mesin Fotocopy Folio
3050103008;Mesin Fotocopy Double Folio
3050103009;Mesin Fotocopy Electronic
3050103010;Mesin Thermoforn
3050103011;Mesin Fotocopy Lainnya
3050103012;Risograf
3050103999;Alat Reproduksi (Penggandaan) Lainnya
3050104001;Lemari Besi/Metal
3050104002;Lemari Kayu
3050104003;Rak Besi
3050104004;Rak Kayu
3050104005;Filing Cabinet Besi
3050104006;Filing Cabinet Kayu
3050104007;Brandkas
3050104008;Peti Uang/Cash Box/Coin Box
3050104009;Kardex Besi
3050104010;Kardex Kayu
3050104011;Rotary Filling
3050104012;Compact Rolling
3050104013;Buffet
3050104014;Mobile File
3050104015;Locker
3050104016;Roll Opek
3050104017;Tempat Menyimpan Gambar
3050104018;Kontainer
3050104019;Coin Box
3050104020;Lemari Display
3050104021;Water Proof Box
3050104022;Folding Container Box
3050104023;Box Truck
3050104024;Laci Box
3050104025;Lemari Katalog
3050104026;Koper/Tas
3050104027;Box Printer dan Reader Smart Card
3050104028;Lemari Penyimpanan Senjata
3050104029;Box Camera
3050104030;Peti Barang
3050104031;Rak Peta
3050104032;Rak Senjata
3050104999;Alat Penyimpan Perlengkapan Kantor Lainnya
3050105001;Tabung Pemadam Api
3050105002;Hydrant
3050105003;Sprinkler
3050105004;Fire Alarm
3050105005;Rambu-Rambu
3050105006;Narkotik Test
3050105007;CCTV - Camera Control Television System
3050105008;Papan Visual/Papan Nama
3050105009;Movitex Board
3050105010;White Board
3050105011;Alat Detektor Uang Palsu
3050105012;Alat Detektor Barang Terlarang/X Ray
3050105013;Copy Board/Elektric White Board
3050105014;Peta
3050105015;Alat Penghancur Kertas
3050105016;Globe
3050105017;Mesin Absensi
3050105018;Dry Seal
3050105019;Fergulator
3050105020;Cream Polisher
3050105021;Mesin Perangko
3050105022;Check Writer
3050105023;Numerator
3050105024;Alat Pemotong Kertas
3050105025;Headmachine Besar
3050105026;Perforator Besar
3050105027;Alat Pencetak Label
3050105028;Overhead Projector
3050105029;Hand Metal Detector
3050105030;Walkman Detector
3050105031;Panel Pameran
3050105032;Alat Pengaman / Sinyal
3050105033;Board Modulux
3050105034;Porto Safe Travel Cose
3050105035;Disk Prime
3050105036;Megashow
3050105037;White Board Electronic
3050105038;Laser Pointer
3050105039;Display
3050105040;Exhauster Form
3050105041;Rubu Mujayyab
3050105042;Electric Dumper
3050105043;Mesin Teraan
3050105044;Mesin Laminating
3050105045;Penangkal Petir
3050105046;Stempel Timbul/Bulat
3050105047;Lampu-lampu Kristal
3050105048;LCD Projector/Infocus
3050105049;Flip Chart
3050105050;Binding Machine
3050105051;Softboard
3050105052;Alat Perekam Suara (Voice Pen)
3050105053;Acces Control System
3050105054;Intruction Detector
3050105055;Monitor Panel With Mimic Board
3050105056;Panic Button System, Alarm Indicator
3050105057;Pintu Elektrik (yang Memakai Akses)
3050105058;Focusing Screen/Layar LCD Projector
3050105059;Alat Detektor Barang Terlarang
3050105060;Proyector Spider Bracket
3050105061;Papan Gambar
3050105062;Bel
3050105063;Electric Pressing Machine
3050105064;Encapsulator (Jarasonic welder)
3050105065;Deacidificator Unit (Non Aquas)
3050105066;Full Automatic Leaf Caster
3050105067;Conservation Tools
3050105068;Board Stan
3050105069;Vacum Freeze Dry Chamber
3050105070;Kotak Surat
3050105071;Gembok
3050105072;Compact Hand Projector
3050105073;Alat Sidik Jari
3050105074;Alat Penghancur Jarum
3050105075;Walkthrough/ Portal Metal Detector
3050105076;Handheld Trace Detector
3050105077;Alat Deteksi Pita Cukai Palsu/ Video Spectral Comparator
3050105078;Mesin Packing/ Starpping Machine
3050105079;Television Control Operasional Lift
3050105080;Mesin Antrian
3050105081;Papan Pengumuman
3050105082;Mesin Fogging
3050105083;Teralis
3050105084;Alat Penerjemah
3050105085;Alat Penghancur Plastik
3050105086;Proteksi Petir Terpadu
3050105087;Pakaian Toga
3050105088;Sirine
3050105089;Tongkat Pedel
3050105090;Box Penyimpanan Tabung Pemadam Api
3050105091;RFID Tag
3050105092;RFID Pad
3050105093;Pallet Plastik
3050105094;Pemadam Bonpet
3050105095;Wastafel Portable
3050105096;Papan Tulis Kaca
3050105097;Realitas Virtual (Virtual Reality) Head set
3050105098;Bean Bag
3050105099;Interactive kios
3050105100;Rak Gantung
3050105101;Layar Backdrop
3050105102;Palang Portal
3050105103;ATS (Automatic Transfer Switch) Genset
3050105104;Lampu Penerangan Jalan
3050105105;Alat Deteksi NPP (Narkotika, Psikotropika dan Prekursor)
3050105106;Alat Identifikasi NPP (Narkotika, Psikotropika dan Prekursor)
3050105999;Perkakas Kantor Lainnya
3050199999;Alat Kantor Lainnya
3050201001;Meja Kerja Besi/Metal
3050201002;Meja Kerja Kayu
3050201003;Kursi Besi/Metal
3050201004;Kursi Kayu
3050201005;Sice
3050201006;Bangku Panjang Besi/Metal
3050201007;Bangku Panjang Kayu
3050201008;Meja Rapat
3050201009;Meja Komputer
3050201010;Tempat Tidur Besi
3050201011;Tempat Tidur Kayu
3050201012;Meja Ketik
3050201013;Meja Telepon
3050201014;Meja Resepsionis
3050201015;Meja Marmer
3050201016;Kasur/Spring Bed
3050201017;Sketsel
3050201018;Meja Makan Besi
3050201019;Meja Makan Kayu
3050201020;Kursi Fiber Glas/Plastik
3050201021;Pot Bunga
3050201022;Partisi
3050201023;Publik Astari (Pembatas Antrian)
3050201024;Rak Sepatu ( Almunium )
3050201025;Gantungan Jas
3050201026;Nakas
3050201027;Cubikal
3050201028;Workstation
3050201029;Backdrop TV/Wardrobe
3050201030;Meja Taman
3050201031;Meja TV
3050201032;Rak Dapur
3050201033;Sofa
3050201034;Meja Setrika
3050201035;Meja Ruang Tamu
3050201036;Meja Pajang Formulir
3050201037;Charging Box
3050201038;Meja Penunjang Kantor
3050201039;Meja Lipat
3050201040;Kursi Salon
3050201041;Meja Putar
3050201999;Meubelair Lainnya
3050202001;Jam Mekanis
3050202002;Jam Listrik
3050202003;Jam Elektronik
3050202004;Control Clock
3050202999;Alat Pengukur Waktu Lainnya
3050203001;Mesin Penghisap Debu/Vacuum Cleaner
3050203002;Mesin Pel/Poles
3050203003;Mesin Pemotong Rumput
3050203004;Mesin Cuci
3050203005;Air Cleaner
3050203006;Alat Pembersih Salju
3050203007;Robot Pemotong Rumput
3050203999;Alat Pembersih Lainnya
3050204001;Lemari Es
3050204002;A.C. Sentral
3050204003;A.C. Window
3050204004;A.C. Split
3050204005;Portable Air Conditioner (Alat Pendingin)
3050204006;Kipas Angin
3050204007;Exhause Fan
3050204008;Cold Storage (Alat Pendingin)
3050204009;Reach In Frezzer
3050204010;Reach In Chiller
3050204011;Up Right Chiller/Frezzer
3050204012;Cold Room Frezzer
3050204013;Air Curtain
3050204014;Air Handling Unit
3050204015;Chiller
3050204016;A.C. Presisi
3050204017;A.C. Cassete
3050204999;Alat Pendingin Lainnya
3050205001;Kompor Listrik (Alat Dapur)
3050205002;Kompor Gas (Alat Dapur)
3050205003;Kompor Minyak
3050205004;Teko Listrik
3050205005;Rice Cooker (Alat Dapur)
3050205006;Oven Listrik
3050205007;Rice Warmer
3050205008;Kitchen Set
3050205009;Tabung Gas
3050205010;Mesin Giling Bumbu
3050205011;Treng Air/Tandon Air
3050205012;Mesin Parutan Kelapa
3050205013;Kompor Kompresor
3050205014;Alat Pemanggang Roti/Sate
3050205015;Rak Piring Alumunium
3050205016;Alat Penyimpan Beras
3050205017;Panci
3050205018;Blender
3050205019;Mixer
3050205020;Oven Gas
3050205021;Presto Cooker
3050205022;Wonder Pan
3050205023;Mesin Giling Daging
3050205024;Heating Set
3050205025;Thermos Air
3050205028;Teko Non Listrik
3050205029;Microwave
3050205030;Steamer (Alat Pengukus)
3050205031;Air Fryer
3050205032;Pancake Maker
3050205033;Tudung Hisap
3050205034;Ompreng
3050205035;Meja Dapur
3050205036;Lemari Penghangat Makanan
3050205037;Bak Pencucian Bahan Makanan
3050205038;Roll Top/Pemanas
3050205039;Mesin Pencuci Piring
3050205040;Brush Peeler Machine (Mesin Pencuci Buah dan Sayur)
3050205041;Stir Fry Cooker (Mesin Penggoreng)
3050205042;Deep Fryer  Machine (Mesin Penggoreng Rendam)
3050205999;Alat Dapur Lainnya
3050206001;Radio
3050206002;Televisi
3050206003;Video Cassette
3050206004;Tape Recorder (Alat Rumah Tangga Lainnya ( Home Use ))
3050206005;Amplifier
3050206006;Equalizer
3050206007;Loudspeaker
3050206008;Sound System
3050206009;Compact Disc Player (Alat Rumah Tangga)
3050206010;Laser Disc
3050206011;Karaoke
3050206012;Wireless
3050206013;Megaphone
3050206014;Microphone
3050206015;Microphone Table Stand
3050206016;Mic Conference
3050206017;Unit Power Supply
3050206018;Step Up/Down (Alat Rumah Tangga Lainnya ( Home Use ))
3050206019;Stabilisator
3050206020;Camera Video
3050206021;Tustel
3050206022;Mesin Jahit
3050206023;Timbangan Orang
3050206024;Timbangan Barang
3050206025;Alat Hiasan
3050206026;Lambang Garuda Pancasila
3050206027;Gambar Presiden/Wakil Presiden
3050206028;Lambang Korpri/Dharma Wanita
3050206029;Aquarium (Alat Rumah Tangga Lainnya ( Home Use ))
3050206030;Tiang Bendera
3050206031;Pataka
3050206032;Seterika
3050206033;Water Filter
3050206034;Tangga Aluminium
3050206035;Kaca Hias
3050206036;Dispenser
3050206037;Mimbar/Podium
3050206038;Gucci
3050206039;Tangga Hidrolik
3050206040;Palu Sidang
3050206041;Mesin Pengering Pakaian
3050206042;Lambang Instansi
3050206043;Lonceng/Genta
3050206044;Mesin Pemotong Keramik
3050206045;Coffee Maker
3050206046;Handy Cam
3050206047;Mesin Obras
3050206048;Mesin Potong Kain
3050206049;Mesin Pelubang Kancing
3050206050;Meja Potong
3050206051;Rader
3050206052;Manequin (Boneka)
3050206053;Pinset (Pisau Lobang Kancing)
3050206054;Mini Compo
3050206055;Heater (Alat Rumah Tangga Lainnya ( Home Use ))
3050206056;Karpet
3050206057;Vertikal Blind
3050206058;Gordyin/Kray
3050206059;Kabel Roll
3050206060;Asbak Tinggi
3050206061;Keset Kaki
3050206062;Sun Screen
3050206063;Alat Pemanas Ruangan
3050206064;Lemari Plastik
3050206065;Mesin Pengering Tangan
3050206066;Panggung
3050206067;Mesin Pedding
3050206068;DVD Player
3050206069;Lampu Belajar
3050206070;Tangga
3050206071;Kabel
3050206072;Lampu
3050206073;Jemuran
3050206074;Patung Peraga Pakaian
3050206075;Gendola
3050206076;Gunting Rumput Non Mesin
3050206077;Bendera Negara
3050206078;Bingkai Foto
3050206079;Alat Pangkas Rambut Listrik
3050206080;Bracket Standing Peralatan
3050206081;Tangki Air
3050206082;Home Theater
3050206083;Lampu Tegak/Standing Lamp
3050206084;Lampu Dinding
3050206085;Tempat Sampah
3050206086;Lampu Emergency
3050206087;Neon Box
3050206088;Bunga Plastik/Pohon Artificial
3050206089;Pengharum Ruangan Aromaterapi
3050206090;Pompa Celup
3050206091;Hair Dryer
3050206092;Alat Perangkap Nyamuk
3050206093;Headband Microphone
3050206094;Alat Pemanas Air (Water Heater)
3050206095;Mesin Paku Tembak
3050206096;Hair Steamer
3050206097;Peralatan Permainan Anak
3050206098;Senter
3050206099;Bank Daya/Powerbank
3050206999;Alat Rumah Tangga Lainnya ( Home Use )
3050207001;Humidifier
3050207002;Dehumidifier
3050299999;Alat Rumah Tangga Lainnya
3060101001;Audio Mixing Console
3060101002;Audio Mixing Portable
3060101003;Audio Mixing Stationer
3060101004;Audio Attenuator
3060101005;Audio Amplifier
3060101006;Audio Erase Unit
3060101007;Audio Video Selector (Peralatan Studio Audio)
3060101008;Audio Monitor Active
3060101009;Audio Monitor Passive
3060101010;Audio Reverberation
3060101011;Audio Patch Panel
3060101012;Audio Distribution
3060101013;Audio Tone Generator
3060101014;Audio Catridge Recorder
3060101015;Audio Logging Recorder
3060101016;Compact Disc Player (Peralatan Studio Audio)
3060101017;Cassette Duplicator
3060101018;Disc Record Player
3060101019;Multitrack Recorder
3060101020;Reel Tape Duplicator
3060101021;Compact Disc Juke Box System
3060101022;Telephone Hybrid
3060101023;Audio Phone In
3060101024;Profanity Delay System
3060101025;Audio Visual
3060101026;Audio Filter
3060101027;Audio Limiter
3060101028;Audio Compressor
3060101029;Turn Table
3060101030;Talk Back Unit
3060101031;Intercom Unit
3060101032;Buzzer
3060101033;Set Studio Light Signal
3060101034;Dolby Noise Reduction
3060101035;Modulation Monitor Speaker Kabaret
3060101036;Microphone/Wireless MIC
3060101037;Microphone/Boom Stand
3060101038;Microphone Connector Box
3060101039;Light Signal
3060101040;Power Supply Microphone
3060101041;Professional Sound System
3060101042;Audio Master Control Unit
3060101043;Time Indetification Unit
3060101044;Audio Announcer Desk
3060101045;Master Clock (Peralatan Studio Audio)
3060101046;Slave Clock (Peralatan Studio Audio)
3060101047;Audio Command Desk
3060101048;Uninterruptible Power Supply (UPS)
3060101049;Master Control Desk
3060101050;Head Compensator
3060101051;Automatic Voltage Regulator (AVR)
3060101053;HUM/Cable Conpensator
3060101054;Editing & Dubbing System
3060101055;Analog Delay (Peralatan Studio Audio)
3060101056;Battery Charger (Peralatan Studio Audio)
3060101057;Blank Panel
3060101058;Control Unit HF
3060101059;Delay Unit
3060101060;Power Amplifier
3060101061;Paging Mic
3060101062;Compact Monitor Panel For Stereo
3060101063;Pistol Grip
3060101064;Mounting Breaken
3060101065;Chairman/Audio Conference
3060101066;Time Switching
3060101067;Terminal Board
3060101068;Encoder/Decoder
3060101069;Wind Shield
3060101070;Receiver HF/LF
3060101071;Receiver VHF/FM
3060101072;Audio Tape Reel Recorder
3060101073;Audio Cassette Recorder
3060101074;Compact Disc Recorder
3060101075;Digital Audio Storage System
3060101076;Digital Audio Taperecorder
3060101077;Blitzzer
3060101078;Audio Maximizer
3060101079;Microphone Cable
3060101080;Signal Instrument Switcer
3060101081;Celling Mount Bracket
3060101082;Interfaceboard
3060101083;Video Presenter
3060101084;Multiscan Proyector
3060101085;Cable
3060101086;Scanner Coir, Presst
3060101087;Komp. Interface Boar
3060101088;Voice Recorder
3060101089;AM/FM Measurement
3060101090;Signal On Air
3060101091;Digital LED Running Text
3060101092;Analog/Digital Receiver
3060101093;Digital Keyboard Technics
3060101094;Explorist 600
3060101095;Paging System
3060101096;Stand Partitur
3060101097;Low Noise Amplifier EHF
3060101098;Mixer Sound Sistem
3060101099;Audio Stage Box
3060101999;Peralatan Studio Audio Lainnya
3060102001;Assignment Switcher
3060102002;Off Air TV Monitor
3060102003;Camera Electronic
3060102004;Pulse Generator (Peralatan Studio Video Dan Film)
3060102005;Pulse Distribution Amplifier
3060102006;Pulse Switcher
3060102007;Pulse Delay Line
3060102008;Character Generator (Peralatan Studio Video Dan Film)
3060102009;Caption Generator
3060102010;Telecine
3060102011;Video Distribution Amplifier
3060102012;Video Monitor
3060102013;Video Tape Recorder Portable
3060102014;Video Tape Recorder Stationer
3060102015;Video Mixer
3060102016;Video Switcher
3060102017;Video Equalizer Amplifier
3060102018;Video Color Bar Generator
3060102019;Video Cross Bar Switch
3060102020;Video Test Signal Generator
3060102021;Video Corrector
3060102022;Video Caption Adder
3060102023;Video Hum Compensator
3060102024;Video Processor
3060102025;Video Station Id Generator
3060102026;Video Patch Panel
3060102027;Video Delay Unit
3060102028;Video Processing Amplifier
3060102029;Video Equalizer
3060102030;Video Tape Evaluator
3060102031;Video Effect Generator
3060102032;VITS Inserter Generator
3060102033;Camera Wall Box
3060102034;Teleprompter
3060102035;Time Base Corrector
3060102036;Gun Smoke
3060102037;Automatic Editing Control (Peralatan Studio Video Dan Film)
3060102038;Power Supply (Peralatan Studio Video Dan Film)
3060102039;Editing Electronic
3060102040;Rectifier Unit
3060102041;Remote Control Unit
3060102042;Rak Peralatan
3060102043;Stabilizing Amplifier
3060102044;Digital Video Effect
3060102045;Tripod Camera
3060102046;Dimmer
3060102047;Chiller
3060102048;Slave Clock (Peralatan Studio Video Dan Film)
3060102049;Master Clock (Peralatan Studio Video Dan Film)
3060102050;Teledyne
3060102051;Flying Spot Scanner
3060102052;Synchronizing Pulse Generator
3060102053;DC Converter
3060102054;Black Burst Generator
3060102055;Lighting Stand Tripod
3060102056;Film Projector
3060102057;Slide Projector
3060102058;Command Desk
3060102059;Announcer Desk
3060102060;Camera Film
3060102061;Lensa Kamera
3060102062;Film Magazine
3060102063;Claper
3060102064;Changing Bag
3060102065;Conditioner
3060102066;Colour Film Analyzer
3060102068;Film Sound Recorder
3060102069;Tele Recorder
3060102070;Camera View Finder
3060102071;Servo Zoom Lens
3060102072;Camera Adaptor
3060102073;Photo Processing Set
3060102074;Micro Film
3060102075;Mixer PVC
3060102076;Unit Replenieser Tank
3060102077;Horizontal Motorized Film Rewinder
3060102078;Vertical Motorized Film Rewinder
3060102079;Manual Film Rewinder
3060102080;Mesin Prosesing Film Negatif
3060102081;Mesin Prosesing Film Positif
3060102082;Mesin Prosesing Film Warna Negatif (ECN)
3060102083;Mesin Prosesing Film Warna Positif (ECP)
3060102084;Mesin Film Color Analyzer
3060102085;Analitical Balance (Peralatan Studio Video Dan Film)
3060102086;Alat Pemanas Prosesing ( Water Heater )
3060102087;Stapler Film
3060102088;Magnetic Stip
3060102089;Splitzer Tape
3060102090;Meja Editing Film
3060102091;Digital Tbc
3060102092;Titanium Tank Single Shaft
3060102093;Temperatur Control C/W
3060102094;Gear Box Sun Assy
3060102095;Tacho Generator For Drive Motor Raching
3060102096;Circulation System Complet
3060102097;Chiller Water Complet
3060102098;Video Audio Jack Panel
3060102099;Automatic Emergency Light
3060102100;Film Chain Multiplier
3060102101;Photo Tustel
3060102102;Photo Tustel Polaroid
3060102103;Betacam Recorder/Player
3060102104;Slide Rail
3060102105;Weapon & Metal Detector ( Check Gate )
3060102107;Layar Film/Projector
3060102108;Camera Tune Simulator
3060102109;Dry Splitzer Film
3060102110;Video Tone Cleaner
3060102111;Mini Viewer
3060102112;Push Button Control Panel
3060102113;Rak Terminal Vencing
3060102114;Standard True Signal/Master Rack
3060102115;Motor Driver
3060102116;Analog Delay (Peralatan Studio Video Dan Film)
3060102117;Standard Point Animation
3060102118;Head Set
3060102119;Character Effect Interface
3060102120;Lighting Head Body
3060102121;Lighting Mechanic
3060102122;Alos 321 Fiche Reader
3060102123;Alos 321 Alos Reader
3060102124;Inserter Jacket Filmnes Model Frf-160 & 3500
3060102125;Diaso Printer, 404
3060102126;Diaso Processor 404 dan 404 D
3060102127;Camera Under Water
3060102128;Camera Digital
3060102129;Tas Kamera
3060102130;Lampu Blitz Kamera
3060102131;Lensa Filter
3060102132;Video Conference
3060102133;Turbo IDDR (Intelligent Digital Disk Recorder)
3060102134;Video Router
3060102135;LCD Monitor
3060102136;Sdi Rasteriser
3060102137;Audio Monitoring Unit
3060102138;Frame Synchronizer
3060102139;Audio Transcoder
3060102140;Audio Converter
3060102141;Automation Main
3060102142;Recording Workstation
3060102143;Editor Workstation
3060102144;On Air Recording
3060102145;Connectors
3060102146;Patch Cord
3060102147;Audio Embedder
3060102148;VTR Recorder
3060102149;Analog Video Router
3060102150;Broadband Amlifier
3060102151;Splitter
3060102152;RF Cable
3060102153;F Connector
3060102154;TV Connector
3060102155;Thermo Bind Machine
3060102156;Kamera Stile
3060102157;Mini DV
3060102158;Monopod
3060102159;Clipp On
3060102160;Computer Editing
3060102161;Cut Editing
3060102162;Duplicator VCD
3060102163;Duplicator DVD
3060102164;Video Splitter
3060102165;Camera Conference
3060102166;End Point Vicon
3060102167;Drone
3060102168;Video Wall
3060102169;Action Cam
3060102170;Gimbal Tripod
3060102171;Stand Speaker
3060102172;Mixer Lighting Controller
3060102173;Wireless Video Transmitter and Receiver
3060102174;Multiviewer
3060102175;Hazer Machine (Mesin Kabut)
3060102176;Crane Camera Jib
3060102177;Modular Frame
3060102178;Lighting DMX Converter
3060102179;Lighting
3060102180;Videotron
3060102181;Network Video Recorder
3060102182;Framework Videotron
3060102999;Peralatan Studio Video Dan Film Lainnya
3060103001;Meja Gambar
3060103002;Lichdruck Apparaat
3060103003;Sablon Set
3060103004;Alat Tulis Gambar
3060103005;Busur Gambar
3060103006;Jangka Gambar
3060103999;Peralatan Studio Gambar Lainnya
3060104001;Meja Membuat Klise
3060104002;Meja Cetak Tangan
3060104003;Mesin Cetak Listrik Sheet
3060104004;Mesin Cetak Listrik Roll
3060104005;Mesin Cetak Elektronik
3060104006;Mesin Cetak
3060104007;Mesin Cetak Offset Sheet
3060104008;Mesin Cetak Offset Roll
3060104009;Mesin Cetak Offset Mini
3060104010;Mesin Pemotong Biasa
3060104011;Mesin Pemotong Biasa Tiga Pisau
3060104012;Mesin Jilid Bundar
3060104013;Mesin Jilid Besar
3060104014;Mesin Jilid
3060104015;Mesin Lipat
3060104016;Mesin Pembuat Huruf
3060104017;Mesin Penyusun Huruf Biasa
3060104018;Mesin Penyusun Huruf Foto (Foto Type Setting)
3060104019;Mesin Pelubang (Peralatan Cetak)
3060104020;Mesin Proof
3060104021;Camera Vertical
3060104022;Mesin Pres
3060104023;Mesin Jahit Kawat
3060104024;Mesin Jahit Benang
3060104025;Mesin Pilung
3060104026;Mesin Garis
3060104027;Mesin Perekam Stensil Folio
3060104028;Mesin Perekam Stensil Double Folio
3060104029;Mesin Plate Maker Folio
3060104030;Mesin Plate Maker Double Folio
3060104031;Mesin Potong
3060104032;Mesin Handpress
3060104033;Mesin Stahd
3060104034;Mesin Kertas
3060104035;Kacip Potong Sudut
3060104036;Alat Pembuat Vormstand
3060104037;Mesin Paset
3060104038;Mesin Prasise Klise
3060104039;Mesin Pembolong Film Setengah Plano
3060104040;Mesin Cetak Mas
3060104041;Mesin Cetak Stereo Typer
3060104042;Mesin Cetak Braille
3060104043;Mesin Fonds
3060104044;Mesin Folding
3060104045;Mesin Barcode
3060104046;Mesin Profesional Velobinder
3060104047;Mesin Cacah
3060104048;Image Setter
3060104049;Mesin Sparasi
3060104050;Camera Horizontal
3060104051;Alat Cover Creasing
3060104052;Mesin Pembuat ID Card
3060104999;Peralatan Cetak Lainnya
3060105001;Autograph Unit
3060105002;Aviograph Plus Ploting Table
3060105003;Planitop
3060105004;Point Tranter Device
3060105005;Trestirial Camera
3060105006;Slohed Temlet
3060105007;Sketch Master
3060105008;Rectifier (Peralatan Studio Pemetaan/peralatan Ukur Tanah)
3060105009;Optical Pantograph
3060105010;Contact Printer
3060105011;Pengering Photo
3060105012;Vacum Frame
3060105013;Coordinatograph
3060105014;Pemotong Film
3060105015;Streoscope Tanah
3060105016;Waterpas
3060105017;Theodolite (Peralatan Studio Pemetaan/peralatan Ukur Tanah)
3060105018;Distomat
3060105019;B.T.M
3060105020;Level
3060105021;Jalon
3060105022;Rambu/Bak Ukur
3060105023;Kompas Geologi
3060105024;Clinometer
3060105025;Altimeter (Peralatan Studio Pemetaan/peralatan Ukur Tanah)
3060105026;Holiometer
3060105027;Telescope (Peralatan Studio Pemetaan/peralatan Ukur Tanah)
3060105028;Passer Doss
3060105029;Curvermeter
3060105030;Rollmeter
3060105031;Meet Band
3060105032;Busur Derajat
3060105033;Chronometer (Peralatan Studio Pemetaan/peralatan Ukur Tanah)
3060105034;Gawang Lokasi
3060105035;Kompas (Peralatan Studio Pemetaan/peralatan Ukur Tanah)
3060105036;Sextant
3060105037;Teropong/Keker
3060105038;GPS Receiver
3060105039;Ground Paretrating Radar
3060105040;Teken Schaal/Jangka Tusuk
3060105041;Pantograph
3060105042;Plani Meter
3060105043;Prisma Roelak
3060105044;Prisma Meter
3060105045;Prisma Ukur
3060105046;Ruiter Plaat
3060105047;Kamera Udara
3060105048;Stereoplotter
3060105049;Planicomp
3060105050;Meja Sinar
3060105051;Graver
3060105052;Pen Holder
3060105053;Sistem Pengamatan Pasang Surut Realtime
3060105054;Sistem Stasiun Continuously Operating Reference Stations (CORS)
3060105055;Total Station
3060105056;RTK (Real Time Kinematic)
3060105999;Peralatan Studio Pemetaan/Peralatan Ukur Tanah Lainnya
3060199001;Alkom Pos Tempur
3060199002;VLF-HF Receiver
3060199999;Alat Studio Lainnya
3060201001;Telephone (PABX)
3060201002;Intermediate Telephone/Key Telephone
3060201003;Pesawat Telephone
3060201004;Telephone Mobile
3060201005;Pager
3060201006;Handy Talky (HT)
3060201007;Telex
3060201008;Selective Colling
3060201009;Peralatan Spech Plas
3060201010;Facsimile
3060201011;Bidding Pit
3060201012;Local Battery Telephone
3060201013;Senhub Fixed
3060201014;Senhub Mobile
3060201015;Telepon Lapangan
3060201016;Sentral Telepon Lapangan
3060201017;Telepon Satelit
3060201018;Kom Data
3060201019;PDA
3060201020;Telepon Digital
3060201021;Telepon Analog
3060201022;Massage Handling
3060201023;Battery Lithium-I
3060201024;Sistem Penjawab Telepon Otomatis
3060201999;Alat Komunikasi Telephone Lainnya
3060202001;Unit Tranceiver Ssb Portable
3060202002;Unit Tranceiver Ssb Transportable
3060202003;Unit Tranceiver Ssb Stationery
3060202999;Alat Komunikasi Radio Ssb Lainnya
3060203001;Unit Tranceiver HF Portable
3060203002;Unit Tranceiver HF Transportable
3060203003;Unit Tranceiver HF Stationery
3060203004;Unit Tranceiver FM
3060203999;Alat Komunikasi Radio HF/FM Lainnya
3060204001;Unit Tranceiver VHF Portable
3060204002;Unit Tranceiver VHF Transportable
3060204003;Unit Tranceiver VHF Stationary
3060204999;Alat Komunikasi Radio VHF Lainnya
3060205001;Unit Tranceiver UHF Portable
3060205002;Unit Tranceiver UHF Transportable
3060205003;Unit Tranceiver UHF Stationary
3060205004;TRX UHF AM/FM transceiver
3060205005;TRX UHF FM BS
3060205006;TRX UHF FM MS
3060205999;Alat Komunikasi Radio UHF Lainnya
3060206001;Publik Address (Lapangan)
3060206002;Wireless Amplifier
3060206003;Slide Projector (Lapangan)
3060206004;Multiplex System
3060206005;Frequency Systhesizer Unit
3060206006;Patching Board
3060206999;Alat Komunikasi Sosial Lainnya
3060207001;Morse Keyer
3060207002;Automatic Deorse Keyer
3060207003;Alat Semboyan
3060207004;Mesin Sandi dan Kelengkapannya
3060207005;Finger Printer Time and Attandance Acces Control System
3060207006;Mesin Sandi Teks
3060207007;Mesin Sandi Suara
3060207008;Mesin Sandi Data
3060207009;Mesin Sandi Berbasis Software
3060207010;Mesin Sandi Berbasis Hardware
3060207011;Mesin Sandi Berbasis Software dan Hardware
3060207012;Alat Pembangkit Kunci
3060207013;Alat Pendistribusi Kunci
3060207014;Crypthopone
3060207015;Crytofax
3060207016;Server Encription
3060207017;Handphone Encription
3060207018;GSM Jammer
3060207019;CDMA Jammer
3060207020;Portable GSM CDMA Jammer
3060207021;Security Communication
3060207999;Alat-Alat Sandi Lainnya
3060208001;Alat DF Radio SSB
3060208002;Super Broom
3060208003;Alat DF Radio HF/FM
3060208004;Scanlock Plus Ceberus
3060208005;Alat DF Radio VHF
3060208006;Stelath Digital Repeater
3060208007;Alat DF Radio UHF
3060208008;Tranking
3060208009;Telepon Taping
3060208010;Stelath
3060208011;Visatelit
3060208012;Mainframe (Alat Komunikasi Khusus)
3060208013;Safe Light Filter
3060208014;Anti Sadap Telepon (Scanbler)
3060208015;Billinf System
3060208016;Room Monitoring MC06
3060208017;Watch Transmiter
3060208018;Ashtray
3060208019;Non Direction Beacon (NDB)
3060208020;Radio Link
3060208021;Localizer
3060208022;Glade Path
3060208023;Midle Marker
3060208024;Radio Communication Matching Switch (RCMS)
3060208025;Direction Very Omni Range (DVOR)
3060208026;Integrated Ground Caommunication System (SGRS)
3060208027;Switching Ground Receiver System (SGRS)
3060208028;Alat Rx Radio SSb
3060208029;Alat Rx Radio HF/FM
3060208030;Alat Rx Radio VHF
3060208031;Alat Rx Radio UHF
3060208032;Alat Jamming Radio SSB
3060208033;Alat Jamming Radio HF/FM
3060208034;Alat Jamming Radio VHF
3060208035;Alat Jamming Radio UHF
3060208036;Alat Spektrum Frek Monitor SSB
3060208037;Alat Spektrum Frek Monitor HF/FM
3060208038;Alat Spektrum Frek Monitor VHF
3060208039;Alat Spektrum Frek Monitor UHF
3060208040;Alat Traffic Analysis
3060208041;Alat Countersurveillance
3060208042;Alat Surveillance
3060208043;Alat Jamming Frekuensi
3060208044;Alat Pengendali Pancaran Gelombang Elektromagnetik (Tempest)
3060208045;Maritim Communication (Marcom)
3060208046;Navigation Telex (NAVTEX)
3060208047;Splite Site
3060208048;Under Water Communication
3060208999;Alat Komunikasi Khusus Lainnya
3060209001;System Control Node Multi Site System
3060209002;Site Base stataion Multi Site System
3060209003;Controll Center
3060209004;E2EEncryption Management Tools
3060209005;Network Monitoring System
3060209006;Switching Matrix and Server
3060209007;Digital Recording System
3060209008;Official Pheripheral
3060209009;Mobile Unit
3060209010;Mobile Gateway
3060209011;Convert Body
3060209012;Repeater RX/TX
3060209013;Repeater Multiband Combiner 4 in 4out
3060209014;Repeater Multiband Combiner 4 in 2out
3060209015;Repeater Multiband Combiner 2 in 2out
3060209016;Repeater CDMA 80PO MHz
3060209017;Repeater CDS 1800 MHz
3060209018;Wide Area Communication Network System
3060209999;Alat Komunikasi Digital Dan Konvensional Lainnya
3060210001;Fully System HUB
3060210002;VSAT System for Remote Terminal
3060210003;Commob (Communication Mobile) VSAT
3060210004;Wireless Base Station + Surveillance Manpack Kit
3060210005;Flyaway
3060210006;Encryption
3060210007;Remote Data Connection Distribution
3060210008;Remote VoIP Gateway E1 Card Interface
3060210009;Spectrum Analyzer for HUB Station
3060210010;Spectrum Analyzer Portable for Field Use
3060210011;UPS 15 KVA for HUB Station
3060210012;UPS 1 KVA for Remote Station
3060210013;Multi Mode Control Radio
3060210014;Inmarsat
3060210015;Perangkat Akses Internet
3060210016;IP Hub Processing
3060210999;Alat Komunikasi Satelit Lainnya
3060211001;Perangkat BTS
3060211002;Base Tranceiver Station (BTS) Portable
3060299999;Alat Komunikasi Lainnya
3060301001;Unit Pemancar MF/MW Portable
3060301002;Unit Pemancar MF/MW Transportable
3060301003;Unit Pemancar MF/MW Stationary
3060301999;Peralatan Pemancar MF/MW Lainnya
3060302001;Unit Pemancar HF/SW Portable
3060302002;Unit Pemancar HF/SW Transportable
3060302003;Unit Pemancar HF/SW Stationary
3060302999;Peralatan Pemancar HF/SW Lainnya
3060303001;Unit Pemancar VHF/FM Portable
3060303002;Unit Pemancar VHF/FM Transportable
3060303003;Unit Pemancar VHF/FM Stationary
3060303004;TRX VHF FM LB BS
3060303005;TRX VHF FM MB BS
3060303006;TRX VHF-UHF AM/FM
3060303999;Peralatan Pemancar VHF/FM Lainnya
3060304001;Unit Pemancar UHF Portable
3060304002;Unit Pemancar UHF Transportable
3060304003;Unit Pemancar UHF Stationary
3060304004;Portable Reporter Link
3060304999;Peralatan Pemancar UHF Lainnya
3060305001;Unit Pemancar SHF Portable
3060305002;Unit Pemancar SHF Transportable
3060305003;Unit Pemancar SHF Stationary
3060305004;Satellite Link ( Up/Down Link )
3060305999;Peralatan Pemancar SHF Lainnya
3060306001;Antene MF/MW Portable
3060306002;Antene MF/MW Transportable
3060306003;Antene MF/MW Stationary
3060306999;Peralatan Antena MF/MW Lainnya
3060307001;Antene HF/SW Portable
3060307002;Antene HF/SW Transportable
3060307003;Antene HF/SW Stationary
3060307999;Peralatan Antena HF/SW Lainnya
3060308001;Antene VHF/FM Portable
3060308002;Antene VHF/FM Transportable
3060308003;Antene VHF/FM Stationary
3060308999;Peralatan Antena VHF/FM Lainnya
3060309001;Antene UHF Portable
3060309002;Antene UHF Transportable
3060309003;Antene UHF Stationary
3060309999;Peralatan Antena UHF Lainnya
3060310001;Antene SHF Portable
3060310002;Antene SHF Transportable
3060310003;Antene SHF Stationary
3060310004;Antena All Band
3060310005;Antena SSB
3060310006;Antena Parabola
3060310999;Peralatan Antena SHF/Parabola Lainnya
3060311001;Translator VHF/VHF Portable
3060311002;Translator VHF/VHF Transportable
3060311003;Translator VHF/VHF Stationary
3060311999;Peralatan Translator VHF/VHF Lainnya
3060312001;Translator UHF/UHF Portable
3060312002;Translator UHF/UHF Transportable
3060312003;Translator UHF/UHF Stationary
3060312999;Peralatan Translator UHF/UHF Lainnya
3060313001;Translator VHF/UHF Portable
3060313002;Translator VHF/UHF Transportable
3060313003;Translator VHF/UHF Stationary
3060313004;TRX V/UHF AM/FM
3060313999;Peralatan Translator VHF/UHF Lainnya
3060314001;Translator UHF/VHF Portable
3060314002;Translator UHF/VHF Transportable
3060314003;Translator UHF/VHF Stationary
3060314999;Peralatan Translator UHF/VHF Lainnya
3060315001;Microwave F P U Portable
3060315002;Microwave F P U Transportable
3060315003;Microwave F P U Stationary
3060315999;Peralatan Microwave F P U Lainnya
3060316001;Microwave Terestrial Portable
3060316002;Microwave Terestrial Transportable
3060316003;Microwave Terestrial Stationary
3060316999;Peralatan Microwave Terestrial Lainnya
3060317001;Microwave TVRO Portable
3060317002;Microwave TVRO Transportable
3060317003;Microwave TVRO Stationary
3060317999;Peralatan Microwave TVRO Lainnya
3060318001;Dummy Load Pendingin Udara
3060318002;Dummy Load Pendingin Air
3060318003;Dummy Load Pendingin Minyak
3060318004;Dummy Load Pendingin Gas
3060318999;Peralatan Dummy Load Lainnya
3060319001;Switcher Combination
3060319002;Switcher Manual
3060319003;Switcher Automatic Motor
3060319004;Switch Lan Alied
3060319999;Switcher Antena Lainnya
3060320001;Self Supporting Tower
3060320002;Guy Tower
3060320003;Mast Tower
3060320004;Concrete Tower
3060320005;Tiang Antena Hidrolik Portable
3060320999;Switcher/Menara Antena Lainnya
3060321001;Open Wire
3060321002;Coaxial Feeder
3060321003;Antenna Tuning Unit
3060321004;Dehydrator
3060321999;Feeder Lainnya (Alat Studio, Komunikasi Dan Pemancar)
3060322001;Dehumidifier (Humidity Control)
3060322999;Humidity Control Lainnya
3060323001;Receiver STL/VHF ( FM)
3060323002;Receiver STL/UHF
3060323003;Receiver STL/SHF
3060323004;TVRO
3060323005;Line Amplifier
3060323006;S R O
3060323007;Line Equalizer
3060323008;Automatic Gain Control
3060323009;Compressor Amplifier
3060323010;Expander Amplifier
3060323011;Attenuator
3060323012;Audio Processor
3060323013;Stereo Generator Fm
3060323014;Distributor Amplifier
3060323015;Switcher/Patch Panel
3060323016;Audio Monitor
3060323017;AM Monitor
3060323018;FM Monitor
3060323019;Power Distribution Board
3060323020;Lightning Protector
3060323021;All Band Receiver
3060323022;Change Over Switch
3060323023;All Band Transceiver
3060323024;Rig Dual Band
3060323999;Program Input Equipment Lainnya
3060324001;Antene Penerima VHF
3060324002;Peralatan Antena Penerima LF
3060324003;Peralatan Antena Penerima MF
3060324004;Peralatan Antena Penerima HF
3060324005;Peralatan Antena Penerima MF+HF
3060324006;Peralatan Antena Penerima VHF
3060324007;Peralatan Antena Penerima UHF
3060324008;Peralatan Antena Penerima SSHF
3060324999;Peralatan Antene Penerima VHF Lainnya
3060325001;Peralatan Pemancar LF Transportable
3060325002;Peralatan Pemancar LF Portable
3060325003;Peralatan Pemancar LF Stationary
3060325999;Peralatan Pemancar LF Lainnya
3060326001;Unit Pemancar MF+HF Transportable
3060326002;Unit Pemancar MF+HF Portable
3060326003;Unit Pemancar MF+HF Stationary
3060326999;Unit Pemancar MF+HF Lainnya
3060327001;Peralatan Antena Pemancar MF+HF Transportable
3060327002;Peralatan Antena Pemancar MF+HF Portable
3060327003;Peralatan Antena Pemancar MF+HF Stationary
3060327999;Peralatan Antena Pemancar MF+HF Lainnya
3060328001;Peralatan Penerima LF
3060328002;Peralatan Penerima MF
3060328003;Peralatan Penerima HF
3060328004;Peralatan Penerima MF+HF
3060328005;Peralatan Penerima UHF
3060328006;Peralatan Penerima SHF
3060328999;Peralatan Penerima Lainnya
3060329001;Unit Transceiver LF Transportable
3060329002;Unit Transceiver LF Portable
3060329003;Unit Transceiver LF Stationary
3060329999;Peralatan Pemancar dan Penerima LF Lainnya
3060330001;Unit Transceiver MF Transportable
3060330002;Unit Transceiver MF Portable
3060330003;Unit Transceiver MF Stationary
3060330999;Peralatan Pemancar dan Penerima MF Lainnya
3060331001;Unit Transceiver HF Transportable
3060331002;Unit Transceiver HF Portable
3060331003;Unit Transceiver HF Stationary
3060331004;Rs Ssb Tranciever
3060331005;Mini Ranger
3060331006;Artemis
3060331007;Telerometer
3060331999;Peralatan Pemancar dan Penerima HF Lainnya
3060332001;Unit Transceiver MF+HF Transportable
3060332002;Unit Transceiver MF+HF Portable
3060332003;Unit Transceiver MF+HF Stationary
3060332004;Differential Omega (Peralatan Pemancar Dan Penerima Mf+hf)
3060332999;Peralatan Pemancar dan Penerima MF+HF Lainnya
3060333001;Unit Transceiver VHF Transportable
3060333002;Unit Transceiver VHF Portable
3060333003;Unit Transceiver VHF Stationary
3060333999;Peralatan Pemancar dan Penerima VHF lainnya
3060334001;Unit Transceiver UHF Transportable
3060334002;Unit Transceiver UHF Portable
3060334003;Unit Transceiver UHF Stationary
3060334004;Ultra Hight Frequence Link
3060334005;Auto Alarm Tustel (AAT)
3060334006;Distribution Board and Signal Unit
3060334007;Remote Terminal Unit
3060334008;Multiplex Terminal Equipment
3060334009;Signal Velvoger Grounding
3060334010;Bridge Merger Testing
3060334011;Message Repeater
3060334012;Electric Cleaner
3060334013;Aotomatic Aerlale
3060334014;Power and Awr Meter Round
3060334015;Voltage Regulator
3060334016;Gyro Compass
3060334017;Frequence Synthesizer Unit
3060334018;Vodas (Voice Devise Anti Singing)
3060334019;Anemometer (Peralatan Pemancar Dan Penerima UHF)
3060334020;Clear View Screen
3060334021;Arq unit
3060334022;Radio Direction Finder
3060334023;Power transmitter
3060334024;Tele Controller
3060334025;Local Terminal
3060334026;Digital Selective Calling (DSC)
3060334027;Portable Digital Direction Finder
3060334028;Exciter
3060334999;Peralatan Pemancar dan Penerima UHF Lainnya
3060335001;Unit Transceiver SHF Transportable
3060335002;Unit Transceiver SHF Portable
3060335003;Unit Transceiver SHF Stationary
3060335004;Low Noise Amplifier SHF
3060335999;Peralatan Pemancar dan Penerima SHF Lainnya
3060336001;Unit Antena Transceiver LF Transportable
3060336002;Unit Antena Transceiver LF Portable
3060336003;Unit Antena Transceiver LF Stationary
3060336999;Peralatan Antena Pemancar dan Penerima LF Lainnya
3060337001;Unit Antena Transceiver MF Transportable
3060337002;Unit Antena Transceiver MF Portable
3060337003;Unit Antena Transceiver MF Stationary
3060337999;Peralatan Antena Pemancar dan Penerima MF Lainnya
3060338001;Unit Antena Transceiver HF Transportable
3060338002;Unit Antena Transceiver HF Portable
3060338003;Unit Antena Transceiver HF Stationary
3060338999;Peralatan Antena Pemancar dan Penerima HF Lainnya
3060339001;Unit Antena Transceiver MF+ HF Transportable
3060339002;Unit Antena Transceiver MF+HF Portable
3060339003;Unit Antena Transceiver MF+HF Stationary
3060339999;Peralatan Antena Pemancar dan Penerima MF+HF Lainnya
3060340001;Unit Antena Transceiver VHF Transportable
3060340002;Unit Antena Transceiver VHF Portable
3060340003;Unit Antena Transceiver VHF Stationary
3060340999;Peralatan Antena Pemancar dan Penerima VHF Lainnya
3060341001;Unit Antena Transceiver UHF Transportable
3060341002;Unit Antena Transceiver UHF Portable
3060341003;Unit Antena Transceiver UHF Stationary
3060341999;Peralatan Antena Pemancar dan Penerima UHF Lainnya
3060342001;Unit Antena Transceiver SHF Transportable
3060342002;Unit Antena Transceiver SHF Portable
3060342003;Unit Antena Transceiver SHF Stationary
3060342999;Peralatan Antena Pemancar dan Penerima SHF Lainnya
3060343001;Alat Penerima Satelite Cuaca
3060343999;Peralatan Penerima Cuaca Citra Satelite Resolusi Rendah Lainnya
3060344001;Alat Penerima Satelite Cuaca Geo Stasimeter
3060344002;Alat Penerima Satelite Cuaca Orbit Polar
3060344999;Peralatan Penerima Cuaca Citra Satelite Resolusi Tinggi Lainnya
3060345001;Scanner Facsimile
3060345002;Alden Minifax Recorder
3060345003;Universal Graphic Recorder
3060345004;Weather Chart Recorder
3060345999;Peralatan Penerima dan Pengirim Gambar ke Permukaan Lainnya
3060346001;Box Battery
3060346002;Cutton Duck
3060346003;Carring Case
3060346004;Hand Set
3060346005;Conecctor
3060346999;Peralatan Perlengkapan Radio Lainnya
3060347001;BA-30
3060347002;Genset
3060347003;Solar Cell
3060347004;Charger
3060347999;Sumber Tenaga Lainnya
3060399999;Peralatan Pemancar Lainnya
3060401001;Standard Instrumen Landing System
3060401002;Microwave Landing System
3060401999;Peralatan Komunikasi Navigasi Instrumen Landing System lainnya
3060402001;Conventional VOR (CVOR)
3060402002;Doople VOR (DVOR)
3060402999;Very Hight Frequence Omni Range (VOR) Lainnya
3060403001;Transponder DME
3060403002;Antena DME
3060403003;BEACON
3060403004;NDB
3060403005;DB
3060403006;Radar Beacon
3060403007;Differential Omega (Distance Measuring Equipment (dme))
3060403008;Differential GPS
3060403009;GPS Khusus Geofisika
3060403999;Distance Measuring Equipment (DME) Lainnya
3060404001;Primary Surveillance Radar
3060404002;Secondary Surveillance Radar
3060404003;Drone Detection System
3060404999;Radar Lainnya
3060405001;Message Switching Center (MSC)
3060405002;Automatic Message Switching Center (AMSC)
3060405003;Current Console Regulator
3060405004;Controller Console PVC
3060405006;No Break Casinet
3060405007;Telegraphic Frame
3060405008;Morden
3060405009;Radio Console
3060405010;Supervisori Console
3060405999;Alat Pengatur Telekomunikasi Lainnya
3060406001;Unit Tape Recorder
3060406002;Unit Time Announcing
3060406003;Unit Master Clock
3060406004;Unit Reproducer
3060406005;Unit Remote Control
3060406999;Peralatan Komunikasi Untuk Dokumentasi Lainnya
3060407001;Backup Satellite Control Center (BSCC)
3060499999;Peralatan Komunikasi Navigasi Lainnya
3070101001;Sterilisator
3070101002;Minor Surgical Set (Alat Kedokteran Umum)
3070101003;Diagnostik Set
3070101004;Stetoscope (Alat Kedokteran Umum)
3070101005;Tensimeter
3070101006;Wickham
3070101007;Head Lamp (Alat Kedokteran Umum)
3070101008;Waskom
3070101009;Timbangan Badan (Alat Kedokteran Umum)
3070101010;Timbangan Bayi
3070101011;Kocher
3070101012;Metal Chatheeter
3070101013;Sluf Zone
3070101014;Anaromische Pinset
3070101015;Chirurgical Pinset
3070101016;Naalvoeder
3070101017;Arteriklem
3070101018;Instrumen Cabinet
3070101019;Agraat
3070101020;Gunting Bengkok
3070101021;Gunting Lurus
3070101022;Lemari Steriil
3070101023;Air Viva
3070101024;Alat Ganti YKBS
3070101025;Ambubag
3070101026;Tabung 02
3070101027;Aplanation Termometer
3070101028;Autoclave Table
3070101029;Automatic Chart Proyektor
3070101030;Automatic Spray Gonometer
3070101031;Bak Catheter
3070101032;Bak Instrument (Stainles,Kaca,Email)
3070101033;Bak Korentang (Stainles)
3070101034;Bak Spuit
3070101035;Balon Spray
3070101036;Bantal Angin/Wind Ring
3070101037;Basic Diagnostic Kit (Alat Kedokteran Umum)
3070101038;Bed Side Monitor
3070101039;Bed Skreen/Sherm
3070101040;Blass Spuit (Glass,Metal)
3070101041;Blood Exchange Set (Alat Kedokteran Umum)
3070101042;Brancard
3070101043;Buli-Buli Panas
3070101044;Butomous P 02 Modul
3070101045;Canula Rectal
3070101046;Capagati 3 L
3070101047;Centrifuge (Alat Kedokteran Umum)
3070101048;Chytologi Bantal
3070101049;Clinical Thermometer (Alat Kedokteran Umum)
3070101050;Co2 Analyzer (Alat Kedokteran Umum)
3070101051;Colonofibers Cape
3070101052;Combilag
3070101053;Corn Image Interserver
3070101054;Dale Dagion (Alat Kedokteran Umum)
3070101055;Defision Sehafulla Telector
3070101056;Desk Suction System
3070101057;Digital Oscamolis
3070101058;Direct Reading Desimeter
3070101059;Dressing Card
3070101060;Electro Cardiography (Alat Kedokteran Umum)
3070101061;Elektro Counter
3070101062;Ergometer Sensor
3070101063;Esche Palce
3070101064;Examination Lamp
3070101065;Examination Table
3070101066;Fantex Mark
3070101067;Film Viewer
3070101068;Flow Meter (Alat Kedokteran Umum)
3070101069;Flow Meter 02
3070101070;Flurecent Lamp Komplit
3070101071;Forcep Neagle/Kieland/Piper
3070101072;Freakter EF 502
3070101073;Gantungan Urin Bag
3070101074;Gilycerin Spuit
3070101075;Giving Set (Alat Kedokteran Umum)
3070101076;Groses Shalt Mogoglo Pamator
3070101077;Hypeal Carter
3070101078;Ice Crag
3070101079;Ice Cup
3070101080;Infusion Pump
3070101081;Instrument Tray
3070101082;IPPO
3070101083;Irrigator
3070101085;Kariek Half Lazer
3070101086;Kom Kompres (Alat Kedokteran Umum)
3070101087;Kom Stainles (Drain,Gaas,Tampon)
3070101088;Korentang
3070101089;Laundry Tuch
3070101090;Laser Unit
3070101091;Lono Premansi Stimulator Adi
3070101092;Low Presure Continous
3070101093;Magil Tang (Dewasa,Anak)
3070101094;Mangkok/Kom Betadin (Stainless,Keramik/China)
3070101095;Mark Biotazer
3070101096;Meja Suntik Beroda
3070101097;Lemari Obat (Kaca)
3070101098;Module Parabeden Trandezer
3070101099;Nasal Clip
3070101100;Natrilisangfas Fas Instal
3070101101;Nebulizer Perimeter (Anesthesi)
3070101102;Needle Holder
3070101103;Netlin
3070101104;Nichulis
3070101105;Nierbekhen
3070101106;Neonatal Monitor (Alat Kedokteran Umum)
3070101107;One Compartement Warrobe (Alat Kedokteran Umum)
3070101108;Operating Lamp
3070101109;Oxygen Therapy Set Lengkap
3070101110;Pathologi Equipment
3070101111;Pereksimea Fondus
3070101112;Perfin Disposseri
3070101113;Pispot Anak
3070101114;Pispot Dewasa
3070101115;Plase Phone Doples
3070101116;Prape For Memory Dan Typloid
3070101117;Presatre Module
3070101118;Primatik Nidel
3070101119;Pulse Oximeter
3070101120;Reflex Hammer (Alat Kedokteran Umum)
3070101121;Respirator (Alat Kedokteran Umum)
3070101122;Resusitasi Dewasa
3070101123;Resusitasi Anak
3070101124;Resusitasi Bayi
3070101125;Rinnon Miliable Resaftor
3070101126;Rolling Seal Type
3070101127;Kursi Dorong
3070101128;R-HER Coacgulator
3070101129;Saeperingsystem
3070101130;Schates
3070101131;Screm Holder Red
3070101132;Setum Adrenalin
3070101133;Seven Solar Duble Midel
3070101134;Suction Pump
3070101135;Sonde Uterus (Alat Kedokteran Umum)
3070101136;Spatel Lidah
3070101137;Spoon Oxigen Correction
3070101138;Sputum Bak/Pot
3070101139;Standar Infus
3070101140;Standar Waskom
3070101141;Standard Colector For Table
3070101142;Steritionoscope Transpometer
3070101143;Stimulator (Alat Kedokteran Umum)
3070101144;Syringe Pump (Alat Kedokteran Umum)
3070101145;Temperatur Monitor
3070101146;Termometer Mercury Untuk Suhu Badan
3070101147;The Newsillerstration Of Acpint
3070101148;Timer Ekolo
3070101149;Tre Chanel Extra Cardiografi
3070101150;Trigatus
3070101151;Tromol Has
3070101152;Urinal
3070101153;U S G
3070101154;Utility Trolly
3070101155;UV Sterilizer
3070101156;Cool Light
3070101157;Vegdes Labry Splyt Genotpone
3070101158;Vena Sectie Set
3070101159;Wall Rail System
3070101160;Holter Panthon (RM)
3070101161;Went Allyn Apthacape
3070101162;Senter (Alat Kedokteran Umum)
3070101163;Refloton
3070101164;Meja Fisiotherapie
3070101165;Aeskular
3070101166;Pinset Anatomi
3070101167;Fris Ard
3070101168;Tong Spatel
3070101169;The Sun Ancom Oxigen Exer
3070101170;Electronic Stethoscope
3070101171;Thermometer Gun
3070101172;Digital Thermometer
3070101173;Bilik Desinfectan
3070101174;Bed Side Cabinet
3070101175;Over Bed Table
3070101176;Vein Finder With Stand
3070101177;Vein Finder
3070101178;Infrared vein Finder
3070101179;Troli Obat
3070101180;Needle Crusher/Penghancur Jarum Suntik
3070101999;Alat Kedokteran Umum Lainnya
3070102001;Dental Chair
3070102002;Dental Unit
3070102003;Dental X-Ray Unit
3070102004;Air Set Airomatik
3070102005;Dental Hand Instruments Set
3070102006;Oral Surgical Set
3070102007;Apdent Juster
3070102008;Aero Sterisator
3070102009;Operating Chair
3070102010;Infra Red
3070102011;Sendok Cetak
3070102012;Clinical Chair
3070102013;Dosator
3070102014;Minor Surgical Set (Alat Kedokteran Gigi)
3070102015;Detal Sergion Set
3070102016;Polish Motor
3070102017;Gavitron Generator
3070102018;Niva Lite
3070102019;Portable Dental Unit
3070102020;Dental Ultra Sonic
3070102021;U.V. Lamp (Alat Kedokteran Gigi)
3070102022;Amalgamator
3070102023;Terminator
3070102024;Airimatik 205 Dental Unit
3070102025;Amalgam Pistol/Stoper (Alat Kedokteran Gigi)
3070102026;Articulator Free Place
3070102027;Bend Pusher
3070102028;Berge Fail
3070102029;Bistal End Cutter
3070102030;Bond Seater
3070102031;Boor Gigi
3070102032;Bracket Holder
3070102033;Burnisher
3070102034;Hand Piece
3070102035;Chisel
3070102036;Cirto Jec
3070102037;Contra Angel
3070102038;Crown Remover
3070102039;Cryer
3070102040;Curret Gigi
3070102041;Curret Lurus/Bengkok
3070102043;Cuvert
3070102044;Dillarosa
3070102045;Electro Lyte Polisher
3070102046;Engine Machine
3070102047;Engine Portable Lengkap
3070102048;Exkavator
3070102049;Finger Protector
3070102050;Hand Stuk/Hand Pice
3070102051;Handel Miss
3070102052;Heliosit - Heliomat
3070102053;Hendpiece Airbin 400.000 Rpm
3070102054;Hoestuk (Mikrometer)
3070102055;How Flier Bengkok Lurus
3070102056;Intra Olral
3070102057;Jangka
3070102058;Jelenko Colid Bath
3070102059;Kaca Mulut/Spigel
3070102060;Kikir Gigi
3070102061;Knabel Tang (Alat Kedokteran Gigi)
3070102062;Knope Sonda
3070102063;Laboratorium Hathe
3070102065;Laring Suprane Dental Unit Shimatic 20 cc/Fontell
3070102066;Laring Supreme Dental Unit
3070102067;Light Curing Unit
3070102068;LIP Retraktor
3070102069;Mouth Piece
3070102070;Motor Gigi Fora Tanpa Handpiece
3070102071;Mouth Retraktor
3070102072;Mouth Speder
3070102073;Odner Bending
3070102074;Okludator
3070102075;Palishing Motor
3070102076;Pengukur Bracket
3070102077;Physiodispenser Implant + Microsurgery
3070102078;PIK Hak Gigi
3070102079;Pinset Dental
3070102080;Pisau Lilin/Wasmess/Wax Knife
3070102081;Plastik Instrument
3070102082;Press Untuk Dua Kafet
3070102083;Press Untuk Satu Kapet
3070102084;Prostetic Engine
3070102085;Raspatorium
3070102086;Semen Stoper
3070102087;Shade Guide
3070102088;Slip Join
3070102089;Spatel Gips
3070102090;Speculum Gigi
3070102091;Spoot Welder
3070102092;Tang Clamer
3070102093;Tang Ektrasi (Dewasa,Anak)
3070102094;Tang Omega
3070102095;Tang Pengukur Bracket Depan/Belakang
3070102096;Tang Rahang Bawah
3070102097;Tang Removable Appliance
3070102098;Tang Serba Guna
3070102099;Tang Set
3070102100;Tang Spatel/Kawat
3070102101;Tang Sporasi
3070102102;Tang Tulang
3070102103;Tastim Instrument Manual
3070102104;Vacuum Mixer
3070102105;Wang Hak
3070102106;Yudir Klem
3070102107;Zuig Kanule
3070102108;Infus Standard Mac High 2 M
3070102109;Kompresor Jun Air
3070102110;Prisma Life System (Sinar Halogen)
3070102111;Compresor Gigi
3070102112;Scaller
3070102113;Scaller Callat Scalling
3070102114;Matrix
3070102115;Mortir and B Stamper
3070102116;Pisau Operasi/Scapel
3070102117;Pisau Crown/Lecron
3070102118;Bein
3070102119;Alat Ra Foto
3070102120;Tang Incicivus Atas Susu
3070102121;Tang Molare Atas Susu
3070102122;Tang Radix Atas Susu
3070102123;Tang Radix Bawah Susu
3070102124;Tang Incicivus Atas
3070102125;Tang Radix Posterior Atas
3070102126;Tang Radix Anterior Atas
3070102127;Tang Molar Atas Kiri
3070102128;Tang Molar Atas Kanan
3070102129;Tang Molar Bawah
3070102130;Tang Incicivus/Anterir Bawah
3070102131;Tang Radix Bawah
3070102132;Tang Molar Tiga Atas/Modifikasi
3070102133;Alat Espe Eliper
3070102134;Rasparaxtium
3070102135;Carving Amalgam
3070102137;Needle Halder
3070102138;Composite Polishing Kit
3070102139;Cito Ject
3070102140;Glass Ionomer
3070102141;Composite Finishing Kit
3070102142;Panoramic Cephalometric 
3070102143;Alat Pemangkas Gigi Palsu
3070102144;Imaging Plate Scanner
3070102999;Alat Kedokteran Gigi Lainnya
3070103001;Genekologi Tabel
3070103002;Tromol Gaas
3070103003;Service Model Kit
3070103004;Speculum Model Kit
3070103005;Uterin Dressing
3070103006;Speculum
3070103007;Instrumen Tray
3070103008;Uterin Zone
3070103009;Extraktur IUD
3070103010;Model Implan
3070103011;Pengait IUD
3070103012;Trocar Implan
3070103013;Vasektomi Dissecting Clam
3070103014;Vasektomi Kit Fix Ing Clam
3070103999;Alat Kedokteran Keluarga Berencana Lainnya
3070104001;Minor Surgeri Set
3070104002;Mayor Surgeri Set
3070104003;Nephrectomy Set
3070104004;Circumsision Set
3070104005;Orthopedy Set
3070104006;Rectum Set
3070104007;Tractheotomy Set
3070104008;Gastro Instestinal Set
3070104009;Blas And Urology Set
3070104010;Thyroidectomy Set
3070104011;Anaesthesi App
3070104012;Operating Table Bedah
3070104013;Electro Surgery Unit
3070104014;Endoscopy Unit
3070104015;Operating Microscope (Alat Kedokteran Bedah)
3070104016;Cryo Surgery
3070104017;Ultra Sound Cleaner
3070104018;Colposcope (Alat Kedokteran Bedah)
3070104019;Echotonometer
3070104020;Instalasi Gas Medik
3070104021;Laser Coagulator
3070104022;Mobile Operating Lamp
3070104023;Polygraph
3070104024;Mobile X-Ray C-Arm
3070104025;Abdomal Surgery Set
3070104026;Abdominal Spatulas
3070104027;Instrument Bedah Syaraf
3070104029;Allis Klem
3070104030;Amputation Surgery Set
3070104031;Anuscope (Anak,Dewasa)
3070104032;Anuscopy Set
3070104033;Operating Teaches Light Strestes
3070104034;Appendectomy Instrumen Set
3070104035;Approach Sinator
3070104036;Arthroscopy
3070104038;Basic Surgical Instrument
3070104039;Biopsi Forceps TB.100 (Olympus)
3070104040;Biopsi Tang
3070104041;Boor Listrik
3070104042;Bougie (Higar, Metal,Urethra)
3070104043;Buldog
3070104044;Burn Tang Lengkap Dengan Lift
3070104045;Busteustinal Clam Curved
3070104046;C B D
3070104047;Canule
3070104048;Ceiling Operating Lamp 7 M Halogen
3070104049;Child Basic Instrument Set
3070104050;Choledofiberscope
3070104051;Chromovision
3070104052;Clips Forcep
3070104053;Colone Fiberscope
3070104054;Comiatun Set
3070104055;Curve Long Rirtonal
3070104056;Cusa Cover
3070104057;Cutting Mikro Spacement
3070104058;Cystoscopy
3070104059;Czerny Gall Stone Forceps
3070104060;Deaver Rectraktor
3070104061;Debaky Aortile Aneorysm Clamp
3070104062;Debaky Cardiovascular Scissors
3070104063;Debaky Pean Forceps Cun
3070104065;Deower Retractor
3070104066;Desjardin Galls T Scoop Fig
3070104067;Dopscan
3070104068;Dual Temperature Steam Stirilizer
3070104069;Duck Klem (Besar,Kecil)
3070104070;Dupal
3070104071;Electric Suction Pump
3070104072;Electric Table
3070104073;Electric Cauter
3070104074;Emergency Trolley
3070104075;Endophare
3070104076;Examination Light
3070104077;Fuged Air Lig And Diss Pcs
3070104078;Gagang Bisturi/Handput Pisau/Scapel
3070104079;Garpu/Rectractor
3070104080;Gayon Renal Pedicle Clam
3070104081;Gergaji Gips Biasa
3070104082;Gergaji Gips Listrik
3070104083;Gynaecologi Operating Set
3070104084;Hak Langen Beck
3070104085;Hak Pembuka Otot
3070104086;Heacting Set
3070104087;Hend Surgical Set
3070104088;Herniotomi Set
3070104089;Hernia Instrumen Set
3070104090;Hoesel
3070104091;Instrument Pin
3070104092;Instrument Lany
3070104093;Intestinal Instrument
3070104094;Israel Retractor
3070104095;Jacob Yuls Forceps
3070104097;Jening Mouth
3070104098;Kien Nail
3070104099;Kikir Osteotomi (Lengkung,Lurus)
3070104100;Klem Jaringan
3070104101;Klem Pangkal
3070104102;Knabel Tang (Alat Kedokteran Bedah)
3070104103;Kocher Atizu Intest Foceps
3070104104;Kocher Rectraktor
3070104105;Kocherpis Sonde
3070104106;Kom Kompres (Alat Kedokteran Bedah)
3070104107;Kom Novocain
3070104108;Kursi Zeis
3070104109;Laminectomy Set
3070104110;Langen Back Retractor
3070104111;Laparatomi Set
3070104112;Laparoscopy Cholecystectomy
3070104113;Laringecetomi Set
3070104114;Lawrece Disecting Forceps
3070104115;Life Care Pump
3070104116;Mainzlo Scisor
3070104117;Manual Amprytation Set
3070104118;Marinus Intstimal And Stomah Fcps
3070104119;Masquito Klem
3070104120;Mayo Blake Galls Tone Forceps
3070104121;Mayo Table Stand Mobile, Stainles Steel
3070104122;Mayo Vaginal Ugosit Set
3070104123;Meeker Disection Clamp
3070104124;Meja Gynokologie
3070104125;Meja Opel Model Recal 700
3070104126;Meja Operasi Minor
3070104127;Mesh Graft Dermatome
3070104128;Micro E Controller
3070104129;Micro Surgery Set
3070104130;Miiddledorff Rectraktor
3070104131;Mikulit
3070104132;Milculica Pertal Full Cvd
3070104133;Minor Anesthetic Apparatus
3070104134;Minor Basic Set
3070104135;Mixter Disecting Forceps
3070104136;Multipurpose Operating Table With Standard Accessories
3070104137;Mytle Prube (LEAP)
3070104138;O HAAK
3070104139;Operating Tekvation
3070104141;Orthopedi Instrument Set
3070104142;Osteotomi Knife (Lengkung,Lurus)
3070104143;Park Rectractor
3070104144;Part Director
3070104145;Perforator 50 Electric
3070104146;Pinset Bayonet (Alat Kedokteran Bedah)
3070104147;Pinset Klem
3070104148;Pistol (Ramratial Szannor)
3070104149;Plastic Surgery
3070104150;Probe
3070104151;Rectal Apuraty Set
3070104152;Rectasiguwi Tescophy
3070104153;Rectum Canule
3070104154;Resectoscope Set
3070104155;Retractor
3070104156;Rige Led Mixer
3070104157;Roux Rectraktor
3070104158;Set Haemoroid
3070104159;Set Kidney
3070104160;Set Klem Hepar
3070104161;Set Laparoscope
3070104162;Set Sonde Urologi
3070104163;Set Statuisky
3070104164;Set Thoracotomy
3070104165;Set Vasculer
3070104166;Sigmoid Clam
3070104167;Skin Hook
3070104168;Sponge Holding
3070104169;Star Fand
3070104170;Stright Long Rirtonal
3070104171;STSG
3070104172;Surgery For Cancer Of The Oeskoplesus
3070104173;Surgical Forsep
3070104174;Surgical Instrument Basic
3070104175;Surgical Instrument
3070104176;Surgical Siazes
3070104177;Surgical Slym
3070104178;Syringe Pump (Alat Kedokteran Bedah)
3070104179;Tang Mazeuk
3070104180;TC Stexidord SCS BL-BL STRr
3070104181;Thoracotomy Set
3070104182;Thorasic Orthopedi Surgery Set
3070104185;Tracheotomy Set (Alat Kedokteran Bedah)
3070104186;Trapomation Set
3070104187;Tricar Jarum
3070104188;Troicart (Alat Kedokteran Bedah)
3070104189;Turner Warwick Gall Ston Fcf
3070104190;Urological Surgery Set
3070104191;Vaginal Hytrectomy
3070104192;Vena Sectic Set
3070104193;Verband Set
3070104194;Vesual Caesar
3070104195;Wound Hak
3070104196;Zeis
3070104999;Alat Kedokteran Bedah Lainnya
3070105001;Normal Delevey Set
3070105002;Hysterectomy Set
3070105003;Caesarean Section Set
3070105004;Pathologikal Delivery Set
3070105005;Embryotomy Set
3070105006;Vaginal Sterilization
3070105007;Perinatologi Set
3070105008;Curetage And Dilation Set
3070105009;Vaginal Repair Set
3070105010;Basic Obstetric Set
3070105011;Gynecological Examining Table
3070105012;Operating Table For Gynecologi
3070105013;Trubes Stethoscop
3070105014;Irrigator Stand Single
3070105015;Irrigator Botlo Complete With Irrigating Tube
3070105016;Blader Syringe Complete
3070105017;Nelaton Chateter Urethal Ruber Catheter 12-14-16-18FR
3070105018;Metal Catheter For Female No.8.9.10.11 Depan Bengkok
3070105019;Umbilical Clam
3070105020;Umbilical Soissor 16 Cm Stainless Steel
3070105021;Umbilical Cord Replaiting Set Instrumens
3070105022;Plasenta Basis Stainless Steel
3070105023;Baby Bath Tub
3070105024;Scale For New Born Baby Capasity 15 Kgs
3070105025;Indewaling Catheter Infan Feading
3070105026;Premature Infans Incubator
3070105027;Oxygen Regulator
3070105028;Oxygen Recisitator For Infans
3070105029;Hiswivery Cufit Bag
3070105030;Intravenous Giving Set
3070105031;Cusco Vaginal Speculum Size L.S.M
3070105032;Crages Vaginal Speculum Size L.S.M
3070105033;Kresteler Vaginal Speculum
3070105034;Sinson Vaginal Retractor Size L.S.M
3070105035;Braun Uterine Syringe
3070105036;Dilator For Eclamsia Set Of 8 Pcs
3070105037;Uterine Catheter Dilating & Irrigating Steel
3070105038;Sinon Uterine Scoope 24 Cm Stainless Steel
3070105039;Bosemen Tampon Forceps 25 Cm Stainless Steel
3070105042;Schroder Vulselum Forceps 13 Cm Stainless
3070105043;Schroder Vulselum Forceps
3070105044;Plasenta Forceps 28 Cm Stainless Steel
3070105045;Sim Utarine Currete Blunt Sharp No.1 No.425 Cm SS
3070105046;Uterine Scoope With Burts 24 Cm SS
3070105047;Uterine Biopsy Punc 24 Cm Stainless Steel
3070105048;Thom Geylor Specement 22 Cm Stainless Steel
3070105049;Siebold Uterine Scissor 24,5 Cm Stainless Steel
3070105050;Naegle Obsterical Forceps 35,5 Cm Stainless Steel
3070105051;Kielland Obsterical Forceps 38 Cm Stainless Steel
3070105052;Piper Obsterical Forceps 44 Cm Stainless Steel
3070105053;Naegle Perferator 27 Cm Stainless Steel
3070105054;Vacuum Extractor (Alat Kesehatan Kebidanan Dan Penyakit Kandungan
3070105055;Foetal Monitoring
3070105056;Kymograhy Hydro/Co2
3070105057;Cardiotocography
3070105058;Electro Cardiography (Alat Kes. Kebidanan & Penyakit Kandungan)
3070105059;Neonatal Resuscitation
3070105060;Baby Incubator (Alat Kesehatan Kebidanan Dan Penyakit Kandungan)
3070105061;Abortus Tang
3070105062;Adult Volume Ventilator
3070105063;Alat Partus Set
3070105064;Aligator
3070105065;Angkat Agraf Set
3070105066;Automatic Blood Cheminaryan Analizer (Hitachi)
3070105067;Basto Vaginal Instrument Set
3070105068;Bois Pump
3070105069;Bone Cutting Forcep Roger
3070105070;Bone Holder Forcep Regular
3070105071;Bongil Cosophagles/Sewart
3070105072;Born Curret
3070105073;Born Retektor
3070105074;Breast Pump
3070105075;Buslo Nasinal Instrument
3070105076;Calpohaply Set
3070105077;Canule Vaccum Curret
3070105078;Cardiotocography Unit
3070105079;Colposcope (Alat Kesehatan Kebidanan Dan Penyakit Kandungan)
3070105080;Combined Vacuum Estractor & Curetage
3070105081;Cryosurgery
3070105082;Cup Vaccum Ektraksi
3070105083;Dopler (Fetal Heart Sound Detector)
3070105084;Dikapitasi Hak
3070105085;Flash Monted Box 54 Demision
3070105086;Foethal Phone
3070105087;Forcep Fulture
3070105088;Forceps Neagle/Kieland/Piper
3070105089;Granid Clas
3070105090;Gynecology Examination Set
3070105091;HPP Set
3070105092;Hysteroscope
3070105093;Instrument Boiler
3070105094;Instrument Trolley, Stainless Steel
3070105095;Kogel Tang
3070105096;Kymograhic Tubal Insufpaltiang
3070105097;Lampu Gynaecologi
3070105098;Lead Sit With Recable Electric Mell
3070105099;Longtissu Forcep
3070105100;Mayor Vaginal
3070105101;Minilaparatomy Instrument Set
3070105102;Miswivery Outfitbag
3070105103;More Lip Protesis
3070105104;Nasinal Hytrektomi
3070105105;Obstetric Diagnostic Kit
3070105106;Oxygen Therapy Set
3070105107;Partus Instrument Set
3070105108;Pemecah Ketuban
3070105109;Pengait Brawn
3070105110;Pengukur Panggul
3070105111;Resusitator Untuk Baby Ambu
3070105112;Retractor (Simon Vaginal Retractor)
3070105113;Sendok Curret
3070105114;Sonde Lurus
3070105115;Sonde Uterus (Alat Kesehatan Kebidanan Dan Penyakit Kandungan)
3070105116;Stainless Steel Ware Set
3070105117;Stretur Wira
3070105118;Sutere Episiotomi Set
3070105119;Tampon Tang
3070105120;Toraxis Catheter
3070105121;U S G For Obsgyn
3070105122;Uterial Clamp
3070105123;Uterine Dressing Forceps 23 Cm Stainless Steel
3070105125;Vasikal Vaginal Petrolarepair Set
3070105126;Visical Vaginal Futula Repair Set
3070105127;Alat Periksa Kehamilan
3070105128;Scherm
3070105129;Toples
3070105130;Pinset Chirurigris
3070105131;Nalfolder
3070105132;Klem (Alat Kesehatan Kebidanan Dan Penyakit Kandungan)
3070105133;Cardio Aid
3070105134;Tabung Periksa Uric
3070105135;Koher Tang
3070105136;Ekg Manual
3070105137;Bidan Kit Set
3070105138;Infant Warmer
3070105999;Alat Kesehatan Kebidanan Dan Penyakit Kandungan Lainnya
3070106001;Ear Diagnosis Set
3070106002;Nose Diagnosis Set
3070106003;Throat Diagnosis Set
3070106004;Mastoidectomy Set
3070106005;Tonsilectomy Set
3070106006;Audiometer (Alat Kedokteran Tht)
3070106007;Portable Diagnostic (Alat Kedokteran THT)
3070106008;Soundprocibox (Alat Kedokteran Tht)
3070106009;Diagnostic Lamp (Alat Kedokteran Tht)
3070106010;Othoscope
3070106011;ENT Treatment
3070106012;Sinuscope
3070106013;Rhinoscope
3070106014;Pharyngoscope
3070106015;Laryngoscope
3070106016;Nasofaringoscope
3070106017;Respiration Apparatus
3070106018;Minor Electro Surgery
3070106019;Evoke Response Potensial (Alat Kedokteran THT)
3070106020;Adenoid Curretes
3070106021;Applicator Farrel
3070106022;Atrum Sonden
3070106023;Audiometer Unit
3070106024;Othoscope Maching Haline
3070106025;Basic Ent Instrument Set
3070106026;Beitel Cekung/Datar
3070106027;Binocular Loupe (Alat Kedokteran THT)
3070106028;Bond Curetage
3070106029;Bronchoscoop
3070106030;Bugie Sinus
3070106031;Cold Light Sumuk
3070106032;Cold Well Luc
3070106033;Canule Hidung
3070106034;Canule Falif Tang
3070106035;Canule Mulut
3070106036;Canule Sachen Hidung
3070106037;Canule Sachen Mulut
3070106038;Canule Telinga
3070106039;Cap Forcep
3070106040;Cerumen Haak
3070106041;Comunicidal Protex
3070106042;Corong Telinga
3070106043;Corpus Alienum Hak
3070106044;Cerumen Hak
3070106045;Desektor
3070106046;Desopagus Cape
3070106047;Dessecting Forceps Standar
3070106048;Diagnostic Audio Meter
3070106050;E N G
3070106051;Ear Curretes
3070106052;Ear Dresing Forcep
3070106053;Ear Hook Jensen
3070106054;Ear Spoon
3070106055;Ear Syring Kaca
3070106056;Echeel Cair (Englau) (PPM)
3070106057;Elevator-Langenbeck
3070106058;Endaural Curretes
3070106059;Endoscopy Set
3070106060;Entradmen Mint U 402/Yasju (PPM)
3070106061;Entreatmen Unit Pretty Model (Daichi)
3070106063;Excophagual Disposible Stetescope
3070106064;Galibrator
3070106065;Haak Hidung
3070106066;Hand Dail Foat With 6 Pers Bumr 220 Volt
3070106067;Head Lamp (Alat Kedokteran THT)
3070106068;Impedance Meter
3070106069;Irrigating Trocar
3070106070;Kaca Larynx
3070106071;Kidney Tary Inok
3070106072;Kikir Tulang Nasal
3070106073;Killian
3070106074;Knife Hand
3070106075;Laringos 4 Beadeomin Lookzeeter
3070106076;Laringos Spatale 5380 And 133/mm
3070106077;Mansifeder Defis
3070106078;Meadlight Halogen/Welak Allyn Usa (PPM)
3070106079;Mikro Curitage
3070106080;Mikro Laringoscopy
3070106081;Mikro Respatorium
3070106082;Modulas Monitoring System
3070106083;Mough Gags/With Head
3070106084;Mouth Speder (Devis)
3070106085;Muadiatias Cape Benatoal (Loka)
3070106086;Myringotomy Set
3070106087;Nasal Canule Adsen
3070106088;Nasal Polypus Snare
3070106089;Nasal Specula Sederhana
3070106090;Nasal Speculum
3070106091;Nashopharynx Spigel
3070106092;Nosofaringoscope
3070106093;Neus Speculum
3070106094;Oesephaguscopy
3070106095;Operating Theter Light Antsrshi
3070106096;Otoscope Halogen Lamp
3070106097;Patologie Eqmopmanet
3070106098;Perios Patorium
3070106099;Pinset Hidung
3070106100;Pinset Telinga
3070106101;Polyplis
3070106103;Portable Microwave Therapy
3070106104;Repatorium
3070106105;Respatorium Dipal Lurus/Lengkung
3070106106;Retractor Opula
3070106107;Rhinos Plastik
3070106108;Rhinoscopy Mirror
3070106109;Rinaural Stetoscope
3070106110;Set Canule Besar
3070106111;Septo Plastik
3070106112;Septo Respetorium
3070106113;Septum Forcep
3070106114;Septum Respetorium
3070106115;Septum Straightening
3070106116;Single Famier Hapares Cape
3070106117;Sinoscopy Trocar
3070106118;Sluder Balinger
3070106120;Specullum Retractor Nasal
3070106121;Speculum Klian
3070106122;Speculum Telinga
3070106123;Spoon Telinga
3070106124;Stroboscopy Unit
3070106125;Tang Bright
3070106126;Teaching Cape M 12 M
3070106127;Telescope (Alat Kedokteran Tht)
3070106128;THT Examination Set For Tl Hindra Laringos Cape 847635
3070106129;Mangisco 445057 Sicope Biner 845901 (Walf)
3070106130;Tonsil Artery Forcep
3070106131;Tonsil Dissecting
3070106132;Tonsil Dissector/Henke
3070106133;Tonsil Klem/Mess/Biasa
3070106134;Tonsil Knife
3070106135;Tonsil Seizing Forcep
3070106136;Tonsil Snare/EVES
3070106137;Tonsil Suction Tube
3070106138;Tounge Depressor
3070106139;Trachea Canula (Alat Kedokteran Tht)
3070106140;Trachea Retractor Bergigi (1,2,3,4,5,6)
3070106141;Tracheal Tubes Luer
3070106142;Tracheotomy Set (Alat Kedokteran Tht)
3070106143;Troeitsch
3070106144;Troicart (Alat Kedokteran THT)
3070106145;Tuning Fork
3070106146;Tuning Fork Set
3070106147;Tympanogram
3070106148;Tympanum Perdrotors Saver
3070106149;Water Drages
3070106150;X-Ray Viewer
3070106151;Light Source (Alat Kedokteran THT)
3070106152;Alat Polisomnografi
3070106999;Alat Kedokteran THT Lainnya
3070107001;Eye Operation Set
3070107002;Skiascopy Lamp
3070107003;Aplanation Tonometer
3070107004;Ophthalmometer
3070107005;Three Mirror Contact Lenses
3070107006;Opthalmoscope Suppy 220 V And Transformer
3070107007;Double Convaxoconcave Skiascope
3070107008;Keeler Retinoscope
3070107009;Lens Magnifier 15 DPTR
3070107010;Set Of Trial Lensess In Case With Trial Frame
3070107011;Lensometer
3070107012;Bio Microscope (Slit Lamp)
3070107013;Bailiart Dynamometer
3070107014;Esthesiometer
3070107015;Campimeter And Lancaster Screen With 4 Striks
3070107016;Holmes Steres Cope
3070107017;Amsler Chart
3070107018;Ishiaras Atlas
3070107019;Stereo Tes From Holmes
3070107020;Berens Prima Set
3070107021;Eye Occulder
3070107022;Maddox With Handle
3070107023;Schuman Magnet Handtype
3070107024;Examination Table Adjustable Headrest
3070107025;Cautery Light Transformer With Handle And 3 Cautery Needles.
3070107026;Two Step Stand
3070107027;Maddox Crass
3070107028;Opthalmoscope Binocyular Indirect Vision
3070107029;Gonioscope Complete In Case
3070107030;Refractometer (Alat Kedokteran Mata)
3070107031;Retinoscope
3070107032;Opthalmoscope
3070107033;Slit Lamp (Alat Kedokteran Mata)
3070107034;Lensa Meter
3070107035;Trial Lens & Frame Set
3070107036;Opthalmic Laser (Alat Kedokteran Mata)
3070107037;Argonphoto Coagulator (Alat Kedokteran Mata)
3070107038;Opthalmic Coagulator (Alat Kedokteran Mata)
3070107039;Operating Microscope (Alat Kedokteran Mata)
3070107040;Photo Fundus Unit (Alat Kedokteran Mata)
3070107041;Synoptophore (Alat Kedokteran Mata)
3070107042;Eye Magnet
3070107043;Keratometer
3070107044;Kampimeter
3070107045;Tonometer
3070107046;Tonograph
3070107047;Kaca Mata Frenzel
3070107048;Alat Enoscope Persipan Lazer
3070107049;Alloca Camera Multioristhal Swaner With Digital Concane Venteven
3070107050;Allyn 69-695 Coloscope Fiber Optic
3070107052;Arhtimula Modul
3070107053;Aryttonia Control Diting System
3070107054;Binoculair Loupe (Alat Kedokteran Mata)
3070107055;Cataract Instrument Set
3070107056;Chalazion Instrument Set
3070107057;Chartprojector
3070107058;Chinrest For Above
3070107059;Compact Refraction Unit
3070107060;Curve Catarac Fraco
3070107061;Echoscan, Usg Mata
3070107062;Fiber Optic Molary Autroscope
3070107063;Fiber Optic Operating
3070107064;Fibral Optic Coacial
3070107065;Finohito Reb Pataktor
3070107066;Grate Meter Opter
3070107067;Handle Recor Cable Battery + Charge
3070107068;Head Loupe Halogen
3070107069;Heberat Indu Optimalmik Photo Cucglator Hazer 930
3070107070;Hertel
3070107071;Iridectomy Instrument Set
3070107072;Ishihara Blind Test Plate
3070107073;Keratoplasty Instrument Set
3070107074;Laser Diode Photocoagulator
3070107075;Laser Yag Opthamic System
3070107076;Medication Trally
3070107077;Ocutome Basic System
3070107079;Direct Optalmoscope (Allyn)
3070107080;In Direct Optamoscope (Allyn)
3070107083;Opthalmic Micro Dia Therimy
3070107084;Opthalmic Operating Set (Alat Kedokteran Mata)
3070107085;Perimeter
3070107086;Phacoemulsi Fication
3070107088;Pterium Instrument Set
3070107090;Rethina Dethamen Prable
3070107091;Saver Roksib Hara
3070107092;Simotion Cardiac Autput Halogen Fibal Optic (USA)
3070107093;Snellen Chard
3070107094;Sonometri
3070107095;Straketion Cope
3070107096;Suche Optical Wregtrontone
3070107098;S.80 Catarac Knife
3070107099;Trial Frastine Type 46
3070107100;Trial Heus
3070107101;Trial Heus Set Coranted Curen SPA
3070107102;Vitrectomy Unit
3070107103;Walter Monitoring Complete Resaring
3070107104;Vision Chart
3070107999;Alat Kedokteran Mata Lainnya
3070108001;Cardiologi Bed Uk 200X60X90
3070108002;Cholera Set With Cup
3070108003;Giving Set (Alat Kedokteran Bagian Penyakit Dalam)
3070108004;Solution Administration Set
3070108005;Venasectie Set In Metal Case
3070108006;Oxygen Therapy
3070108007;Mehnigine Biopay Medle
3070108008;Needle Punction Sternal/Spinal
3070108009;Urometer
3070108010;Mag Sonde Rubber
3070108011;Pengukur Blood Plasma With Droper Sulfat Methode
3070108012;Metal Catheter
3070108013;Catheter Urine Rubber
3070108014;Ice Cup Import Rubber
3070108015;Pneumathorax Set Complete
3070108016;Elektrocardiograph (ECG) 1 Chanel
3070108017;Reflek Hammer Stainless Steel
3070108018;Sterelisator For Instrument Portable
3070108019;Couch Examination (Alat Kedokteran Bagian Penyakit Dalam)
3070108020;Spirometer (Alat Kedokteran Bagian Penyakit Dalam)
3070108021;Suction Thorax
3070108022;Stool Fixed Height
3070108023;Bronchoscope (Alat Kedokteran Bagian Penyakit Dalam)
3070108024;Nebulizer
3070108025;Ultrasonic Nebulizer
3070108026;Pleural Biopsy
3070108027;Transtorakal Jarum
3070108028;Biopsy Pieure
3070108029;Endotracheal Tube
3070108030;Ultra Sono Graphy (USG) Internal Medicine
3070108031;Endoscopy, With Cold Light Source
3070108032;Electro Nystagmograph
3070108033;Ventilator Internal Medicine
3070108034;Amnioscope (Alat Kedokteran Bagian Penyakit Dalam)
3070108035;Ultrasonic Pachymeter (Alat Kedokteran Bagian Penyakit Dalam)
3070108036;Duadeno Fiberscope
3070108037;Co2 & O2 Monitor
3070108038;Couch Examination Urology (Alat Kedokteran Bagian Penyakit Dalam)
3070108039;Stool Fixed Hight
3070108040;Rectal Almometer (Alat Kedokteran Bagian Penyakit Dalam)
3070108041;Suction Unit For Endoscopy
3070108042;ESWL
3070108043;Automatic Hack
3070108044;Automatic Kaweneter
3070108045;Bed Side Monitor Complete
3070108046;Biopsy Pleure
3070108047;Bonk Cenapagus
3070108049;Camtopraf One Chanel
3070108050;Canel Recorder Siarocus 400
3070108051;Capnograph Mark III
3070108052;Centure/Sonic
3070108053;Chair For Treadment Unit 4417 Taiju
3070108054;Clase Sungint Kit
3070108055;Cold Light Fontain
3070108056;Coaxial Head Light
3070108057;Cold Light Suply Model CFV
3070108058;Combibag
3070108059;Compagati 3 L
3070108060;Complit Test Mark III
3070108063;Cumasis Aparatus Focaemodulys Unit
3070108064;Cut Aucona P 02-Modul Asesories
3070108065;Cuting Micro Sparment
3070108066;Cyto Urethe Cape
3070108067;Dale Dagion (Alat Kedokteran Bagian Penyakit Dalam)
3070108068;Defibrilator
3070108069;Defrision Test Mark III
3070108070;Depriksi Monitoring
3070108071;Desinfction Unit
3070108072;Digital Oscamalir
3070108073;Duadeno Fiberscope Therpy
3070108074;Electro Nystogmograph
3070108075;Elektrik Sity Protektation Rach
3070108076;Endoscope Masker
3070108077;Endoscope P A Vidio Optima
3070108078;Endoscope Trolly
3070108079;Endotracheal Set
3070108080;External Coneprometer
3070108081;External Pacemazer 146
3070108082;Fereksine Fandus Anggrafie
3070108083;Find Aid Resusisater For Table Type
3070108084;Finger Exercise
3070108085;Flesible Disogatro Bulbescape
3070108086;Forcep Pyesiesis 556
3070108087;Fountek Mark
3070108088;Gadomatic Godor
3070108089;Galary Meter
3070108090;Galuminasi
3070108091;Gastrocape For Wech Allyn Vidio Endoscope
3070108092;Gastroscope & Light Source
3070108093;Gawer Shalt Mogeglo Pomater
3070108094;Glucometer Complete With Glucostic
3070108095;Golmen Compimeter Resic Sep 20 (Tappem)
3070108096;Gredesan
3070108097;Hear Station With Corder
3070108098;Hemodialisis Unit
3070108099;High Speed Stater Type ZS-SUS
3070108100;Himediker
3070108101;Hyper Hypothermia System (Alat Kedokteran Bagian Penyakit Dalam)
3070108102;Iluminator
3070108103;Infusion Warmer For Blood
3070108104;Inter Feretial Turafik
3070108105;Kag Steat Aplimation Thermometer
3070108106;Lano Premansi Sitimulator Adipraktek EF 502
3070108107;Law Frequensi Aparatus
3070108108;Lenon Light Service
3070108109;Load Rulerator Scart
3070108110;Manual Influmation Aparatus
3070108111;Matronik Model 5375
3070108112;Medical TV System Welch Allyn Vidio
3070108113;Microwafe Therapy Apparatus
3070108114;Mitrigen Athemet
3070108115;Mobile Endoscope Table
3070108116;NVS Vital Sign Monitor (Alat Kedokteran Bagian Penyakit Dalam)
3070108117;One Compartement Warrobe (Alat Kedokteran Bagian Penyakit Dalam)
3070108118;Operating Stak Bir
3070108119;Pasien Cable Monitoring Kecil Sistem Siscan BST
3070108120;Pendatya Water Proof
3070108121;Pental Heart Montas
3070108122;Pleural Biopsy Needle
3070108123;Positive Negative Honcoat Set
3070108124;Pratitionary Battray Handle
3070108125;Prector Prable Model Ust 507 EP 35
3070108126;Presteatik Infusion Pump/Lac Bielyto Binometer
3070108127;Presual Modul
3070108128;Proyektor Romad Complet
3070108129;Pulmonary Exercise Computerized
3070108130;Pulse Oxymetry
3070108131;Putision Incubator Bm
3070108133;Re-Her Coagulator
3070108134;Rollyng Soal Type
3070108135;Safe Ruber Elektrode
3070108136;Sarus Stemal Saur
3070108137;Senaker
3070108138;Sherum Holder Red
3070108140;Starmunsuar
3070108141;Static/Kinetik Projection Perimeter
3070108142;Stertes System
3070108143;Steten Card Electric
3070108144;Style Stetescope Bomopaculain
3070108145;Syringe Pump (Alat Kedokteran Bagian Penyakit Dalam)
3070108146;S.314 Forcep Dressing
3070108147;Tampion Tempromoridior/Pancing
3070108148;Temperatur Modul
3070108149;The Salingan Galmore Intalumialier Antriper
3070108150;Tixtiser
3070108151;TP.1000 Turbotanti Dehabitas ER 2-Bcr Resies Cateter Set +
3070108152;TP.9900Rj - 9900 Trolly Emergency
3070108153;Tranformen
3070108154;Vital Sign Monitor
3070108155;Two Baul Standard
3070108156;T.2529 Foto Turapith
3070108157;T.2670 Forcep Trauma
3070108159;Vacum Ectrator (AB)
3070108160;Vrisur Gerg Mt 600 X 3 Pzola
3070108161;Walker Polding
3070108162;Wall Rail Unit
3070108163;Wright Respirometer
3070108999;Alat Kedokteran Bagian Penyakit Dalam Lainnya
3070109001;Autopsy Table
3070109002;Motuary Refrigerator
3070109003;Autopsi Set
3070109004;Mortuary Racks
3070109999;Alat Kedokteran Kamar Jenasah Lainnya
3070110001;Intravenous & Transfusion Needle
3070110002;Wing Needle Scalpvem Needle
3070110003;Hypodermic Needle (Alat Kedokteran Anak)
3070110004;Syrnge Case-Syringe Container 2Cc/5cc
3070110005;Sliim Zuiger Elektric Suction 110-220 Vilt/50Hz
3070110006;Suction Hand Pump
3070110007;Tangue Depressor Stainless Steel
3070110008;Pecusion Hammer
3070110009;Premature Infant Incubator
3070110010;Waskom 400 Meter Stainless
3070110011;Neirbekken Stainless Steel
3070110012;Thorax Puncture
3070110013;Water Seal Drainage Set
3070110014;Pleural Byopsy Puncture Set
3070110015;Lumbal Puncture Needle
3070110016;Vanasectie Set
3070110017;Syringe 2cc, 5cc, 10cc, 100cc
3070110018;Insrumen Tray Stainless Steel 36X30X5 cm
3070110019;Transilumination Lamp
3070110020;Tuberculine Syringe 1 cc
3070110021;Tuberculine Needle
3070110022;Ice Compress Cup
3070110023;Tracheotomi Set In Case
3070110024;Portable ECG AC/DC 1 Chanel
3070110025;Pulscoxy Meter
3070110026;Blood Sedimentation Rate Count Set
3070110027;Test Tube Box
3070110028;Gastric Juice Examining Set
3070110029;Trachea Canula (Alat Kedokteran Anak)
3070110030;Urinometer (Alat Kedokteran Anak)
3070110031;Urinoir Salbuminometer
3070110032;Es Bach' Salbuminometer
3070110033;HB Meter
3070110034;Bone Narrow Puncture Needle
3070110035;Measuring Rods Infat With Rail
3070110036;Measuring Tape
3070110037;Weight Scale Capacity 120 Kg
3070110038;Ascites Trocar
3070110039;Blood Type Viewer Illuminated
3070110040;Blood Visiting Kit
3070110041;Blood Donor Set
3070110042;3-Way Coeks
3070110043;Liver Biopsy Needle
3070110044;Doek Klem-Towel Forceps
3070110045;Small Instrument Sterelizes
3070110046;Alcohol Cotton Case
3070110047;Rubber Gloves 7-7,5
3070110048;Stethoscope Duplex Untuk Anak
3070110049;Meja Periksa 200X90X100 cc
3070110050;Pocket Lamp Complete With Battery
3070110051;Combination Weight And Height Scale
3070110052;Measuring Infant Baby With Rail
3070110053;Pneumatic Torniquite
3070110054;Tubercolusis Diagnostic Kit
3070110055;Vaccination Needle Set
3070110056;Vacinating Instrumen Kit
3070110057;Anuscope
3070110058;Ear Speculum Set
3070110059;Nasal Speculum Set
3070110060;Rectal Magnifier With Lamp
3070110061;Rectal Tougies Hegar Dilatator Set
3070110062;Stomach Evacuator
3070110063;Stomach Irrigator
3070110064;Tuberculosis Diagnostic Outfit
3070110065;Baby Incubator (Alat Kedokteran Anak)
3070110066;Blue Light
3070110067;Pediatric/Infant Ventilator (Alat Kedokteran Anak)
3070110068;Pediatric Surveillance Monitor (Alat Kedokteran Anak)
3070110069;Baby Examination
3070110070;Baby Measuring Device
3070110071;Ecg Recorder Single Channel
3070110072;Electric Sterilisator
3070110073;Hi-Flow Antibiotic Nebulizer Solution Unit
3070110074;Incubator Transport
3070110075;Infant Care Unit With Servocontrole
3070110076;Infant Incubator Mobile
3070110077;Infantcare Centre
3070110078;Maag Sonde Premature For Baby
3070110079;Mercurial Sphymamometer With Baby Cuff
3070110082;Pulseoxy Meter
3070110083;Rectan Origator
3070110084;Refflex Hammer
3070110085;Stethoscope For Infant/Baby
3070110086;Swaddling Table
3070110087;Timbangan bayi
3070110999;Alat Kedokteran Anak Lainnya
3070111001;Basin Kidly, Stainless, Length 25 cm
3070111002;Bed Pan For Child
3070111003;Bed Pan For Adult 310 mm Complete
3070111004;Basis Solution
3070111005;Thermometer Oral, Air Raksa
3070111006;Thermometer Rectal, Air Raksa
3070111007;Diagnostic Set In Case Metal Stainless Steel
3070111008;Blood Pressure Meter With Pump Raksa
3070111009;Suture Needle
3070111010;Hypodermic Needle (Alat Kedokteran Poliklinik)
3070111011;Michel Wound Clips Steel To Container Record
3070111012;Syringe Container Stainless
3070111013;Syringe Tuberculine 1 ml
3070111014;Case With Closing Handles 500X200X60 mm
3070111015;Leather Case For Metal Container
3070111016;Container For Tuberculine Syringe
3070111017;Container For Syringe
3070111019;Spiritus Burner
3070111020;Sterilizer For Spirit Heating
3070111021;Dressing Forceps
3070111023;Stirilizer For Syringe
3070111024;Kelly Heam Forceps 14 cm
3070111025;Khocer Heam Forceps 10,5 cm
3070111026;Halsread Mosquito Forceps 12,5 cm
3070111027;Rocherter Pean Forceps 10,5 cm
3070111028;Probes 14,5 cm
3070111029;Hegar Mayo'S Needle Holder 15 cm
3070111030;Burning Tongue Pressure
3070111031;Operating Scissors Blunt Sharp
3070111032;Knife Handle
3070111033;Scalpels Blades
3070111034;Foster Sponge Holding
3070111035;Scissors Gips
3070111036;Universal Scissors
3070111037;Tray Plain 250X130X30 Ml
3070111039;Mayo Hegar'S Holder
3070111040;Retractor Langeback
3070111041;Retractor Volkman
3070111042;Retractor Farabeuf
3070111043;Retractor Roux
3070111044;Cheron Sponge Forceps
3070111045;Dissecting Forceps
3070111046;Suture Mochel Set
3070111047;Tape Measure
3070111048;Bowl Solution
3070111050;Sheating Plastic
3070111051;Brush
3070111052;Suture Cotton Sice
3070111053;Forceps Sterilizer Cheattles
3070111054;Scissors Bandage
3070111055;Charst Vision Testing
3070111056;Head Mirror
3070111057;Clips And Applying And Removing
3070111058;Paratus (cc)
3070111059;Tabung Periksa HB
3070111060;Dressing Jar
3070111061;Lodin Cup
3070111062;Bed Pasien
3070111999;Alat Kedokteran Poliklinik Lainnya
3070112001;Crude
3070112002;Wheel Chair (Alat Kesehatan Rehabilitasi Medis)
3070112003;Artetis
3070112004;Ringen
3070112005;Trade Sandow
3070112006;Hardstock
3070112007;Tiang Keseimbangan
3070112008;Acupunture Therapy
3070112009;Audio Treater Portable
3070112010;Balance Beam Set
3070112011;Bath Wirl Pool
3070112012;Compression Therapy
3070112013;Electro Stimulation & Analgesia
3070112014;Electro Tilt Table
3070112015;Ergocycle
3070112016;Exercise Bicysles
3070112017;Exercise Equipment
3070112018;Exercise Pulley Weight
3070112019;Exercise Treadmil
3070112020;Faradic-Galvanic Therapy
3070112021;Faradisasi
3070112022;Finger Exercise Table
3070112023;Finger Muscle Therapy
3070112024;Hydro Therapy
3070112025;Infra Red & Ultraviolet
3070112026;Isostations For Accurate
3070112027;Laser Therapy
3070112028;Lymphatic Physiotherapy
3070112029;L.F. Electro Therapy
3070112030;Micro Wave Diathermy
3070112031;Modular Electro Therapy
3070112032;Parafin Bath
3070112033;Pulsa Erator Unit
3070112034;Quadricerps Table
3070112035;Rotary Wrist Exercise
3070112036;Rowing Machine
3070112037;Short Wave Diathermy
3070112038;Shoulder Whell Exercise
3070112039;Suspension & Pulley Equipment
3070112040;Therapeutical Nerve & Muscle Situmulation
3070112041;Traction Unit
3070112042;Tread Mill Treatment
3070112043;Ultra Saound Theraphy
3070112044;Ultrasonic Theraphy Unit
3070112045;Radiography
3070112046;Shockwaves Therapy
3070112999;Alat Kesehatan Rehabilitasi Medis Lainnya
3070113001;Electro Encephalograph (Alat Kedokteran Neurologi (syaraf))
3070113002;Echo Encephalograph
3070113003;Electro Myograph
3070113004;Electro Stimulator (Alat Kedokteran Neurologi (syaraf))
3070113005;Patient Monitor
3070113006;Brain Mapping
3070113008;Electro Surgery (Alat Kedokteran Neurologi (syaraf))
3070113009;Evoked Potensial System
3070113999;Alat Kedokteran Neurologi (Syaraf) Lainnya
3070114001;Electrocardiograph
3070114002;Operating Table Jantung
3070114003;Oxygen Tank
3070114004;Central Gas
3070114005;Central Suction (Alat Kedokteran Jantung)
3070114006;Heart Rate Monitor
3070114007;Repiration Monitor (Alat Kedokteran Jantung)
3070114008;Blood Pressure Monitor (Alat Kedokteran Jantung)
3070114009;Temperature Monitor (Alat Kedokteran Jantung)
3070114010;Arrytmia Monitor
3070114011;Blood Gas Analyzer (Alat Kedokteran Jantung)
3070114012;Cabinet AC & DC Defibrilator Cardioc And Recorder Seward
3070114013;Cabinet Untuk EKG
3070114014;Capugraph Modul
3070114015;Cardiac Output Modul
3070114016;Cardiac Chair
3070114017;Cardiac Massage Unit
3070114018;Cardiac Output
3070114019;Cardiac Recorder
3070114020;Cardiac Resuscitator
3070114021;Defibrilator Phisiocontrol
3070114022;ECG 3 Channel
3070114023;Echo Cardiograph System
3070114024;Echo Cateter Isolation
3070114025;Echocolor Doppler
3070114026;EKG Elektro Photo Cardiograph For Recording Elektro And
3070114027;EKG Monitor
3070114028;EKG Simulation
3070114029;Electrolyt Analyzer
3070114030;Exercise Treadmil Test
3070114031;Haemodyalisis Unit
3070114032;Holter Monitor
3070114033;Kg Sol - B III Japan
3070114034;Master Test (Jepang)
3070114035;Mobile X-Ray & Image Int.
3070114036;Oxator Head Complete
3070114037;Pace Maker
3070114038;Phonocardiograph
3070114040;Survase 45,7 X 13
3070114041;S.9910 Cardiomonitor AC/SC Seward
3070114043;Temporay Fase Maker
3070114044;Treadmill Spedroge 2-4 16 KMA Elektrical System Walking
3070114045;Treadmill/On (Giken)
3070114046;Tunturi Sepeda
3070114047;AED (Automated External Defibrillator)
3070114999;Alat Kedokteran Jantung Lainnya
3070115001;Angiography Unit
3070115002;Apron
3070115003;Automatic Film Processing Unit
3070115004;Bucky Table/Tomography
3070115005;Bucky Stand
3070115006;Cassete Film (Alat Kedokteran Radiodiagnostic)
3070115007;CT-Scan
3070115008;Film Processing Tank
3070115009;General Purpose X-Ray Unit
3070115010;X-Ray Tomography Unit
3070115011;Grid
3070115012;Inten Sifying Screen
3070115013;Mamography X-Ray Unit
3070115014;MRI (Magnitic Resonanse/Imaging)
3070115015;Skul Unit (Cranio)
3070115016;Spect
3070115017;X-Ray Mobile Unit
3070115018;Radiology Unit (Rongent)
3070115019;CT Injection System
3070115999;Alat Kedokteran Radiodiagnostic Lainnya
3070116001;Automatic Rotary Microtome
3070116002;Automatic Tisue Prosessor
3070116003;Autopsi Set (Post Mortem Dissectiong Set)
3070116004;Binoculer Microscope (Alat Kedokteran Patologi Anatomy)
3070116005;Cytopsin 2
3070116006;Fluoeresenci Microscope
3070116007;Histoblok
3070116008;Hotplate
3070116009;Inverteed Microscope
3070116010;Laminari Air Flow
3070116011;Magnetic Stifer Termolyne
3070116012;Minimash Millipore
3070116013;Timbangan Halus
3070116014;Universal Microscope
3070116015;Microtome (Alat Kedokteran Patologi Anatomy)
3070116016;Sonography Unit
3070116017;Pediatric Unit
3070116018;CT Scanner
3070116999;Alat Kedokteran Patologi Anatomy Lainnya
3070117001;Blood Bank
3070117002;Centrifuge MLA
3070117003;Centrifuge Sera
3070117004;Centrifuge Sorval
3070117005;Hematology Analyzer
3070117999;Alat Kedokteran Transfusi Darah Lainnya
3070118001;After Loading
3070118002;Bed Instrubator
3070118003;Blitz Lamp
3070118004;Blood Irradiator
3070118005;Cassete Film (Alat Kedokteran Radioterapy)
3070118006;Cineting Cable For Recorder Light 0,8 mm
3070118007;Cobalt 60
3070118008;Conection Cable 23 Linght 3 mm
3070118009;Counetring Cable
3070118010;Stimulator (Alat Kedokteran Radioterapy)
3070118011;Data Catridge
3070118012;Dosimeter
3070118013;Film Dryer
3070118014;Film Hanger
3070118015;Film Marker
3070118016;Film Pass Box
3070118017;Flaw Directic Pacing Cathasen
3070118018;Flush Immanted (Siemens)
3070118019;Head Hunidifier
3070118020;Lead Apron
3070118021;Linier Accelerator
3070118022;Lisholm Grid
3070118023;Lisholm Ukuran 30 X 45
3070118024;Lisholm Ukuran 35 X 35
3070118025;Mediscape Star (USA)
3070118026;Minitor 44 cm 625 Lines Siemens
3070118027;Minitor Carese Siemens
3070118028;X-Ray Medium Therapy
3070118029;Monographie Device
3070118030;Mould Room
3070118031;Peac Flw Mater Imniright
3070118032;Selectron
3070118033;Survey Meter (Alat Kedokteran Radioterapy)
3070118034;Telegama Therapy
3070118035;Treatment Plan Computer
3070118036;X-Ray Contect Therapy
3070118037;X-Ray Superficial Therapy
3070118999;Alat Kedokteran Radioterapy Lainnya
3070119001;Auto Bed Washer
3070119002;Auto Well Gamma System
3070119003;Calibrator DST Kit
3070119004;Complete Stese Test System With Bicyele
3070119005;Contaminator Monitor
3070119006;CS 137 Chank Source 10 Micro
3070119007;Currie Pie Survey Meter
3070119008;Deep Freezer (Alat Kedokteran Nuklir)
3070119009;Dehumidifier (Alat Kedokteran Nuklir)
3070119010;Film Formator
3070119011;Gamma Cammera
3070119012;Generator TC
3070119013;Glove Box (Alat Kedokteran Nuklir)
3070119014;Hand Foot And Clotes Monitor
3070119015;Hand Foot + Cloth Monitor
3070119016;Lab.Equipmen Techne Shaker
3070119017;Low Energy Hight Resolution Collimator
3070119018;Mobil Unit Ditector System
3070119019;Multi Format Cammera
3070119020;Nuclear Medicine Data Processor
3070119021;Optical Disk 800 Mb Front Loading Cartridge
3070119022;Personal Digital Dosimeter
3070119023;Qurimeter + Printer
3070119024;Refrigated Centrifuge
3070119025;Renograph
3070119026;Serosym
3070119027;Shaker Bath
3070119028;Cammera DST
3070119029;Spect Genesys + Accesoires
3070119030;Surver Meter/Dosirate Meter
3070119031;Therminal Transfer Color Printer
3070119032;Thyroid Up Take
3070119033;Uninterupted Power System
3070119034;Scinlation Scanner
3070119035;Varios Collimatror
3070119036;Well Type Scintillatoin Counter Scale+Ratemate
3070119037;Whole Body Cough
3070119038;Ria Equipment
3070119039;Hand Microtome
3070119040;Rotary Microtome
3070119041;Freezy Microtome (Cry Cut Microtome)
3070119042;Microtomr Knife Sharpener
3070119043;Automatic Tissue Processor (Alat Kedokteran Nuklir)
3070119045;Fisher Bridge Warmer
3070119046;Lamianir Air Flo
3070119047;Steam Sterilizer (Alat Kedokteran Nuklir)
3070119048;Instrument Sterilizer
3070119049;radiation Sterilizer
3070119050;Hot Air Sterilizer
3070119051;High Pressure Sterilizer
3070119052;Microwave Cleaning Bath
3070119053;ultrasonic Cleaning Bath
3070119054;Sereologi Bath
3070119055;Roller Tube Culture Apparatus
3070119056;Roller Tube Incubator
3070119057;Growth Chanber
3070119058;Reffigerated Incubator
3070119059;Anaerobic Culture Incubator
3070119060;Cell Culture Incubator
3070119061;Shaking incubator
3070119062;Isotemp Dry Heat Incubator
3070119063;Gravity Convection Incubator
3070119064;Air Flow Incubator
3070119065;Bacterial Colony Counter
3070119066;Hand Tally Counter
3070119067;Blood Conting Instrument
3070119068;Blood Sedimentation Apparatus
3070119069;Blood Investigation Set
3070119070;Sahli Haemometer
3070119071;Blood Presure Meter/Tensimeter
3070119072;Haemachyto Meter
3070119073;Blood Gas Analyzer (Alat Kedokteran Nuklir)
3070119074;Blood Calcium Analyzer
3070119075;Blood ClorineAnalyzer
3070119076;Blood Sodium Potasium Analyzer
3070119077;Haemotology Analyzer
3070119078;Erithroyte Sedimentation Pate (ESR) Recorder
3070119079;Defferential Blood Cell Counter
3070119080;Electro Cardiograph
3070119081;Electro Encephalograph (Alat Kedokteran Nuklir)
3070119082;Cardio Vascular Instrument
3070119083;Urine Meter
3070119084;Stetoscope (Alat Kedokteran Nuklir)
3070119085;Reflex Hammer (Alat Kedokteran Nuklir)
3070119086;Diagnostic Set
3070119087;Ben Pan (For Child Adult)
3070119088;Head Lamp (Alat Kedokteran Nuklir)
3070119089;Geneocology Table
3070119090;Thyroid Uptake System
3070119091;Renography Sistem
3070119092;Whole Bode Scanner
3070119093;Wellytype Gamma Scanner
3070119094;Syringe
3070119095;Lead Syringe
3070119096;Sutine Reedle
3070119097;Sutine
3070119098;Micro Tic Kit
3070119099;Minor Sugry Set
3070119100;Major Sugry Set
3070119101;Nephecto Set
3070119102;Circumcion Set
3070119103;Orthopae Set
3070119104;Pectum Set
3070119105;Tracheotr Set
3070119106;Gastorlistinal Set
3070119107;Metal Catcher
3070119108;Blood Exchange Set (Alat Kedokteran Nuklir)
3070119109;Urology Set
3070119110;Thyroid Set
3070119111;Operation Lamp
3070119112;Gamma Sistem Pencitraan Medis Berbasis Sinar X Dig
3070119113;Brakiterapi HDR Ir-192
3070119114;Cryoablation Therapy
3070119115;Quality Control Set Radiofarmaka
3070119999;Alat Kedokteran Nuklir Lainnya
3070120001;Dermatology Laser
3070120002;Electro Surgery Treatment
3070120003;Skin Drafting
3070120004;Tissue Incubator
3070120005;Air Jacketed Dry C02 Incubator
3070120006;Anuscope & Rectoscope
3070120007;Fluorescense Mikroscope
3070120008;High Resolution Stereoscopic Documentation - Colposcopy Lengkap
3070120009;Ice Cryostat Microtome
3070120010;Kursi Gynecologi
3070120011;Kasur Anti Decubitus
3070120012;Mikroscope Labophot
3070120013;Debridemen Kit
3070120999;Alat Kedokteran Kulit Dan Kelamin Lainnya
3070121001;Amnioscope (Alat Kedokteran Gawat Darurat)
3070121002;Automatic Film Processor
3070121003;Basic Appendectomy Set
3070121004;Basic Craniotomy Set
3070121005;Basic Diagnostic Kit (Alat Kedokteran Gawat Darurat)
3070121006;Basic Thoracic Set
3070121007;Bath Tub For Hydrotherapy
3070121008;Blanket Roll
3070121009;Blood Bank Refrigerator (Alat Kedokteran Gawat Darurat)
3070121010;Blood Pressure Monitor (Alat Kedokteran Gawat Darurat)
3070121011;Bronshoscope
3070121012;Centrifuge Haematocrit
3070121013;Colposcopy
3070121014;Crystoscope
3070121015;Cyto Urethroscope
3070121016;Deionizing Unit
3070121017;Dermatome And Mesh
3070121018;Differential Leucocyte Counter
3070121019;Electro Surgery (Alat Kedokteran Gawat Darurat)
3070121020;Electrolyte Analyzer
3070121021;Electronic Reading Balance (Alat Kedokteran Gawat Darurat)
3070121022;Emergency Kit
3070121023;ENT Operating Set
3070121024;ENT Treatment Unit
3070121025;Hemacyrometer
3070121026;Hemorrhage Detection Unit
3070121027;Hysteroscope & Light Source
3070121028;Infant Ventilator
3070121029;Inhalation Unit
3070121030;Laparotomy Set
3070121031;Manual Resuscitatian Set Adult & Child
3070121032;Meja Obat
3070121033;Microcell Counter
3070121034;Neonatal Monitor (Alat Kedokteran Gawat Darurat)
3070121035;Neurosurgery Operating Set
3070121036;Obsgyn Operating Set
3070121037;Obstetric Stethoscope
3070121038;Opthalmic Operating Set (Alat Kedokteran Gawat Darurat)
3070121039;Opthalmic Set
3070121040;Osmometer (Alat Kedokteran Gawat Darurat)
3070121041;Othalpaedic Set
3070121042;Patient Strecher
3070121043;Rectoscope
3070121044;Slit Lamp (Alat Kedokteran Gawat Darurat)
3070121045;Suture Episiotomy Set
3070121046;Temperature Monitor (Alat Kedokteran Gawat Darurat)
3070121047;Tracheotomy Instrument Set
3070121048;Verban Set
3070121049;Wheel Chair (Alat Kedokteran Gawat Darurat)
3070121050;Body Splint
3070121999;Alat Kedokteran Gawat Darurat Lainnya
3070122001;Electro Shock Therapy
3070122002;Electro Stimulator (Alat Kedokteran Jiwa)
3070122003;EMG
3070122004;Stroboscope (Alat Kedokteran Jiwa)
3070122999;Alat Kedokteran Jiwa Lainnya
3070123002;Amputating Knife
3070123003;Bone
3070123004;Boor Reamer
3070123005;Brown Spalk
3070123006;Chisel And Tounges Obteotomi
3070123007;Dispector
3070123008;Elevator (Alat Kedokteran Bedah Orthopedi)
3070123009;Gunting Gips
3070123010;Hand Driil Feet Contrak
3070123011;Osteotomi Knife
3070123012;Pemotong Tulang
3070123013;Reduction Forceps
3070123014;Respatories
3070123015;Set AO
3070123016;Set Countering Bonef
3070123017;Set Stepper
3070123018;Srwo Driver
3070123019;Stille/Pemotong Gip
3070123020;Tissue Prosessor
3070123021;Traksi Set + Gantungan Beban
3070123022;Wire Lighting Plier
3070123023;Bor Tangan (Hand Drill)
3070123999;Alat Kedokteran Bedah Orthopedi Lainnya
3070124001;Automatic Blood Pressure
3070124002;Blood Gas Analyzer (Alat Kedokteran I C U)
3070124003;Co2 Analyzer (Alat Kedokteran I C U)
3070124004;Icu Bed Electric
3070124005;Monitor Infasif
3070124006;CPAP (Continuous Positive Airway Pressure)
3070124999;Alat Kedokteran I C U Lainnya
3070125001;Bedside Monitor
3070125002;Central Oxygen
3070125003;Central Suction (Alat Kedokteran I C C U)
3070125004;Pulseoxymeter
3070125999;Alat Kedokteran I C C U Lainnya
3070126001;Continous Suction Unit
3070126002;Diathermy Valley Lab
3070126003;Gergaji Sternum
3070126004;Hyper Hypothermia System (Alat Kedokteran Bedah Jantung)
3070126005;Mesin Jantung Paru
3070126006;Multi Purpose Operating Table
3070126007;NVS Vital Sign Monitor (Alat Kedokteran Bedah Jantung)
3070126008;Pressure Transducer For NIBP
3070126009;Pulse Oxymeter
3070126010;Video Asisted Throcoscope Surgery
3070126999;Alat Kedokteran Bedah Jantung Lainnya
3070127001;DF 22 Multipurpose Akupuntur Aparatus
3070127002;Eav Dermatron With Variopit
3070127004;Model W 10 A Multiple Electrik Akupuntur
3070127005;Timer (Alat Kedokteran Traditional Medicine)
3070127999;Alat Kedokteran Traditional Medicine Lainnya
3070128001;Anesthesi Apparatus
3070128002;Drager Fabius Tiro
3070128999;Alat Kedokteran Anaesthesi Lainnya
3070199999;Alat Kedokteran Lainnya
3070201001;Alat-Alat Mikroklimat
3070201002;Audimeter Computerized
3070201003;Audio/Vidio Comunication
3070201004;Bubble Nitrogen Detector
3070201005;Chiller System Equipment
3070201006;Compressor
3070201007;Compressor High Pressure
3070201008;Compressor Low Pressure
3070201009;Diving Tank
3070201010;Ergo Cycle
3070201011;Fire Extinghuizer
3070201012;Mixed Gas Central Equipment
3070201013;Monoplane Chamber
3070201014;O 2, N 2 Blood Analyzer
3070201015;O 2 Gas Analyzer
3070201016;O 2 Masker
3070201017;Scrubber Equipment
3070201018;Scuba Closed Circuit
3070201019;Sound Level Meter (Alat Kesehatan Matra Laut)
3070201020;Spirometer Bmr
3070201021;Spirometer VO Max
3070201022;Superlife 17B
3070201023;Telemeter
3070201024;Vestibulator Test Equip
3070201025;Vision Screneer
3070201026;Walk In
3070201027;Walk In Chamb Monocomp
3070201028;Walk In Chamb Multicomp
3070201029;Hyperbaric Chamber
3070201999;Alat Kesehatan Matra Laut Lainnya
3070202001;Auto Spirometer
3070202002;Decompression Chamber
3070202003;Ejection Seat Trainter
3070202004;Human Centrifuge
3070202999;Alat Kesehatan Matra Udara Lainnya
3070203001;Airpolution Test Equip
3070203002;Anthropometer Set
3070203003;Boneka
3070203004;Boneka Anatomi
3070203005;Boneka Resucitasi Anne
3070203006;Boneka Resucitasi Anne Rec
3070203007;Emergency Adult
3070203008;Forensic Odontology Set
3070203009;Infition Trainer
3070203010;Intubation Trainer
3070203999;Alat Kesehatan Kepolisian Lainnya
3070204001;Sepeda Statis
3070204002;Track Sendo
3070204999;Alat Kesehatan Olah Raga Lainnya
3070205001;Alat Vacasional Asessment IGVAT)
3070205002;Aim Tester
3070205003;Coordination Tester
3070205004;Ring Inserting Tester
3070205005;Block Assembly Tester
3070205006;Form Board Tester
3070205007;Mental Reaction Tester
3070205008;Verbal Discrimination Tester
3070205009;Vacational Aptitude Examination Tester
3070205010;Coin Sorting Sortir
3070205011;Digital Bach Muscle Dynamometer
3070205012;Tapping Tester
3070205013;Reaction Time Tester
3070205014;Block Chaos Tester
3070205015;Buku Buta Warna
3070205016;Genaral Aptitude Tester Battery (MNOP)
3070205017;Wais
3070205018;Timbangan Badan (Alat Kesehatan Umum Lain)
3070205019;Grip Dinamo Meter
3070205020;Ukur Tinggi Badan
3070205021;Ketajaman Mata
3070205022;Audiometer (Alat Kesehatan Umum Lain)
3070205023;Vital Lapacity
3070205024;Alat Jarak Pandang
3070205025;Biological Safety Cabinet
3070205999;Alat Kesehatan Umum Lain Lainnya
3070299999;Alat Kesehatan Umum Lainnya
3080101001;Conductivity Meter (Alat Laboratorium Kimia Air Teknik Penyehatan
3080101002;Hellege Comperator
3080101003;Hellege Turbidity Meter
3080101004;Spectro Photo Meter
3080101005;Discicator/Eksicator
3080101006;Roffluk Bottle & Standar
3080101007;In Off, Cone & Standar
3080101008;Yart Test
3080101009;Timbangan Elektronik
3080101013;Alat Penguji Daya Tembus Air
3080101014;Alat Pengukur Kadar Air
3080101015;Alat Pengukur Kelembaban
3080101016;Alat Penguji Penerapan Udara Air
3080101017;Alat Penguji Tembus Udara
3080101018;Kjedhli Digestion APP
3080101019;Drat Chamber
3080101020;Kjedhli Digestion APP
3080101021;Drat Chamber
3080101999;Alat Laboratorium Kimia Air Teknik Penyehatan Lainnya
3080102001;Autoclave Unit (Alat Lab. Micro Biologi Tehnik Penyehatan)
3080102002;Plate Count Chambre
3080102004;Alat Pengambil Sample Air
3080102005;Alat Dekantansi
3080102006;Sistem Quinching
3080102007;Alat Pelarut Pengendapan
3080102008;Alat Dekantasi
3080102009;Sistem Quinching
3080102010;Alat Pelarut Pengendapan
3080102999;Alat Laboratorium Micro Biologi Tehnik Penyehatan Lainnya
3080103001;Portable Elektro Sounding Test
3080103002;Elektronik Thermometer
3080103003;Mikroscop Dengan Camera
3080103004;Macnetic Stiner
3080103005;Bacteri Colorimeter
3080103006;Fitting Plat
3080103007;Water Test
3080103008;Rin Meter Unit
3080103009;Visuil Acumulation Jump
3080103010;Circulation Tank
3080103011;Fire Lab Turbidity
3080103012;Ecosonder
3080103013;Pott Maker
3080103014;D.O. Meter
3080103015;Sediment Sampler
3080103016;Destiling Apparaat
3080103017;Delf Bottler
3080103018;Crosible Cours
3080103019;Water Current Meter (Alat Laboratorium Hidrokimia)
3080103020;Carbon Rod Auto Meter
3080103021;N A C C O L
3080103022;E L E K T R O D A
3080103023;Automatic Burete
3080103024;Mechanical Mortar
3080103025;Conedrop Test (Alat Laboratorium Hidrokimia)
3080103026;Standar Warna Gardner
3080103027;Fisher Arst Gas Apparatus
3080103999;Alat Laboratorium Hidrokimia Lainnya
3080104001;Rechbock
3080104002;Cipoletti
3080104003;Thompson
3080104004;Water Level Meter
3080104005;Afsluiter
3080104006;Ground Water Anologous
3080104007;Water Level Recorder
3080104008;Maal Profil
3080104009;Water Supplier
3080104010;Disk Agrometer
3080104011;Tools
3080104999;Alat Laboratorium Model Hidrolika Lainnya
3080105001;Diamond Rock Saw
3080105002;Geological Hammert
3080105003;Geological Compass
3080105004;Tripod Compass
3080105005;Car Compass
3080105006;Pocket Steroscope
3080105007;Camero Photo Micrograph
3080105008;Curve Meter/MAO Measure
3080105009;Photo Micrograph Camera
3080105010;Polarizing Micrograph
3080105011;Slede Rules Duplex
3080105012;Rock Squareness Gough
3080105013;Rock Clasification
3080105014;Rock Speciment Holder
3080105015;FX Rock Grade
3080105016;Rock Toughness Tester
3080105017;Hand Compression Falker
3080105018;Rock Masonry Felker
3080105019;Polishing Grinder
3080105020;Electrik Compression Tester
3080105021;Soft Rock Compression Machine
3080105022;Rock Stress Ass Gauge
3080105023;Seive Shaker Ass
3080105024;Safety Goggles
3080105025;Micrometer Eyefece
3080105026;Rock Coulor Chart
3080105027;Rock Masonry Saw
3080105028;Aggregate Impact Value Testing Apparatus
3080105999;Alat Laboratorium Batuan/Geologi Lainnya
3080106001;Plane Machine For Wood
3080106002;Pulling Power Test
3080106003;Drill Machine
3080106004;Hot Press
3080106005;Cold Press
3080106006;Removal Rell
3080106007;Dutring Wood Machine
3080106008;Crusher Saw Dust
3080106009;Smooth Machine
3080106010;Speading Machine
3080106011;Felsh Steam Boiler
3080106012;Test Press/Strenght Test
3080106013;Therme P.A.C
3080106014;Heater Sprayklin
3080106015;Saw Machine For Concret
3080106016;Cinva Ran
3080106017;Hardness Test Machine
3080106018;Bamboo Machine
3080106019;Line Machine
3080106020;Frais Machine
3080106021;Wolding Range
3080106022;Block Making Machine
3080106023;Batako Press Test
3080106024;Cell Unit
3080106025;Direcshear Unit
3080106026;Atterberg
3080106027;Compaction
3080106031;Zondering Machine Unit
3080106032;Stroler Apparoat
3080106033;Sticle Apparoat
3080106034;Bending Press
3080106035;Universal Test Machine (Alat Laboratorium Bahan Bangunan Konstruk
3080106036;Water Impermeability
3080106037;Cancrete Boring
3080106038;Stressing & Manometer
3080106039;Grooting
3080106040;Mesin Penumbuk
3080106041;Concreta Mixer/Penumbuk Beton
3080106042;Vibrating Unit
3080106043;Abration Machine
3080106044;Greep Appraat
3080106045;Stone Crusher
3080106046;Instrument Strain Gauge
3080106047;Alat Pemeriksa Semen
3080106048;Vicat Apparatur
3080106049;Mortar (Alat Laboratorium Bahan Bangunan Konstruksi)
3080106050;Termometer For Coumpound
3080106051;Alat Pemeriksa Agrigat
3080106052;Sample Splitter Set
3080106053;Weight Percopit Yield & Air Content
3080106054;Alat Pemeriksa SP Gavity Air
3080106055;Prganic Impuris Test Set
3080106056;Soundeness Apparatus
3080106057;Straight Edge
3080106058;Alat Pemeriksa Beton
3080106059;Slump Test Set
3080106060;Air Content Of Freckly Miced Concrette
3080106061;Standard Spesial Spatula
3080106062;Tempat Benda Uji
3080106063;Basic Cylinder Capping Set
3080106064;Calibration Anvil For Concrette
3080106065;Concrette Hammer Set
3080106066;Asbes Cosst
3080106067;Beaker Toll From Graduates
3080106068;Beaker Low
3080106069;Bottle Wighing High
3080106070;Biling Flash
3080106071;Static With Rechtangular Base
3080106072;Trianle With Vorcelen Pipe Stems
3080106074;Burrete & Standres
3080106075;Volume Metric Flash
3080106076;Analytical Balance (Alat Laboratorium Bahan Bangunan Konstruksi)
3080106077;Aggregate Scale
3080106078;Dial Flow
3080106079;Cylinde Vorcelen
3080106080;Extensic Meter
3080106081;Le Chatelier Flash
3080106082;Flash Filtering
3080106083;Lantai Uji
3080106084;Rig Uji Universal
3080106085;Sumber Daya Hydrolik
3080106086;Mesin Uji Getar
3080106087;Mesin Uji Hidrolik
3080106088;Mesin Uji Listrik
3080106089;Mesin Uji Mekanik(Manual)
3080106090;Aktuator
3080106091;Pompa Hidrolik
3080106092;Organic Impuriestest Set
3080106093;Concrete Test Machine
3080106999;Alat Laboratorium Bahan Bangunan Konstruksi Lainnya
3080107001;Oven Loss Onheating
3080107002;Visibility Yar Bath
3080107003;Viscosimeter (Alat Laboratorium Aspal,cat Dan Kimia)
3080107004;Dustility Engler
3080107005;Penctrometer
3080107006;Surface Tension
3080107007;Polarimeter (Alat Laboratorium Aspal,cat Dan Kimia)
3080107008;Microskop Binacular
3080107009;Rectitice
3080107010;Ring Ball Sparepart
3080107011;Mantel Destilasi
3080107012;Hand Operated Extrator
3080107013;Fitter
3080107014;Pesawat Kip
3080107015;Pinggan Uap
3080107016;Destilasi Aspal
3080107017;Corong Pemisah
3080107018;Destilasi Flux
3080107019;Labu Syabolt Furol
3080107020;Rubber Mallet Atgentyler
3080107021;Linongeless
3080107022;Density Basket
3080107023;Sand Equivalent
3080107024;Hand Extraction
3080107026;Talang CBR
3080107027;Cylinder
3080107028;Dial Gauge LC.13
3080107029;Cbr Lab. Set Cl.284
3080107030;Sample Spliter Set Cl.284
3080107031;Centriguge Hemsine Eq.App
3080107032;Extraction Filter
3080107033;Stability Mold Ap. 169
3080107034;Filed Leveset Cl.320
3080107035;Swimming Ginding Mils
3080107036;Wet Test Analysis
3080107037;Strohlen Aas For Rafid Determination
3080107038;Poetable Glass Meter
3080107039;Sybro/Thermolyne
3080107040;Flash Point Bay Pensky Martens Closed Tester
3080107041;Tag Closed Tester
3080107042;Wet Film Trickness Gege Dan Keona Tator Surface Profit
3080107043;Dew Point Calculator
3080107044;Surface Steel Temperature
3080107045;Flaw Cup
3080107046;Dip Viscosity Cup
3080107047;Grindometer
3080107048;Bending Tester (Alat Laboratorium Aspal,cat Dan Kimia)
3080107049;Fund Cryptometer
3080107050;Demulsibility Chracter Labricating Oils
3080107051;Dase Rate Measuring Device Graets
3080107052;Bendix Personal Monitoring
3080107053;Pycnometer
3080107054;Core Drilling Machine
3080107055;Alat Pengujian Daktilitas
3080107056;Alat Percentage Refusal Density (PRD)
3080107999;Alat Laboratorium Aspal,Cat Dan Kimia Lainnya
3080108001;Unconfinet Soil Test
3080108002;Sieve
3080108003;Linear Shikage
3080108004;Barntand & Termometer
3080108005;Triaxal For Sample
3080108006;Exstoder/Extruder
3080108007;Unconfined Air & Manometer
3080108008;Jack CBR
3080108009;Triaxal CBR
3080108010;Diract Shear
3080108011;Swell Pressure App
3080108012;Dial Propping Ring
3080108013;Konsolidasi
3080108014;Dispersion Cups
3080108015;Proctor Standard
3080108016;Proctor Modified
3080108017;Wash Bottle Purex
3080108018;Safe Card
3080108019;Walton Humidifier
3080108020;Soil Test
3080108021;Camera Atterberg
3080108022;Comodifier
3080108023;Mobile Laboratorium Set
3080108024;Liquid Limit
3080108025;Gravity Oven
3080108026;Modified Mold
3080108027;Allon Box
3080108028;Propping Ring
3080108029;Triple Beam Balance Cent Gram
3080108030;Heavy Duty Solution Balance
3080108031;Balance (Alat Laboratorium Mekanika Tanah Dan Batuan)
3080108032;Thermolyne
3080108033;Torab Sieve Shaker
3080108034;Modified Field Compaction Mold
3080108035;C E N C
3080108036;Cenc Meinzer Sieve Shaker
3080108037;Drilling
3080108038;Auger Machine
3080108039;Visibility Jarbath
3080108040;Aggregates
3080108041;Matrial (Warna Kuning)
3080108042;Deluxe Asphalt
3080108043;Electric Stop Watch
3080108044;Lightweight Concrete Test Hammer
3080108045;Harvard Tripple Balance
3080108046;Asphalt Stability Testing Machine
3080108047;Stability Mold
3080108048;Versa Tester
3080108049;Penetrasi Asphalt (Universal Penetrometer)
3080108050;Air Circulationpan
3080108051;Mechanical Leading Press
3080108052;Unci Fined Apparatus
3080108053;Vicat Apparatus
3080108054;Flow Table (Alat Laboratorium Mekanika Tanah Dan Batuan)
3080108055;Field Scale
3080108056;Analytical Balance (Alat Laboratorium Mekanika Tanah Dan Batuan)
3080108057;Stump Test T
3080108058;Asphalt Density Recorder
3080108059;Switch Backer
3080108060;Air Compressor (Alat Laboratorium Mekanika Tanah Dan Batuan)
3080108061;Hydrometer Jarbath
3080108062;Gravity Core Sediment Sampler
3080108063;Bulk Density Test
3080108999;Alat Laboratorium Mekanika Tanah Dan Batuan Lainnya
3080109001;Test For Hunmudity
3080109002;Test For Temperature
3080109003;Test For Wind/Flow
3080109004;Test For Pressure
3080109005;Test Presipitation
3080109006;Test Evaporation
3080109007;Test Sunshine
3080109008;Micronaire (Alat Laboratorium Cocok Tanam)
3080109999;Alat Laboratorium Cocok Tanam Lainnya
3080110001;Wheel Balancer
3080110002;Speed Band Tester
3080110003;Speed Meter Tester
3080110004;Engine Dinamo Meter
3080110005;Head Light Tester
3080110006;Wheel Aligment Tester
3080110007;Camber Caster King Pin Gauge
3080110008;Toe In Gauge
3080110009;Rough Load Tester
3080110010;Tilting Tester
3080110011;Axle Load Tester
3080110012;Steering Angle Tester
3080110013;Diesel Injection Pump Tester
3080110014;Nozle Tester
3080110015;Engine Running In Tester
3080110016;Diesel Smoke Tester
3080110017;Hidraulik System Tester
3080110018;Valve Spring Tester
3080110019;Tune Up Tester (Alat Laboratorium Logam, Mesin Dan Listrik)
3080110020;Universal Test
3080110021;Generator Test
3080110022;Auto Analyser Unit
3080110023;Timing Advancetester
3080110024;Cam Angle Tester
3080110025;Combustion Tester
3080110026;Coil Condeser Tester
3080110027;Plug Scope
3080110028;Volt Ampere Tester
3080110029;Distributor Tester
3080110030;Voltage Regulator Tester
3080110031;Diode Tester
3080110032;Altenator Scope
3080110033;L.P Gas Detector
3080110034;Alat Penguji Tegangan (Tarik Tekan)
3080110035;Alat Penguji Kekerasan (Hardness Tester)
3080110036;Alat Penguji Keretakan
3080110037;Alat Penguji Jenis Logam
3080110038;Abrations Srength Tester (Alat Penguji Tahan Aus)
3080110039;Bursting Srength Tester (Alat Penguji Letup)
3080110040;Upper Leather Water Proff Ness Tester
3080110041;Finish Head Resistance Tester
3080110042;Sastra Adhesion Tester
3080110043;Adhesion Of Finish Tester
3080110044;Stiff Ness Tester
3080110045;Folding Endurance Tester
3080110046;Tearing Tester
3080110047;Falling Dart Impact Tester
3080110048;Rubber Compresion Tester
3080110049;Starain Tester
3080110050;BOD Tester
3080110051;Drop Test
3080110052;Alat Penguji Kekuatan Pengeras Depan Sepatu
3080110053;Upper Meterial Flexing
3080110054;Finish Fastness
3080110055;Alat Tera Sastra
3080110056;Alfa Laboratory Sample Cutter
3080110057;Shobury Corumeter
3080110058;Handle Strenght
3080110059;Alat Pelobang (Cork Borer)
3080110060;Tensile Head Distortion (Alat Laboratorium Logam, Mesin Dan Listr
3080110061;Ultrasonic Flow Detector (Alat Laboratorium Logam, Mesin Dan List
3080110062;Dinamic Signal Analizer
3080110063;Pressure Gauge (Alat Laboratorium Logam, Mesin Dan Listrik)
3080110064;Extenso Meter
3080110065;Torsimeter
3080110066;Thermohygrometer (Alat Laboratorium Logam, Mesin Dan Listrik)
3080110067;Fatique Tester (Alat Laboratorium Logam, Mesin Dan Listrik)
3080110068;Thickness Tester For Metal
3080110069;Thickness Tester For Coating
3080110070;Vierner & Micrometer
3080110071;Dial & Test Indikator
3080110072;Alat Ukur Kelurusan
3080110073;Alat Ukur Ketegaklurusan
3080110074;Alat Ukur Sudut
3080110075;Data Processor
3080110076;Mesin Bubut Presisi
3080110077;60 Mesin Milling Precesi
3080110078;Schoper Folding Enduranche
3080110079;Low Level Scanner
3080110080;High Voltage Meter
3080110081;Cutting & Welding Kit
3080110082;Heavy Duty Hidraulic Cylender
3080110083;Alat Uji Bakteri
3080110084;Portable Polishing Equipment
3080110085;Specimen Mount Press
3080110087;Esab Tig Welding Machine
3080110088;Magnetic Particle (Alat Laboratorium Logam, Mesin Dan Listrik)
3080110089;Radiographis Equipment
3080110090;Alat Uji Tekan Hydrotastic
3080110091;Acoustic Emmission
3080110092;Level Recorder
3080110093;Alat Electrolisa
3080110094;Hand Roll
3080110095;Iron Tester
3080110096;Perspiration
3080110097;Yarn Friction & Rubbing Tester
3080110098;Coloumetric Planting
3080110099;Alat Uji Pukul Bola Bulutangkis
3080110100;Temperatur & Humudity Tester
3080110101;Alat Uji Diameter
3080110102;Digital Melting Point
3080110103;Alat Uji Gas Buang
3080110104;Xyclo Crack Detector Kit
3080110105;Digital Indicator (Alat Laboratorium Logam, Mesin Dan Listrik)
3080110106;Techometer Digital Multimeter
3080110107;Uniterup Tible Supply
3080110108;Ultrasonic Thickness Meter
3080110109;Torque Wrench With Socket Head
3080110110;Mega Ohm Meter
3080110111;Vernier Caliper Height Gauge
3080110112;Precicion Bevel Protector
3080110113;Engineers Combination Square Set
3080110114;Drying Oven
3080110115;Vibrating Test Equipment
3080110116;Measuring Instrument
3080110117;Permanent Magnet Kit
3080110118;Refletance
3080110119;Bondet Searing Jig For Disk Pad
3080110120;Sperometer For Mirror
3080110121;Pressure Relaxtion For Iror
3080110122;Shook Relaction Jig For Brake Linning
3080110123;Pressurizing Jig For Brake Linning
3080110124;Peeling Force For Disk Pads
3080110125;Disturtion Factor Tester For Mirror
3080110126;Probe Mwb 704 Nbb
3080110127;Cole Palmers Immersion Calculator
3080110128;Step Up/Down (Alat Laboratorium Logam, Mesin Dan Listrik)
3080110129;Xray Unit
3080110130;Hot Water Hosty Type 50
3080110131;Mufle Furnace
3080110132;Cylotex Sample Min
3080110133;Anemometer Portable Digital
3080110134;Tensile Tester
3080110135;Transpol
3080110136;Alat Uji Untuk Kerja Radiator
3080110137;Alat Uji Tekan Hidrostatic Impact Test
3080110138;Alat Uji Tarik Sederhana
3080110139;Micro Meter
3080110140;Boresscope
3080110141;Electrometer (Alat Laboratorium Logam, Mesin Dan Listrik)
3080110142;Preccision Thermocouple Calibration Standard
3080110143;Constat Temperatur Calibration Ice Batth
3080110144;Probe Calibrating Gas
3080110145;Vioce Grioppe
3080110146;Rochhet Driver Vessel
3080110147;Mosses Oiml
3080110148;Alat Uji Perendam Gas Buang
3080110149;Alat Uji Crack
3080110150;Alat Uji Ultrasonic
3080110151;Alat Uji Korosi
3080110152;Alat Uji Struktur Kimia Logam
3080110153;Vacum Coating
3080110154;Reflection Polariscope
3080110155;Scattered Light Polariscope
3080110156;Lateral Extensometer
3080110157;Proyektion Polariscope
3080110158;Ultrasonic Testes
3080110159;Magnetic Powder Crack Detector
3080110160;Parker Magnetic Yoke
3080110161;Crack Depth Detector
3080110162;Electro Plating/Pelapisan Metal
3080110163;Perangkat CAD/CAE/Cam
3080110164;Vertical Stang For Bernouli And Losestest
3080110165;Vernier Calliper (Alat Laboratorium Logam, Mesin Dan Listrik)
3080110166;Flow Table (Alat Laboratorium Logam, Mesin Dan Listrik)
3080110167;Surface Plate/Graplate
3080110168;Variale Gradient Chn
3080110169;Out Side Micrometer (ratchel Stop)
3080110170;Adjustable Bel Flw Channel
3080110171;Dial Indicator
3080110172;Explotion Engine
3080110173;Digimatic Callipers
3080110174;Diesel Engine
3080110175;Bech Work
3080110176;Ward Leonard Motor
3080110177;PLC
3080110178;D'Alhendred Motor
3080110179;Motor Induksi
3080110180;Electric Network
3080110181;Universal Programmer and Testor
3080110182;Emergency Supply
3080110183;Anc Milling Machine
3080110184;Boat Light
3080110185;Surface And Pore Size Analyzer
3080110186;Echo Sonder Trenduser
3080110187;Steam House Mala
3080110188;Buoysmoke Similar
3080110189;Stering Compac Baltic
3080110190;Programmable AC/DC Power Source
3080110999;Alat Laboratorium Logam, Mesin Dan Listrik Lainnya
3080111001;Centrifuge (Alat Laboratorium Umum)
3080111002;Water Bath (Alat Laboratorium Umum)
3080111003;Incubator (Alat Laboratorium Umum)
3080111004;Mortar (Alat Laboratorium Umum)
3080111005;Oven (Alat Laboratorium Umum)
3080111006;Compressor Unit
3080111012;Nessler
3080111018;Penagas
3080111019;Burete
3080111020;Microscope
3080111021;Autoclave (Alat Laboratorium Umum)
3080111022;Blender
3080111023;Timbangan/Neraca
3080111024;Axial Plunger Pump
3080111025;Dry Klim
3080111026;Universal Test Machine (Alat Laboratorium Umum)
3080111027;Engenerring Test Equipment
3080111028;Vacum Pump
3080111029;Bearing Stand
3080111030;Stop Watch
3080111031;S C R E E N
3080111032;Alat Destilasi Air
3080111033;Bunson Burner
3080111034;Support Sheet Round
3080111035;Manometer
3080111036;Hydrometer
3080111037;Counter Meter
3080111038;Caliper & Micrometer
3080111039;M I X E R
3080111040;Thermometer (Alat Laboratorium Umum)
3080111041;Corong
3080111042;Lampu Natrium
3080111043;Container Gas Chlorine
3080111044;Raw Water Kit
3080111045;Brightness Tester
3080111046;Water Absorb Tester
3080111047;B O D Meter
3080111048;Biologikal Oxigen Demand
3080111049;Tabung Gas Ho
3080111050;Tabung Gas N2
3080111051;Boume Meter
3080111053;Bak Fiberglass
3080111054;Crusible Penyaring
3080111055;Iodine Plass
3080111057;Thermostate
3080111058;Spray Gun
3080111059;Furnace
3080111060;Condensor (Alat Laboratorium Umum)
3080111061;Lumpang Pengeram
3080111062;Lampu Spritus
3080111063;M E S T A R
3080111064;Pipa U
3080111065;Lempeng Tetes
3080111066;Stirer/Pengocok
3080111067;Alat Penyari Koch
3080111068;Alat Penyari Procter
3080111069;Dean Starek
3080111070;Sun Shine Recorder
3080111071;Crock Meter (Alat Laboratorium Umum)
3080111072;Kipps
3080111073;Pengaduk
3080111074;Crusses Tang
3080111075;Pendingin Lurus
3080111076;T O G L E
3080111077;Jepitan Kulit Untuk Togle
3080111078;Four Position Flask Heaster
3080111079;Montle Heater
3080111080;Motor Complit Bioxidation System
3080111081;Standard Klem Burete
3080111082;Stress Cracking Tester With Thermometer Water Bath
3080111083;Alat Pengukur Luas Kulit
3080111084;Boll Mill / Boll Press
3080111085;PH Meter (Alat Laboratorium Umum)
3080111086;Tangki Pembuat Sheet
3080111087;Tangki Bahan Baku
3080111088;Kjeldahl Set
3080111089;Salt Spray Test Chamber
3080111090;Corrosion Tester (Alat Laboratorium Umum)
3080111091;Electrolytic Equipment
3080111092;Autograph
3080111093;Air Permeability Tester
3080111094;Penguji Titik Leleh
3080111095;Pengukur Derajat Putih
3080111096;S E M
3080111097;Alat Sampling Gas Buang
3080111098;Soun Level Meter Tester
3080111099;Dialcaliter
3080111100;Dry Oven
3080111101;Hydrolic Hand Press
3080111102;Hair Dryer/Spray Dryer/Dryer
3080111103;Aqua Guard
3080111104;Titration Apparatus
3080111105;Multi Unit Extraction
3080111106;Plat Pemanas
3080111107;Alat Pengukur Tebal
3080111108;Alat Ukur Kadar Air (Alat Laboratorium Umum)
3080111109;Vergeot Apparat
3080111110;Alat Tembus Udara
3080111111;Alat Uji Kelembaban Udara
3080111112;Laminar Air Flow
3080111113;Microtome (Alat Laboratorium Umum)
3080111114;Spi Flame Ability (Alat Laboratorium Umum)
3080111115;Autoclave Unit (Alat Laboratorium Umum)
3080111116;Electrik Thermometer
3080111117;Flour Photometer
3080111118;Microscope Dengan Camera
3080111119;System Pengendali Derajat Asam
3080111120;Mesin Potong Jerami
3080111121;Mesin Pres Jerami
3080111122;Bak Flukulator
3080111123;Alat Poleshing
3080111124;Alat Gerinda
3080111125;Refrigerator
3080111126;Freeze Dryer
3080111127;Refractometer (Alat Laboratorium Umum)
3080111128;Vacuum Oven
3080111129;Calorimeter
3080111130;Galvanometer
3080111131;Filter Press
3080111132;Higromoter
3080111133;Termocouple
3080111134;Steroscop
3080111135;Load Cell
3080111136;Desitometer
3080111137;Tripod
3080111138;Spectrophotometer
3080111139;Epron eraser
3080111140;Induction Totor
3080111141;Container N2 Cair (Alat Laboratorium Umum)
3080111142;Ionisator
3080111143;Helc and Flow
3080111144;Plamscope
3080111145;Remote Terminal Limit
3080111146;Ignation Wire Nickel
3080111147;Digital Signal Procesor
3080111148;Hand Saw Machine
3080111149;Fire Assay Furnace
3080111150;Function Generator (Alat Laboratorium Umum)
3080111151;Process Calibrator Fluke
3080111152;Semi Automatic Penetometer
3080111154;Multizer Plate
3080111155;Cnc Milling Machine
3080111156;Mesin Pengayak
3080111157;Cyclone 2 Hall
3080111158;Variable Speed Transmission
3080111159;Bottle Regen
3080111160;Rock Cutting Machine
3080111162;Rock Strength Index
3080111164;Plate Pulveriser
3080111165;Core Bit
3080111166;Low Fristian Pressure
3080111167;Universal Coring Machine
3080111168;Test Set For Water Well
3080111169;Ayakan Gantung
3080111170;Earth Resistivity Meter
3080111171;Elektroda Spesifik
3080111172;Spectrometric Mode
3080111173;Cuvet Cadangan Metachylate
3080111174;Digital Indicator LCD/Metric
3080111175;Orsat
3080111176;Ultra Pure Water Chemistreat
3080111177;Molser Content Tester
3080111178;Peralatan Sampler Spliter
3080111179;Peralatan Homogenisasi
3080111180;Peralatan Petroscope
3080111181;Peralatan Palomagnetic
3080111182;Shear Strength
3080111183;Mesin Gerus Tanah
3080111184;Schimdt Hammer
3080111185;Jack Mill
3080111186;Termolline Pyrometer
3080111187;Gelinding
3080111188;Alat Procesing rumput
3080111189;Bacteriological Colony Counter
3080111190;Bacthythermograph
3080111191;Biocounter
3080111192;Closing Gear
3080111193;Complete Cyanida Distallation Apparatus
3080111194;Cooling Water Circulator
3080111195;Coulter Counter (Alat Laboratorium Umum)
3080111196;Delux Two Speed Horizontal Lapidary
3080111197;Disecting Apparatus (Alat Laboratorium Umum)
3080111198;Dive tank
3080111199;Dry Ice Storage Shest
3080111200;Electric Measuring Tape
3080111201;Elektrophoresis
3080111202;Enlarge
3080111203;Extraction Mantle 6 Hole
3080111204;Fibre Glass Fume Hood
3080111205;Filtration Apparatus
3080111206;Fluid Contamination Analysis Kit
3080111207;Gene Amp Pcr System
3080111208;Hand Wunch With Boom
3080111209;Hygrometer (Alat Laboratorium Umum)
3080111210;Ice Maker (Alat Laboratorium Umum)
3080111211;Jars Anaerobic System
3080111212;Jelly Strength Tester
3080111213;Laminair Flow Cabinet
3080111214;Linomat
3080111215;Liquid Extractor
3080111216;Liquid Scientilation Counter
3080111217;Mechanical Homogenenizer
3080111218;Mesokome
3080111219;Meterology Kit
3080111220;Micro Continuous Flow Analyzer
3080111221;Micro Hammer Mil Culiati
3080111222;Rotary Evaporator
3080111223;Tabung Gas (Alat Laboratorium)
3080111224;Melting Point Aparatus
3080111225;Micropipette 50-200 UI
3080111226;Ruang Asam
3080111227;Vaccum Pressure Pump
3080111228;Vaccum Cleaner Wet & Dry
3080111229;Alat Uji Kebocoran Strip
3080111230;Taped Density
3080111231;Readbiotic
3080111232;Super Mixer
3080111233;Alat Saring Pelarut/Solvent Filtration Kit
3080111234;Deluxe Slide Regulator
3080111235;Eye Wash And Drench Shower
3080111236;All Purpose Motor Drive
3080111237;Pakaian Laboratorium
3080111238;Anaerobic Jar
3080111239;Autodilutor
3080111240;Centrifuge Mini/Spindown
3080111241;Centrifuge Refrigerator
3080111242;Conductivity Meter
3080111243;Dry Well
3080111244;Filter Holmium Oxide
3080111245;Filter Photometric UV- Vis
3080111246;Filter Standard Reference Material (SRM)
3080111247;Filter Stray Light
3080111248;Gel Documentation System
3080111249;Hot Plate Stirrer
3080111250;Ion Meter
3080111251;Rak Sampel/Reagen
3080111252;Mass Comparator
3080111253;Microplate Strip Washer
3080111254;Mikroskop Trinokuler
3080111255;Pemanas Spiral (Alat Lab)
3080111256;Glassware Dryers
3080111257;pH Simulator
3080111258;Polarimeter
3080111259;Titrator Potensiometer
3080111260;Shaker
3080111261;Spectrofluorometer
3080111262;UV Cabinet
3080111263;Vortex Mixer
3080111264;Water Distillation/Purifier
3080111999;Alat Laboratorium Umum Lainnya
3080112001;Autocleve
3080112002;Oven/Hot Air Sterilizer
3080112003;Pipette Washer
3080112004;Pipette Dryer
3080112005;Santrifuge Biasa
3080112006;Binoculer Microscope (Alat Laboratorium Microbiologi)
3080112007;Sentrifuge Untuk Microplate
3080112008;Stereo Microscope (Alat Laboratorium Microbiologi)
3080112009;Fluricent Microscope
3080112010;Magnetic Stirer & Rod With Hot Plate
3080112011;Balance Electric
3080112012;Aquadestilator
3080112013;Demineralizer (Alat Laboratorium Microbiologi)
3080112014;Millipore Filter
3080112015;Microtiter Kit
3080112017;Pinn Filter
3080112018;Pipette Filter
3080112019;Propipette
3080112020;Pipette Container
3080112021;Tube Container
3080112022;Wire Basket
3080112023;Discard Pan
3080112024;Boolling Pan
3080112025;Stabilizer
3080112027;Freezer 70 Derajat C Centrifuge With Accesories
3080112028;Retrigerated
3080112029;Analytic Balancer
3080112030;Bursen Burner
3080112031;Anerobic Jar
3080112032;Ice Crusher
3080112033;Pipette Jar Container
3080112034;Inculating Supplies
3080112035;Silicagel Desicator
3080112036;Peristalitic Pump
3080112037;Tube For Centrifuge
3080112038;Caps For Centrifuge Tube
3080112039;RES
3080112040;Test Tube Mixer
3080112041;Krucut In Hoff
3080112042;Rotator Shaker (Alat Laboratorium Microbiologi)
3080112043;Microscope Monocular
3080112044;Microscope Binocular
3080112045;Photo Microscope
3080112046;Atomic Absorption Spectro
3080112047;Tl Chromatograph
3080112048;Electrogravimetri
3080112049;Chromatography Injection
3080112050;Device (Alat Laboratorium Microbiologi)
3080112051;Tissue Processor Unit
3080112052;Microtome Unit
3080112053;Analitical Balance (Alat Laboratorium Microbiologi)
3080112054;Precisions Balance
3080112055;Washing Instrument (Alat Laboratorium Microbiologi)
3080112056;Microscope Fluoronsence
3080112057;Microscope Phase Contrast Light Field
3080112058;Microscope Phase Contrast Dark Field
3080112059;Microtitation Plate Incubator
3080112060;Automatic Micro Plate Laser
3080112061;Petri Dish
3080112062;Loop Sterilizer
3080112063;Reader Petri Dishas
3080112064;Reader Antibiotic
3080112065;French Pressure Cell & Laboratory Press Motor Driven Laobatory
3080112066;Standard French Presure Cell 35 Ml Capasity, Presure Up To 40.00
3080112067;Miniature French Presure Cell 3,7 Ml Capasity, Presure Up To 20.
3080112068;Tissue Homogenizer
3080112069;Hematology Analyzer ( Blood Cell Counter )
3080112070;Sub Marine Gel System
3080112071;Microcentrifuge
3080112072;Stiring Hot Plat
3080112073;Micro Pippettes
3080112074;Electromagnetic Current Meter
3080112075;Electronic Current Meter
3080112076;Vector Aritmatic
3080112077;Sandy Surface Meter
3080112078;Wave Height Meter
3080112079;Digital Storage Oscilloscope
3080112080;Detector
3080112081;Pressure Transacer
3080112082;Microscope Tringular
3080112083;Helium Liquifier
3080112084;Vacuum Manifold
3080112085;Dispensing Pump
3080112086;DNA Analyzer
3080112087;Automated Microbiology Identification System
3080112088;Alat Ekstraksi DNA/RNA
3080112089;Multiple Vacuum Filtration
3080112090;Polymerase Chain Reactor (PCR)
3080112091;Spectrophotometer DNA
3080112092;Sterility Testing Pump
3080112093;Stomacher
3080112094;UV Cleaner Recirculator
3080112095;Vacuum Concentration Sample
3080112999;Alat Laboratorium Microbiologi Lainnya
3080113001;Analytical Balance Electric
3080113002;Analytical Balance Non Electric
3080113003;Balance Trip
3080113004;Balance Gram
3080113005;Balance Miligram
3080113006;Balance Kodek/Kilogram
3080113007;Fotometer
3080113008;Flame Fotometer
3080113009;Mercury Analyzer (Alat Laboratorium Kimia)
3080113010;Automatic Adsorption Spectrofotometer
3080113011;Turbidimeter (Alat Laboratorium Kimia)
3080113012;Conductometer
3080113013;Khromatographi Kertas
3080113014;Khromatographi Tabung
3080113015;Khromatographi Lapisan Tipis (TLG)
3080113016;Khromatograhi Gas Cair (GLS)-GC
3080113017;Tintometer Kid
3080113018;Comparator
3080113019;Desicator
3080113020;Sohxlet
3080113021;Thiel Apparatus
3080113022;Buret/Peralatan Titrasi
3080113023;Deep Freezer (Alat Laboratorium Kimia)
3080113024;Kyldahl Apparatus
3080113025;U.V. Lamp (Alat Laboratorium Kimia)
3080113026;Seperate Funnel
3080113027;Nephelmeter
3080113028;Destilator (Alat Laboratorium Kimia)
3080113029;High Performance Liquid Diromatography (HPLG)
3080113030;Aqua Bidest Apparatus
3080113031;Aquadest Apparatus
3080113032;Electrophorese
3080113033;Diyer
3080113034;Hot Plate (Alat Laboratorium Kimia)
3080113035;Micro Burret
3080113036;Tabung Nessler Pembanding Warna
3080113037;Chromato Jar
3080113038;Chromatography Oven
3080113039;Chromatogram Developping Apparatus/Chambler
3080113040;TLC Reagent Sprayer
3080113041;TLC Drying Rachs
3080113042;Aqua Analyzer
3080113043;Netrogin Analyzer
3080113044;Preasure Sterilizer
3080113045;Melt Indexer (Alat Laboratorium Kimia)
3080113046;Westover Type Frioctono Meter
3080113047;Brannock
3080113048;Water Distilation Apparatus (Alat Laboratorium Kimia)
3080113049;E N T K A S
3080113050;Homogin Mixer
3080113051;Dry Blending
3080113052;Experimental Tanning Drum
3080113053;Hide Prosessor
3080113054;Tannox Drum
3080113055;Plat Aluminium Untuk Out Set
3080113056;Alat Untuk Mensol Fenasi Minyak Pelumas
3080113057;Spec Tonic
3080113058;SPI Flame Ability (Alat Laboratorium Kimia)
3080113059;Infrared Spectro Foto Meter
3080113060;Laboratory Spry Dryer
3080113061;Lacto Meter
3080113062;Filtration System
3080113063;Water Distiling
3080113064;Aqua Meter/Titrator
3080113065;Road Coater
3080113066;Alat Pemisah Buih(Foam Seperator)
3080113067;Mini Mil Computerized Laboratory Digester
3080113068;Peralatan Chlorine Injector
3080113069;Alat Pembuat Pelet
3080113070;Peralatan Pencampur Kompos & Bio Stabilizer
3080113071;Gas Orsat Apparatus
3080113072;Reaktor Anaerobic
3080113073;Alat Ultra Filtrasi
3080113074;Kjeltec Auto System II
3080113075;Melting Point Apparatus Thermolyn
3080113076;Portable Oil Counter Meter
3080113077;Soxtec System (TECATOR)
3080113078;Salinity Conductivity/Temperaturemeter/STC
3080113079;T I T R A T O R
3080113080;Wild Zoom Stereo Microscope
3080113081;TV Monitor
3080113082;Hydrolic Lab Press
3080113083;Mini Pump Air Sample Flow Meter
3080113084;Air Sampler (Alat Laboratorium Kimia)
3080113085;Multi Purpose
3080113086;Freenes Tester
3080113087;Spineret
3080113088;Ink Huber Tester
3080113089;Hydropulper
3080113090;Niagara Beater
3080113091;Oil Peneration Tester
3080113092;HCL Burner
3080113093;Packing Test
3080113094;Concora Unit
3080113095;Hygrometer Ruang Round
3080113096;Phase Conterase
3080113097;Hydrolic Pump
3080113098;Electrophoresis (Alat Laboratorium Kimia)
3080113099;Densitometer For Protein
3080113100;Chloridemeter
3080113101;Blood Cell Counter
3080113102;Blood Gas Analyzer (Alat Laboratorium Kimia)
3080113103;Coagulation Timer (Alat Laboratorium Kimia)
3080113104;Micro Hematocrite Centrifuge
3080113105;Hemaglobine Photometer
3080113106;Iso Enzym Electrophoresis
3080113107;Imono Electrophoresis
3080113108;Imono Chemistry
3080113109;Ph Blood Gas Analyzer
3080113110;Water Destillator
3080113111;Precicion Balance
3080113112;Washing Instrument (Alat Laboratorium Kimia)
3080113113;Blood Chemistry Analysis
3080113114;Trombelastograph
3080113115;Monitor For Diro Matograph
3080113116;Tangki Liquid Nitrogen
3080113117;Pengukur Dissolution
3080113118;Detection (Alat Uni Katalis dan Bio katalis)
3080113119;Pengukur Penguapan
3080113120;Automatic Thin-Layer Chromatography (TLC) Sampler
3080113121;Atomic Absorption Spectofotometer
3080113122;Inductively Coupled Plasma Optical Emission Spectroscopy (ICPOES)
3080113123;Micro Smash
3080113124;Photochemical Reactor
3080113125;Separatory Funnel Shaker
3080113126;Thin Layer Chromatography (TLC) Automatic Developing Chamber
3080113127;Thin Layer Chromatography (TLC) Scanner Spectrophotodensitometer
3080113128;Thin Layer Chromatography (TLC) Visualizer
3080113129;Vacuum Controller
3080113130;Vacuum Filtration Set
3080113999;Alat Laboratorium Kimia Lainnya
3080114001;Electrophoresis System
3080114002;Gas Liquid Chromatography Apparatus
3080114003;Thin Layer Chromatography Apparatus
3080114004;Freezer (Alat Laboratorium Patologi)
3080114005;Blood Bank Refrigerator (Alat Laboratorium Patologi)
3080114006;Refrigerator Centrifuge
3080114007;Refrigerator Bath
3080114008;Centrifuge Hematocrit
3080114009;Calcium Analyzer
3080114010;Glucosa Analyzer
3080114011;Hematology Analyzer
3080114012;Clorida Meter
3080114013;Blood Bank Incubator
3080114014;Microscope Monoculair
3080114015;Microscope Binoculair
3080114016;Automatic Tissue Processor (Alat Laboratorium Patologi)
3080114017;Automatic Microtome Knife Sharpener
3080114018;Automatic Slide Staining Machine
3080114019;Automatic Tissue Embedding Appatarus
3080114020;Cryout Microtoma
3080114021;Microslide Warmer
3080114022;Slide Warmer
3080114023;Flotation Bath
3080114024;Rotator
3080114025;Shaker (Alat Laboratorium Patologi)
3080114026;Plasma Extrator
3080114027;Prothrombin Timer
3080114028;Coagulation Meter
3080114029;Platelet Mixer
3080114030;Blood Pipet Shaker
3080114031;Billirubinometer
3080114032;Automatic Dispencer
3080114033;Automatic Dilluter Complete
3080114034;Automatic Pipet Set
3080114035;Magnetic Stirer (Alat Laboratorium Patologi)
3080114036;Hemathologi
3080114037;Hematology Staining Set
3080114038;Rh Typing Box
3080114039;B.U.N. Analyzer
3080114040;Enzim Analyzer
3080114041;Microgasometer
3080114042;Heating Bloet/Test Tube Heaters
3080114999;Alat Laboratorium Patologi Lainnya
3080115001;Autosil (Double Distiled And Demineralized
3080115002;Centrifuge Electric
3080115003;Cryostat Microtome
3080115004;Dry Heat Oven Electrophoresis Kit, Consist Of
3080115005;Electrophoresis Chamber
3080115006;Power Supply (Alat Laboratorium Immunologi)
3080115007;Sample Aplicator
3080115008;Electrophoresis Market
3080115009;Staining Trays
3080115010;Absorbant Pads And Trips
3080115011;Non Serrated Forceps
3080115012;Capillary Tubes
3080115013;Freezer - 30 Derajat Celcius
3080115014;Immunodiffusion System
3080115015;Immunodiffusion Puch Set
3080115016;Consist Of
3080115017;Punch
3080115019;Holder
3080115020;Dye Set And 2,5 mm Wrech
3080115021;Immuno Frames
3080115022;Immuno Frame Holder
3080115023;Immuno Leveling Table Set
3080115024;Stainless Steel Tongs
3080115026;Suction Needless (2,6 mm dia)
3080115027;Staining And Rising Tanks
3080115028;Magnetic Stirles & Bars
3080115029;Measuring Magnifier
3080115030;Micromixer
3080115031;Measuring Magnifier Microtiterkit
3080115032;Titration Plates U Wells
3080115033;Titration Plates V Wells
3080115034;Sealing Tape 72 yl, 50 ul
3080115035;Tape Dispencer
3080115036;Support Plates
3080115038;Filter Cartigges
3080115039;Suction Bulb
3080115040;Microdituter 25 ul, 50 ul
3080115041;Deliveri Tester25 ul
3080115042;Stand, Diluter/Pipet
3080115043;Rack, Diluter/Pipet
3080115044;Carrying Case
3080115045;Test Reading Mirror
3080115046;Centrifuge Carries
3080115047;Carrying/Storage Case
3080115048;Shaking Waterbath
3080115049;Staining Jar
3080115050;Waterbath With Thermostat
3080115051;Viewer (Alat Laboratorium Immunologi)
3080115052;Voltmeter
3080115053;Reagent Aplication Device (Micro And Linier Stripper)
3080115054;Stripping Cutting Device
3080115055;Laminating Module With 4 Reels
3080115056;Staining Set
3080115999;Alat Laboratorium Immunologi Lainnya
3080116001;Albuminometer
3080116002;Bunsen Burner & Kelengkapannya
3080116003;Differential Cell Counter
3080116004;Haemocytometer
3080116005;Mikroskop Monokuler
3080116006;Mikroskop Binokuler
3080116008;Dispencer Adjustable
3080116009;Sentrifus Elektrik
3080116010;Sentrifus Hematokrit
3080116011;Timer (Alat Laboratorium Hematologi)
3080116012;Urinometer (Alat Laboratorium Hematologi)
3080116013;Water Distilation Apparatus (Alat Laboratorium Hematologi)
3080116014;Washer And Dryer,Pipet
3080116015;Westergren Apparatus
3080116016;Tips Pipet Sesuai Ukuran
3080116999;Alat Laboratorium Hematologi Lainnya
3080117001;Mesin Cuci B.W Negatif
3080117002;Mesin Cuci B.W Positif
3080117003;Mesin Cuci Color ECA
3080117004;Mesin Cuci Color ECP
3080117005;Mesin Cuci Color CRI
3080117006;Mesin Cetak Color
3080117007;Mesin Vidio Color Analyzer
3080117008;Mesin Spesial Optical Effek Printer
3080117009;Chemical Analisa
3080117010;Fotografic Analisa
3080117011;Chemical Mixing
3080117012;Ultrasonic Cleaner (Alat Laboratorium Film)
3080117013;Destilasi
3080117014;Analistic Balance
3080117016;Lemari Asam
3080117017;B.D. Meter
3080117018;Tensitometer
3080117019;Alat Pemanas
3080117020;Motor Mixer
3080117021;Tangki Meter
3080117022;Silver Recovery
3080117023;Mesin Scanning
3080117024;Video Printer
3080117025;PC-Based UV Gel Documentation System
3080117026;Phospor Image
3080117027;Tranmision Electorn Microscope
3080117999;Alat Laboratorium Film Lainnya
3080118001;Gilingan Mile
3080118002;Wajan Teflon
3080118003;Kompor LPG
3080118004;Alat Pembuat Mie
3080118005;Timbangan Kue
3080118006;Slicer
3080118007;Colony Counter (Alat Laboratorium Makanan)
3080118008;Rotary Evaporator (Alat Laboratorium Makanan)
3080118009;Protein Analyzer
3080118010;Kompor Gas (Alat Laboratorium Makanan)
3080118011;Cooler (Alat Laboratorium Makanan)
3080118012;Penghalus Es
3080118013;Thermos Es
3080118014;Cooking Range
3080118015;Frying Pan
3080118016;Boiling Pan
3080118017;Cold Storage (Alat Laboratorium Makanan)
3080118018;Ice Maker (Alat Laboratorium Makanan)
3080118019;Rice Cooker (Alat Laboratorium Makanan)
3080118020;Rice Washer
3080118021;Food Processor
3080118022;Food Trolley
3080118023;Scale (Alat Laboratorium Makanan)
3080118024;Work Bench (Alat Laboratorium Makanan)
3080118025;Kompor Minyak Tanah (Alat Laboratorium Makanan)
3080118026;Meja Kerja Stainless
3080118027;Alat Pelecet Kedelai
3080118028;Alat Pembuat Keripik
3080118029;Alat Pembuat Coklat
3080118030;Alat Penjernih Air
3080118031;Loyang Susun
3080118032;Alat Perajang Kerupuk
3080118033;Alat Penggiling Tahu
3080118034;Chopper
3080118035;Alat Penutup Botol
3080118036;Alat Penyangray Kopi
3080118037;Alat Kukus
3080118038;Alat Pembuka Sabut Kelapa
3080118039;Alat Perajang Pisang
3080118040;Alat Pencuci Botol
3080118041;Tangki Penyimpan
3080118042;Tempering
3080118043;Endotoxin Detection System
3080118044;Fat Analyzer
3080118045;Liquid Chromatograph Mass Spectrometry
3080118046;Moisture Balance
3080118047;Muffle Furnace (Lab Makanan)
3080118048;Protein/Nitrogen Analyzer - Chiller Unit
3080118049;Protein/Nitrogen Analyzer - Destruction/Digester Unit
3080118050;Protein/Nitrogen Analyzer - Distillation Unit
3080118051;Protein/Nitrogen Analyzer - Scrubber Unit
3080118052;Desicator
3080118053;Automatic Destilator
3080118054;Automatic Mortar Grinder
3080118999;Alat Laboratorium Makanan Lainnya
3080119001;Analytical Balance (Alat Laboratorium Farmasi)
3080119002;Micro Analytical Balance
3080119003;Top Loading Balance (Alat Laboratorium Farmasi)
3080119004;Water Distilling Apparatus
3080119005;Mortars & Pastle
3080119006;Tablet Press Machine
3080119007;Capsule Filling Machine
3080119008;Strip Packing Machine
3080119009;Viscometer (Alat Laboratorium Farmasi)
3080119010;U V Sterilizer
3080119011;Pengukur Kekrasan Tablet
3080119012;Mesin Campur Bubuk
3080119013;Mesin Campur Emulsi
3080119014;Mesin Pengahalus Salep
3080119015;Mesin Pengisi Salep
3080119016;Mesin Pengisi Cairan
3080119017;Disintegrator
3080119018;Friability Tester
3080119019;Mesin Penutup Botol
3080119020;Mesin Penuyalut/Coating
3080119021;Deduster tablet
3080119022;Mesin Pencuci Wadah/Botol
3080119023;Mesin Pencampur Salep
3080119024;Lemari Pengering Botol
3080119025;Mesin Penghitung Tablet
3080119026;Mesin Film Coating
3080119027;Mesin Pembersih Kapsul
3080119028;Mesin Pengisi Bubuk
3080119029;Mesin Pengisi dan Penutup Ampul
3080119030;Mesin Penutup Vial
3080119031;Mesin Pencampur Cairan
3080119032;Mesin Pencampur Suspens
3080119033;Mesin Cetak Kaplet
3080119034;Mesin Campur Planetary
3080119035;Mesin Tutup Botol
3080119036;Auto Cap Sealing
3080119037;Automatic Liquid Filling Machine
3080119038;Auto Labelling
3080119039;Oscillating Granulator Machine
3080119040;Mesin Steam Boiler
3080119041;Mixer Tank
3080119042;Coding Machine
3080119043;Mesin Stappler
3080119044;Fluid Bed Dryer
3080119045;Cap Sealing Machine Series
3080119046;Alat Penghalus Suspensi
3080119047;Alat Penghalus Gula
3080119048;Liquid Mixing Tank
3080119049;Conveyor
3080119050;Mesin Batching/Stampe
3080119051;Spray Gun O Nozzle
3080119052;Sendok Powder 1/2 Lingkaran
3080119053;Dissolution Tester
3080119054;Incubator Temperatur
3080119055;Dissolution Tester
3080119056;Electric Furnance (Tungku Pemijar)
3080119057;Particle Counter
3080119058;Moisture Analyzer Balance
3080119059;Automatic Media Preparation
3080119060;Chemical Storage Cabinet
3080119061;Dosage Unit Sampling Apparatus (DUSA)
3080119062;Heating Block/Incubator Shaker
3080119063;High Pressure Ion Chromatography
3080119064;Microwave Digester
3080119065;Multi Spotter
3080119066;Particle Analyzer
3080119067;Smoking Machine
3080119068;Total Organic Carbon Analyzer
3080119999;Alat Laboratorium Farmasi Lainnya
3080120001;Adaptor (Alat Laboratorium Fisika)
3080120002;Signal Generator (Alat Laboratorium Fisika)
3080120003;VU Meter
3080120004;Kaca Plan Paralel
3080120005;Rangkaian Hambatan Jembatan Seri
3080120006;Rangkaian Hukum
3080120007;Hambatan Jembatan Wheatstome
3080120008;Garpu Tala
3080120009;Timer Switch
3080120010;Magnet U
3080120011;Kaca Prisma
3080120012;Lensa Cembung
3080120013;Bangku Optik
3080120014;Pipa Resonansi
3080120015;Audio Generator
3080120016;Battery Changer (Alat Laboratorium Fisika)
3080120017;Power Supply (Alat Laboratorium Fisika)
3080120999;Alat Laboratorium Fisika Lainnya
3080121001;Carbatec Portable
3080121002;Gas Analysis Apparatus (Alat Laboratorium Hidrodinamika)
3080121003;Law Volume Dust Sampler (Alat Laboratorium Hidrodinamika)
3080121004;Middle Volume Air Sampler (Alat Laboratorium Hidrodinamika)
3080121005;Multi Shihet Filter Press
3080121006;Thin Layer Chromatography (Alat Laboratorium Hidrodinamika)
3080121007;Bench Scale/Biooxidation System
3080121008;Disolved Solid Mater Por (Alat Laboratorium Hidrodinamika)
3080121009;Hydrothermograph (Alat Laboratorium Hidrodinamika)
3080121010;Thermohigrograph (Alat Laboratorium Hidrodinamika)
3080121011;Martindale Wear And Abration Tester (Alat Laboratorium Hidrodinam
3080121999;Alat Laboratorium Hidrodinamika Lainnya
3080122001;Carbotec Portable
3080122002;Gas Analysis Apparatus (Alat Laboratorium Klimatologi)
3080122003;Law Volume Dust Sampler (Alat Laboratorium Klimatologi)
3080122004;Middle Volume Air Sampler (Alat Laboratorium Klimatologi)
3080122005;Multi Sheet Filter Press
3080122006;Thin Layer Chromatography (Alat Laboratorium Klimatologi)
3080122007;Bench Scale/Bioxidation System
3080122008;Disolved Solid Mater Por (Alat Laboratorium Klimatologi)
3080122009;Hydrothermograph (Alat Laboratorium Klimatologi)
3080122010;Thermohigrograph (Alat Laboratorium Klimatologi)
3080122011;Martindale Wear And Abration Tester (Alat Laboratorium Klimatolog
3080122012;Rain Gauge Transfer Calibrator
3080122013;Pressure Chamber
3080122014;Rain Gauge Laboratorium Calibrator
3080122015;Ion Chromatography
3080122016;Spectrophotometer
3080122017;Humidity Meter Standard
3080122018;Zero Air Supply
3080122019;Humidity Chamber
3080122999;Alat Laboratorium Klimatologi Lainnya
3080123001;Cupola
3080123002;Shot Blast
3080123003;Shake Out
3080123004;Fuel Pump
3080123005;Ladle Heating
3080123006;Induction Furnace (Alat Laboratorium Proses Peleburan)
3080123007;Bale Out Furnace
3080123008;Tilting Furnace
3080123009;Grinding Machine
3080123010;Ghanematic Grinding Machine
3080123011;Work Bench (Alat Laboratorium Proses Peleburan)
3080123012;Gantry Crane
3080123013;Rotary Furnace
3080123014;Small Grinding Machine
3080123015;Hand Grinding Machine
3080123016;Pyrometer Digital
3080123017;Carbon Aquipment Metic
3080123018;Tentip/Tectip
3080123019;Digital Ce Meter
3080123020;Steel Analysis Digital
3080123999;Alat Laboratorium Proses Peleburan Lainnya
3080124001;Lab Sifter
3080124002;Jolt Aqueeze App
3080124003;Wet Tensile Strength
3080124004;Central Controler
3080124005;Compresive Stress
3080124006;Testing App
3080124007;Universal Strenght Machine
3080124008;Assesories Universal Strength
3080124009;Sintering Furnace
3080124010;Cheking Device
3080124011;Agitator
3080124012;Rammer
3080124013;Assesories Sand Rammer
3080124014;Permeability Tester
3080124015;Infra Red Rapid Dryer
3080124016;Stereoscopic Microopic
3080124017;Mould Hardness Tester
3080124018;Labo Firniture
3080124019;Mettler Balance
3080124020;Flow Ability Test
3080124021;Labo Mixer
3080124022;Sand Sample & Sand Container
3080124023;Continous Clay Washer
3080124024;Foundry Sand Pycnometer
3080124025;Turbo Mixer
3080124026;Ditato Meter
3080124027;Green Tensile Strength
3080124028;Core Hardness Tester
3080124029;Sand Cone Test
3080124030;Shrinkage limit test
3080124999;Alat Laboratorium Pasir Lainnya
3080125001;Sand Preparation
3080125002;Moulding Machine
3080125003;Ribon Flow Mixer
3080125004;Mixer Zarnic
3080125005;Core Making Machine
3080125006;Core Work Banch
3080125007;Sand Drying
3080125008;Pneumatic
3080125009;Alat Cetak Beton
3080125999;Alat Laboratorium Proses Pembuatan Cetakan Lainnya
3080126001;Circulair Saw
3080126002;Universal Milling Machine (Alat Laboratorium Proses Pembuatan Pol
3080126003;Combined Planning Machine
3080126004;Wood Lathe
3080126005;Portable Router
3080126006;Spidle Sander
3080126007;Small Bore Machines
3080126008;Abrasive Band Machines
3080126009;Movable Dust Colector
3080126010;Automatic Grinding
3080126011;Tools Grinding
3080126012;Work Bench (Alat Laboratorium Proses Pembuatan Pola)
3080126013;Drawing Equipment
3080126014;Vertical Abrasive
3080126015;Hot Melt Hand Gun
3080126016;Wood Lathe Machine
3080126017;Hand Drill
3080126018;Electric Band Saw
3080126019;Grinder Band Saw
3080126999;Alat Laboratorium Proses Pembuatan Pola Lainnya
3080127001;Orsat Analisa Gas
3080127002;Water Still
3080127003;C.S Strochlein
3080127004;Heating Furnace
3080127005;Polisishing Machine
3080127006;Electro Lyseur
3080127007;Electro Analysis App
3080127008;Carbon Determinator
3080127009;Sulphur Determinator
3080127010;Metallspectroskop
3080127011;Probensammlung
3080127012;Defectometer
3080127013;Polasation Aurustung Fur Mikroskop
3080127014;Isomet Wiedertourensage Mit Zubehor Buehler
3080127015;Micrometer Messokuler
3080127016;Portable Ultrasonic Non Destruktive Digital (Pundit)
3080127017;Flashlight Stroboscope
3080127018;Mess Telescope Spectrophotometer
3080127019;Carbon Sulfur
3080127020;Drumeter
3080127022;Hot Win
3080127023;Portable Coorrosometer Instrument
3080127024;High Temperatur Furnace Contor
3080127025;Scanning Microskop
3080127026;Stereo Microskop
3080127999;Alat Laboratorium Metalography Lainnya
3080128001;Welding Rectifier (Alat Laboratorium Proses Pengelasan)
3080128002;Welding Tranformat
3080128003;TIG Welding Machine
3080128004;NIG/MAG Welding Machine
3080128005;Cercomatic Automatic
3080128006;Vertomatic Automatic
3080128007;Spot Welding Machine
3080128008;Stud Welding Machine
3080128009;Oxy Acetileng Copier Cutting
3080128010;Plasma Cutting
3080128011;Manual Pipe Cutter Oxy Acetilence
3080128012;Plate Bending Machine
3080128013;Hydroulic Prosses Brake Machine
3080128014;Portal Press
3080128015;Nimbling Machine/Mesin Nimbling
3080128016;Hand Putch Machine
3080128017;Hand Plate Ahear
3080128018;Hand Whear Cutting
3080128019;Hand Roll Machine
3080128020;Rol Plat
3080128999;Alat Laboratorium Proses Pengelasan Lainnya
3080129001;Universal Testing Machine (Alat Laboratorium Uji Proses Pengelasa
3080129002;Impact Test
3080129003;Magnetic Particle (Alat Laboratorium Uji Proses Pengelasan)
3080129004;Flourecence Test
3080129999;Alat Laboratorium Uji Proses Pengelasan Lainnya
3080130001;Converntion Lathe
3080130002;Cnc - Lathe
3080130003;Gear Hobbing Machine
3080130004;Boring & Milling Machine
3080130005;Press Machine
3080130006;Hydroulic Hand Press
3080130007;Precission Filling Machine
3080130008;Surface Grinding Machine
3080130009;Cylindrical Grinding Machine
3080130010;Puch Electrode Shaping Machine
3080130011;The Spark Erosion Machine Toll (EDM)
3080130012;Optical Profile Grinding Machine
3080130013;Milling Machine (Alat Laboratorium Proses Pembuatan Logam)
3080130014;Jig Boring Machine
3080130015;Hydraulic Handling Equipment
3080130016;Tool Grinder Machine
3080130017;Band Saw Machine
3080130018;Hack Sawing Machine
3080130019;Abrasive Cut Off Wheele
3080130999;Alat Laboratorium Proses Pembuatan Logam Lainnya
3080131001;Linear Measuring Tools
3080131002;Measuring Standard And Calibers
3080131003;Miscellaneous
3080131004;Angle Measuring Tools (Jangka Sorong)
3080131005;Surface Roughnes Instrument
3080131006;Rougness Tester
3080131007;Flatness Instrument And Tools Geare & Acrewa Threec
3080131008;Profil Measuring Instrument
3080131009;Treching & Leveling Instrument
3080131010;Meusuring Machine
3080131999;Alat Laboratorium Metrologie Lainnya
3080132001;Ticknes Tester
3080132002;Baumeter
3080132003;Bak Electronic
3080132004;Rectifiler
3080132005;Burner
3080132006;Heater (Alat Laboratorium Proses Pelapisan Logam)
3080132999;Alat Laboratorium Proses Pelapisan Logam Lainnya
3080133001;Dapur Pengerasan Induksi
3080133002;Dapur Pemanas Garam
3080133003;Dapur Kamar
3080133004;Sand Blasting
3080133005;Dapur Temper
3080133006;Bak Pendingin
3080133007;Crane (500 Kg)
3080133008;Tempat Peyimpanan Garam
3080133009;Penetral Cyanida
3080133010;Exhaust Fan (Alat Laboratorium Proses Pengolahan Panas)
3080133011;Cleaning Instalation
3080133999;Alat Laboratorium Proses Pengolahan Panas Lainnya
3080134001;Penyisir Serat Rami
3080134002;Dekortikasi
3080134003;Mesin Vernekel
3080134004;Mesin Selection Sutera
3080134005;Mesin Hani Tangan
3080134006;Alat Kebut
3080134007;Mesin Dobby
3080134008;Mesin Jacguard
3080134009;Mesin Pelubang Karton
3080134010;Mesin Panding
3080134011;Pinstenter
3080134012;HT Drying
3080134013;Mesin Celup (Alat Laboratorium Proses Teknologi Tekstil)
3080134014;Mesin Bleaching
3080134015;Mesin Spreding Cut
3080134016;Mesin Blindstitch
3080134017;Mesin Jahit Lockstitich
3080134018;Thread Overadge Stitch
3080134019;Mesin Overdeck
3080134020;Mesin Potong Tegak
3080134021;Mesin Bundar
3080134022;Mesin Jahit Chain Stitch
3080134023;Feed Of The Arm
3080134024;matter half
3080134025;Mesin Press Kain
3080134026;Mesin Strika Uap
3080134027;Mesin Blowing
3080134028;Mesin Carding
3080134029;Mesin Drawing
3080134030;Mesin Spinning
3080134031;Mesin Winding
3080134032;Mesin Silver Lap
3080134033;Mesin Ribbon Lap
3080134034;Mesin Combing
3080134035;Mesin Hroving
3080134036;Mesin Gintir
3080134037;Mesin Ginning
3080134038;Mesin Tali
3080134039;Mesin Packing Benang
3080134040;Mesin Kanji
3080134041;Mesin Sambung
3080134042;Mesin Cucuk
3080134043;Mesin Cucuk Tangan
3080134044;Alat Tenun Reeling
3080134045;Mesin Inspeksi Kain
3080134046;Mesin Jahit Dial Lingking
3080134047;Mesin Jahit Locksitik
3080134048;Mesin Jahit Elastik 5 Benang 3 Jarum
3080134049;Mesin Bordir Highspeed
3080134050;Mesin Jahit Bartacking
3080134051;Mesin Jahit Pasang Kancing
3080134052;Mesin Jahit Overlock
3080134053;Mesin Collarettes Tape Cutting
3080134054;Mesin Knife Clath Cutting
3080134055;Mesin Printing
3080134056;Mesin Pemasang Kain Screen
3080134057;Mesin Steam Rol
3080134058;Mesin Gulung Kaos
3080134059;Mesin Lipat Kain
3080134060;Mesin Kalender
3080134061;Mesin Spannram
3080134062;Mesin Jigger
3080134063;Ketel Pemasakan
3080134064;Mesin Curring
3080134065;Mesin Haspel
3080134066;Mesin Peras
3080134067;Mesin Pengering
3080134068;Mesin Bakar Bulu Kain
3080134069;Exomat Hydro Extrator
3080134070;Alat Pembuka Serat Kelapa
3080134071;Mesin Rami
3080134072;Mesin Pemotong Serat
3080134999;Alat Laboratorium Proses Teknologi Tekstil Lainnya
3080135001;Twist Tester
3080135002;Alat Uji Serat Sintetik
3080135003;Alat Uji Kekuatan Tarik Kain
3080135004;Rulling Machine Honeybear
3080135005;Incline Plane Tester
3080135006;Chemical Mixing Charton
3080135007;Rabbing Machine
3080135008;Alat Uji Grade Kain
3080135009;Kringle Facto Meter
3080135010;Alat Crimp Tester
3080135011;Evennes Tester
3080135012;Alat Uji Siram Air
3080135013;Alat Uji Sobek Kain
3080135014;Crease Recovery
3080135015;Bear Sorter
3080135016;Stelo Meter (Alat Laboratorium Uji Tekstil)
3080135017;Alat Uji Tarik Benang
3080135018;Alat Ukur Suhu Kain
3080135019;Rabbing Tester
3080135020;Gloss Meter
3080135021;Gaschromatograph
3080135022;Scanning Electron Microscope (Alat Laboratorium Uji Tekstil)
3080135023;Tensio Meter
3080135024;Ion Meter
3080135025;Weather Meter
3080135026;Rain Tester
3080135027;Tumble Dryer
3080135028;Conedrop Test (Alat Laboratorium Uji Tekstil)
3080135029;Autometic Shive Sheker
3080135030;Brusting Tester
3080135031;Hygro Thermograph
3080135032;Psychrometer (Alat Laboratorium Uji Tekstil)
3080135033;Martindale Wear And Arbartion Tester
3080135034;Alat Penomoran Benang
3080135035;Shirley Stifness Tester
3080135036;Stollflax /Gosok Tekuk
3080135037;Thermogravimetri
3080135038;Line Test
3080135039;Melting Point
3080135040;Alat Uji Beda Warna
3080135041;Sinco Thermocontroller
3080135042;Electric Roeder
3080135043;Alat Pintal Sabut Kelapa
3080135044;Presslay Fiber Strengh Tester
3080135045;Tergotometer
3080135046;Waskator
3080135047;Crock Meter (Alat Laboratorium Uji Tekstil)
3080135048;Knit Shrinkage Gauge
3080135049;Flammeability Tester
3080135050;Scorch Tester
3080135051;Pilling Tester
3080135052;Fafegraph M
3080135053;Sliver Reel
3080135054;Fibrograph (Alat Laboratorium Uji Tekstil)
3080135055;Micronair
3080135056;Rotary Static Tester
3080135057;Yern Abratrion Tester
3080135058;Hairiness Tester
3080135059;Instron Tensile Streng Tester
3080135060;Elemendorf Testing Tester
3080135061;Alat Uji Sudut Kain
3080135999;Alat Laboratorium Uji Tekstil Lainnya
3080136001;Double Sharp Mixer
3080136002;Momen Mixer
3080136003;Purometer Optik
3080136004;Air Sifler
3080136005;Alat Pemadam Kapur
3080136006;Plaster Extentiometer
3080136007;Pogmill Machine
3080136008;Extruder (Alat Laboratorium Proses Teknologi Keramik)
3080136009;Pengatur Tahanan Resistor
3080136010;Magnetic Ferofilter
3080136011;Alat Slip Kaolin
3080136012;Pyrometer Radiasi
3080136013;Electric Boiler
3080136014;Law Crusher
3080136015;Edge Runner Mill
3080136016;Hammer Mill (Alat Laboratorium Proses Teknologi Keramik)
3080136017;Rall Chrusher
3080136018;Grinding Mill
3080136019;Saringan Magnet
3080136020;Perpurated Ball Mill
3080136021;Cyclon Tupe Sparating Machine
3080136022;Sand Washing Machine
3080136023;Friction Press
3080136024;Hydrolic Press
3080136025;Press Angka Roda Gila
3080136026;Semi Automatic Cam Press
3080136027;Ban Berjalan
3080136028;Motorized Kick Well
3080136029;Mesin Bubut Isolator
3080136030;Mesin Bor Pembuat Ulir
3080136031;Pot Mill
3080136032;Table Wheel
3080136033;Manual Kick Wheel
3080136034;Tunnel Kiln (Solar)
3080136035;Tunnel Kiln (Gas Elpiji)
3080136036;Tunnel Kiln (Listrik)
3080136999;Alat Laboratorium Proses Teknologi Keramik Lainnya
3080137001;Mesin Drum Pemasak Kulit
3080137002;Mesin Setrika Kulit
3080137003;Mesin Glandstot
3080137004;Mesin Setol
3080137005;Mesin Perah
3080137006;Mesin Skrep
3080137007;Mesin Shaving
3080137008;Mesin Flashing
3080137009;Mesin Molding Vulkanisasi
3080137010;Mesin Molding Injection
3080137011;Mesin Shoes Flashing
3080137012;Mesin Ukur Kulit
3080137013;Mesin Pengaktif Lem
3080137014;Mesin Staking Wheel
3080137015;Mesin Seser
3080137016;Mesin Domai
3080137017;Mesin Alur Jahitan
3080137018;Hydrolic Oven Camant Lasting
3080137019;Mesin Split
3080137020;Mesin Vacum Trockner Dryne
3080137021;Mesin Potong Kulit
3080137022;Mesin Pemanas
3080137023;Tunning Drum Experiment
3080137024;Alat Press Sol Listrik
3080137025;Alat Pembelah Sol
3080137026;Alat Kembang Pita
3080137027;Alat Pelonggar Sepatu
3080137028;Alat Potong Sol
3080137029;Alat Pressol Tangan
3080137030;Mesin Finishing Combinasi
3080137031;Mesin Roughing
3080137032;Mesin Aflap Sol
3080137033;Mesin Press Sol
3080137034;Mesin Roll Press
3080137035;Mesin Aflap Sepatu
3080137036;Alat Press Angin
3080137037;Mesin Paku Sol Dalam
3080137038;Mesin Paku Open
3080137039;Mesin Lem Open Samping
3080137040;Mesin Trimming
3080137041;Mesin Potong Atasan Sepatu
3080137042;Mesin Open Sepatu
3080137043;Mesin Gergaji Pola Acuan
3080137044;Mesin Enjeksi Bakalan Acuan
3080137045;Leather Finishing Machine
3080137046;Hydrolic Ironing Embossing Press
3080137047;Vibration Stacking Machine
3080137048;Satyluk Trening Machine
3080137049;Alat Pengering Sistem Tonggle
3080137050;Mesin Two Roll Mill
3080137051;Mesin Compouding
3080137052;Alat Press Laminasi
3080137053;Mesin Takar Abration Tester
3080137054;Alat Potong Plastik
3080137055;Mesin Hide Progesser
3080137056;Mesin Tannox Drum
3080137057;Alat Mensolfinasi Minyak
3080137058;Mesin Potong Hardboard
3080137059;Mesin Kikir Hardboard
3080137060;Mesin Bending
3080137061;Mesin Granding Super Lince
3080137062;Mesin Grending Acuan
3080137063;Mesin Tanda / Cap
3080137064;Mesin Bording
3080137065;Mesin Mixer Coumpond
3080137999;Alat Laboratorium Proses Teknologi Kulit, Karet Lainnya
3080138001;Tensile Strength Tester
3080138002;Alat Uji Penyerapan Air / Udara
3080138003;Contilever Tensiometer
3080138004;Vacum Filtration Funil
3080138005;Alat Uji Pengaduk
3080138006;Refter KS Condensor
3080138007;Constant Load Deftiction
3080138008;Alat Uji Kebocoran Air Untuk Glove
3080138009;Stress Cracking Tester
3080138010;Westhover Type Frictiometer
3080138011;Presure Stillser
3080138012;Melt Indexer (Alat Laboratorium Uji Kulit, Karet Dan Plastik)
3080138013;Cross Beather Mill
3080138014;Compression Set Apparatus
3080138015;Tensile Head Distortion (Alat Laboratorium Uji Kulit, Karet Dan P
3080138016;Alat Uji Keretakan Kulit
3080138017;Alat Pelubang Mata Ayam
3080138018;Super Type Thickness Tester
3080138019;Electric Mointure Tester
3080138020;Alat Uji Falling Weight
3080138021;Mixer Drum Experiment Machine
3080138022;Ross Plexing Machine
3080138023;Punthing Machine
3080138024;Smaal Mixing Test Roll
3080138025;Alat Uji Pampart
3080138026;Alat Uji Pantul Bola
3080138027;Lestometer
3080138028;Mercury Mix KIM
3080138029;Deal Tickness Gauge
3080138030;Pompa Airasil
3080138031;Weather Station
3080138032;Top Loading Balance (Alat Laboratorium Uji Kulit, Karet Dan Plast
3080138033;Disolved Open Meter
3080138034;Shoubury Curometer
3080138035;Alat Uji Kebocoran Udara Untuk Glove
3080138999;Alat Laboratorium Uji Kulit, Karet Dan Plastik Lainnya
3080139001;Dilatometer
3080139002;Alat Uji Kejut Suhu
3080139003;Alat Uji Keplostisam
3080139004;Plastisimeter
3080139005;Alat Uji Deviasi Optik
3080139006;Alat Uji Viscositas Gelas
3080139007;Increment Presure Tester
3080139008;Alat Uji Tegangan Dalam Gelas
3080139009;Alat Pemeriksaan Ukuran Kaca
3080139010;Alat Uji Ketepatan Bentuk
3080139011;Alat Uji Keausan Pasir Jatuh
3080139012;Alat Uji Tembus Listrik
3080139013;Alat Pengukur Eflorisen
3080139014;Alat Uji Refleksi Kaca
3080139015;X Ray Apparatus Defraction
3080139016;Alat Uji Kekuatan Glasir (Glaze Strength Tester)
3080139017;Alat Uji Analisa Oksida Logam-Logam (Spektofotometer)
3080139018;Alat Uji Analisa Butiran Bahan (Laboratory Testing Screen)
3080139019;Alat Uji Kekentalan Bahan
3080139999;Alat Laboratorium Uji Keramik Lainnya
3080140001;Hend Help Uv Lamp
3080140002;Alat Pemutih Pulp Dengan Oxygen
3080140003;Mesin Karton
3080140004;Mesin PCB
3080140005;Mesin Waste Water Purification
3080140006;Mesin Auxyliary Service
3080140007;Mesin Rayon
3080140008;Mesin Chorine Alkali Electrolysis
3080140009;Mesin Repair And Maintenance Shop
3080140010;Mesin Power Station White Emergency Diesel Generating
3080140011;Mesin Water Softering Plant
3080140012;Mesin Pulp
3080140013;Deflaker
3080140014;Mesin Cetak Karton
3080140015;Calender
3080140016;Poros Transmisi
3080140017;Beater Unit (Mesin Penggiling)
3080140018;Alat Deteksi Ketebalan Kertas
3080140999;Alat Laboratorium Proses Teknologi Selulosa Lainnya
3080141001;AAS Multi Lamp
3080141002;AI Apparatus
3080141003;Air Compressor (Alat Laboratorium Pertanian)
3080141004;Alat Degreening Jeruk Kap 100 Kg
3080141005;Alat Pemadam Kebakaran
3080141006;Alat Penanggulangan Penyakit Pasca Panen Dg Air Panas
3080141007;Alat Pengering Sederhana Dng Kompor
3080141008;Alat Pengering (Force Draught)
3080141009;Alat Precooling Buah Dng Es Secara Sirmulasi
3080141010;Alat Simulasi Transportasi
3080141011;Amino Acid Analyzer (AAA)
3080141012;Amylograph
3080141013;Anaerobic Jar (Alat Laboratorium Pertanian)
3080141014;Anaerobic Jar Oxide
3080141015;Analitycal Balance
3080141016;Anemometer (Alat Laboratorium Pertanian)
3080141017;Atomic Absorption Spectrophotometer (AAS) (Alat Lab. Pertanian)
3080141018;Auto Anylyzer
3080141019;Auto Still
3080141020;Autoclave (Alat Laboratorium Pertanian)
3080141021;AW Meter
3080141022;Balance (Alat Laboratorium Pertanian)
3080141023;Battery Charger (Alat Laboratorium Pertanian)
3080141024;Biofreezer
3080141025;Block Digester
3080141026;Bod Monitor
3080141027;Bomb Calorimeter
3080141028;Buckard Apparatus
3080141029;Cabinet Drier
3080141030;Can Closing Mesin
3080141031;Canning Unit
3080141032;Carburator
3080141033;Centrifuge (Alat Laboratorium Pertanian)
3080141034;Cervix Dilatator
3080141035;Climatic Chamber
3080141036;Cod Monitor
3080141037;Cold Chamber/Cabinet
3080141038;Cold Handling Cabinet
3080141039;Cold Storage (Alat Laboratorium Pertanian)
3080141040;Colony Counter (Alat Laboratorium Pertanian)
3080141041;Coloumn Chromatography
3080141042;Conductivity Meter (Alat Laboratorium Pertanian)
3080141043;Container N2 Cair (Alat Laboratorium Pertanian)
3080141044;Cooker Bak Terbuka
3080141045;Cooker Stainlessteel
3080141046;Cosmotektor
3080141047;Coulter Counter (Alat Laboratorium Pertanian)
3080141048;Cross Blaser
3080141049;Crusher/Mixer
3080141050;Cryogenic Container
3080141051;Culture Dish
3080141052;Current Meter (Alat Laboratorium Pertanian)
3080141053;Data Assignation (Polycorder)
3080141054;Data Logger (Alat Laboratorium Pertanian)
3080141055;Data Recorder
3080141056;Dead Weight Press.Gauge Tester
3080141057;Deep Freezer (Alat Laboratorium Pertanian)
3080141058;Dehumidifier (Alat Laboratorium Pertanian)
3080141059;Demineralizer (Alat Laboratorium Pertanian)
3080141060;Digital Multimeter (Alat Laboratorium Pertanian)
3080141061;Digital Preassure Gauge
3080141062;Dispenser & Diluter
3080141063;Distiling Apparatus
3080141064;Distiling Unit For TMA
3080141065;Distiling Unit For VRS
3080141066;Dna Sequezing
3080141067;DO Meter (Alat Laboratorium Pertanian)
3080141068;Dredge
3080141069;Dringking Monitor
3080141070;Drying Test
3080141071;Dynamometer Car
3080141072;Echo Sounder (Alat Laboratorium Pertanian)
3080141073;Electric Meat San
3080141074;Electrophoresis (Alat Laboratorium Pertanian)
3080141075;Elisa Reader
3080141076;Elisa Reader(Computerized,Semi Manual)
3080141077;Embrio Filter
3080141078;Embrio Manipulator
3080141079;Ergonomic Tester
3080141080;Exhouse Gas Analyzer
3080141081;Extruder (Alat Laboratorium Pertanian)
3080141082;Feed Mixer
3080141083;Fermentor (Alat Laboratorium Pertanian)
3080141084;Fibertec System
3080141085;Fibrograph (Alat Laboratorium Pertanian)
3080141086;Filter Holder (Stainless Steel 1000 Ml)
3080141087;Filtration Unit
3080141088;Fish Moisture Tester
3080141089;Flamephotometer
3080141090;Flow Meter (Alat Laboratorium Pertanian)
3080141091;Fluorence Dektor
3080141092;Fractional Distilation
3080141093;Freezer (Alat Laboratorium Pertanian)
3080141094;Frequency Generator
3080141095;Fuel Flow Meter
3080141096;Fumehood
3080141097;Gamma Counter
3080141098;Gas Chamber
3080141099;Gas Chromatography (Alat Laboratorium Pertanian)
3080141100;Gas Cylinder(-N2,Co2,Udara)
3080141101;Generator
3080141102;Germinator
3080141103;Glass Dryer
3080141104;Grader
3080141105;Grain Counter
3080141106;Grain Crack Inspector
3080141107;Grain Devider
3080141108;Grain Moisture Tester
3080141109;Grain Sorter
3080141110;Green Meter
3080141111;Grinder
3080141112;Growth Chamber
3080141113;Haematocrit Reader
3080141114;Haemoglobin Meter
3080141115;Hammer Mill (Alat Laboratorium Pertanian)
3080141116;Hand Counter
3080141117;Hand Penetrometer
3080141118;Hardness Tester
3080141119;Hating Mantle
3080141120;Heating Air Incubator
3080141121;Hematocrit Reader
3080141122;High Perfomance Liquid Chromatography (HPLC)
3080141123;Higro Thermograph
3080141124;Homogenizer (Alat Laboratorium Pertanian)
3080141125;Hot Plate (Alat Laboratorium Pertanian)
3080141126;Hot Plate Stirer
3080141127;Humidified Chamber
3080141128;Ice Maker (Alat Laboratorium Pertanian)
3080141129;Incinerator (Alat Laboratorium Pertanian)
3080141130;Incubator (Alat Laboratorium Pertanian)
3080141131;Inductively Coupled Plasma (ICP)
3080141132;Infra Red Gas Analyzer
3080141133;Insemination Device
3080141134;Instron Food Tester
3080141135;Instron Machine
3080141136;Integrating Quantum Radiometer
3080141137;Ion Analyzer
3080141138;IRGA
3080141139;Janet Ketel
3080141140;Kjeltec
3080141141;Kompor Distilasi
3080141142;Kompor Gas (Alat Laboratorium Pertanian)
3080141143;Laminar Flow
3080141144;Laparascopi
3080141145;Leaf Area Meter (LAM)
3080141146;Liminar Flow Cabinet
3080141147;Liquid N2 Container
3080141148;Low Temperature Incubator
3080141149;Macro Balance
3080141150;Magnetic Stirer (Alat Laboratorium Pertanian)
3080141151;Meat Grinder
3080141152;Mesin Pencuci Sayuran
3080141153;Mesin Pengepres Buah
3080141154;Mesin Pengolahan Susu
3080141155;Metabolisme Cages+Spirometer
3080141156;Metal Crack/Roughness Detector
3080141157;Metal Hadness Tester
3080141158;Microfuge
3080141159;Micrometer
3080141160;Micronaire (Alat Laboratorium Pertanian)
3080141162;Microscope Discecting
3080141163;Microscope Electron
3080141164;Microscope Flourescence
3080141165;Microscope Inverted
3080141166;Microscope Light
3080141167;Microscope Phase Contras
3080141168;Microscope Photomicrograph
3080141169;Microtone Cryostat
3080141170;Microwave Oven
3080141171;Milling Test
3080141172;Mixer (Alat Laboratorium Pertanian)
3080141173;Model Pilot Plant
3080141174;Moisture Tester (Alat Laboratorium Pertanian)
3080141175;Muffle Furnace
3080141176;Multi Channel Thermometer
3080141177;Multichannel Pippete Dispenser
3080141178;Near Infrared Reflectance
3080141179;Nematoda Separator
3080141180;Neuber Chamber (Cell Counter)
3080141181;Neubeur Chamber
3080141182;Oilbath
3080141183;Operating Table+Overhead Light
3080141184;Orifice
3080141185;Oscilloscope
3080141186;Oven (Alat Laboratorium Pertanian)
3080141187;Oxigenmeter
3080141188;Pasteurisasi Unit
3080141189;Pelleting Machine
3080141190;Penetrometer (Alat Laboratorium Pertanian)
3080141191;Penggilingan Buah
3080141192;Penggilingan Tepung
3080141194;Personal Computer
3080141195;PH Meter Digital
3080141196;PH Meter Portable
3080141197;Physicrometer
3080141198;Physicrometer Potensial
3080141199;Phytotron
3080141200;Pilot Tube
3080141201;Pippet Machine
3080141202;Planimeter (Alat Laboratorium Pertanian)
3080141203;Plankton Net (Alat Laboratorium Pertanian)
3080141204;Platform Ballance
3080141205;Polarimeter (Alat Laboratorium Pertanian)
3080141206;Polihon
3080141207;Portable Pen Recorder
3080141208;Portable Spectroradiometic Research System
3080141209;Power Conditioner (Alat Laboratorium Pertanian)
3080141210;Precooling Apparatus Froced Air
3080141211;Pressure Bomb
3080141212;Pressure Gauge (Alat Laboratorium Pertanian)
3080141213;Prony Brake For Axle
3080141214;Prony Brake For PTO
3080141215;Pull Tipe Dinamometer
3080141216;Pulper
3080141217;Pump Testing Apparatus
3080141218;Pyrometer (Alat Laboratorium Pertanian)
3080141219;Radiotrackin Micro Applycator
3080141220;Respirator (Alat Laboratorium Pertanian)
3080141221;Respirometer
3080141222;Roll Meter
3080141223;Rotary Evaporator (Alat Laboratorium Pertanian)
3080141224;Ruang Aklimatisasi
3080141225;Rubber Hardness Tester
3080141226;Rubber Moisture Tester
3080141227;Scale (Alat Laboratorium Pertanian)
3080141228;Scanning Electron Microscope (SEM)/(TEM)
3080141229;Seechi Disk
3080141230;Seed Divider
3080141231;Semen Dan Embrio Collection Device
3080141232;Shaker (Alat Laboratorium Pertanian)
3080141233;Sharp Knife
3080141234;Siever
3080141235;Siro Kent Lamp
3080141236;Sistem Boiler
3080141237;Soil Bin
3080141238;Soil Hardness Tester
3080141239;Soil Hydrometer
3080141240;Soil Moisture Tester
3080141241;Solarimeter (Alat Laboratorium Pertanian)
3080141242;Sosis Maker
3080141243;Sound Level Meter (Alat Laboratorium Pertanian)
3080141244;Soxtec
3080141245;Soxtec System
3080141246;Spark Tes For Steel
3080141247;Spora Trap
3080141248;Sprayer
3080141249;Spring Ballance
3080141250;Spyral Probe
3080141251;Stabilizer/UPS
3080141252;Steam Boiler
3080141253;Steam Generator
3080141254;Steel Ruller
3080141255;Stelo Meter (Alat Laboratorium Pertanian)
3080141256;Stereo Microscope (Alat Laboratorium Pertanian)
3080141257;Sterilisator Kecil
3080141258;Stick Thermometer
3080141259;Stomacher
3080141260;Strain Amplifier
3080141261;Strain Gauge
3080141262;Superporometer
3080141263;Tachometer (Alat Laboratorium Pertanian)
3080141264;Tape Meter
3080141265;Tendero Meter
3080141266;Tensiometer (Alat Laboratorium Pertanian)
3080141267;Test Road
3080141268;Theodolite (Alat Laboratorium Pertanian)
3080141269;Thermocycle
3080141270;Thermohidrometer
3080141271;Thermometer Digital (Alat Laboratorium Pertanian)
3080141272;Thermometer Glass (Gelas)
3080141273;Thermostatic Box
3080141274;Thermostatic Cabinet
3080141275;Timer Lab.
3080141276;Tintometer
3080141277;Tissue Block
3080141278;Tissue Grinder (Alat Laboratorium Pertanian)
3080141279;Tissue Processor
3080141280;Tissue Tek
3080141281;Tlc Scanner
3080141282;Toploading Balance
3080141283;Torque Sensor
3080141284;Transducer Strain Indicator
3080141285;Transiluminator
3080141286;TS. Detektor
3080141287;Turbidimeter (Alat Laboratorium Pertanian)
3080141288;UIV-VIS Spectrophotometer
3080141289;Ultra Centrifuge (Alat Laboratorium Pertanian)
3080141290;Ultrasonic Cell Disrupter
3080141291;Ultra-X Moisture Meter
3080141292;Unit Ekstraksi
3080141293;Unit Filtrasi
3080141294;Unit Pengalengan
3080141295;Unit Pengering
3080141296;Unit Penggilingan
3080141297;Unit Sterilisasi
3080141298;Universal Counter (Alat Laboratorium Pertanian)
3080141299;Uv-Vis Spectrophotometer
3080141300;Vaccum Tester
3080141301;Vacum Evaporator
3080141302;Variable Resistor
3080141303;Variable Speed
3080141304;Vernier Calliper (Alat Laboratorium Pertanian)
3080141305;Vibrometer (Alat Laboratorium Pertanian)
3080141306;Viscometer (Alat Laboratorium Pertanian)
3080141307;Volumetric Glass
3080141308;Vortex Mixer(Alat Laboratorium Pertanian)
3080141309;Warburgh Apparatus
3080141310;Water Analysis Test Kitt
3080141311;Water Chiller Bath
3080141312;Water Deinozer
3080141313;Water Distilation Apparatus (Alat Laboratorium Pertanian)
3080141314;Water Distilation Unit
3080141315;Water Distillation/Purifier (Alat Laboratorium Pertanian)
3080141316;Water Inspector
3080141317;Water Pressure Pump Test
3080141318;Water Sampler (Alat Laboratorium Pertanian)
3080141319;Waterbath (Shake,Still)
3080141320;Watt Meter
3080141321;Whiteness Meter
3080141322;Whiteness Tester
3080141323;Willey Mill
3080141324;Winnowing Test
3080141325;Juicer
3080141326;Acid Bench
3080141327;Angle Rotor
3080141328;Aspirator
3080141329;Bio Mixer
3080141330;Boster
3080141331;Center Well
3080141332;Clean Bench
3080141333;Clean Both
3080141334;Deionized Water Purified
3080141335;Digestor Heating
3080141336;Dispenting Pressure Vessel
3080141337;Distulasi Pretreatment
3080141338;Electron Capture Detector
3080141339;Filling Sealing
3080141340;Inseminasi Gun
3080141341;Maxidigest
3080141342;New Tawing Kit
3080141343;Penyedot Asap Nitrogen
3080141344;Polymerase Chain Reactor (Alat Laboratorium Pertanian)
3080141345;Printing Machine
3080141346;Rostranning Stal
3080141347;Roller Tissue Culture Apparatus
3080141348;Stainless Steel Unline Filter
3080141349;The Nara Pulvirizing System
3080141350;Ultrapure Water Prod
3080141351;Ultrapure Water Making
3080141352;Ultra Turax
3080141353;Ultrasonic Probe Guide
3080141354;Ultrasonic Scanner
3080141355;Ultrasonic Washer
3080141356;Multi Drop
3080141357;Moisture Content Apparatus
3080141358;Alat CS2
3080141359;ultrasonic Generator
3080141360;Sieving Shaker
3080141361;Vaccum Filter Soloent
3080141363;Gas Controller
3080141364;Grafic Printer PR-1
3080141365;PH Eter
3080141366;Meter Toledo
3080141367;Filter Compressor
3080141368;Removal
3080141369;TLC Spreading Template
3080141370;Diagram Pump Single
3080141371;Multi Purpose Template
3080141372;Stage With 4 Independent
3080141373;Solid Carbon Biooxyde Dry Ice Producing
3080141374;Lab Jack Laboratory Supoet
3080141375;Multi Purpose Stand, Light 100 Cm
3080141376;Dymo Laber Maker Kit
3080141377;Dry Ice Countiner
3080141378;Vin Intercol Timer With Alarm
3080141379;Heating Coil
3080141380;Timbangan O Dial
3080141381;Specify Gravity Balance System
3080141382;Direct reading Balance
3080141383;Electronic Reading Balance (Alat Laboratorium Pertanian)
3080141384;Electronic Moisture Balance
3080141385;Electronic Analytical Balance (Alat Laboratorium Pertanian)
3080141386;Multi Function Balance
3080141387;Spring Electronic Analis Balance
3080141388;Laboratory Sleving Machine
3080141389;Recorder Model Single Pen
3080141390;Grinder Machine
3080141391;Cutter Blender With 1000 Ml Gas jar
3080141392;Sera Moisture
3080141393;Blander SS
3080141394;Alat Pengukur Curah Hujan
3080141395;Alat Pengukur Cahaya
3080141396;Alat Pengukur Intensitas Cahaya
3080141397;Alat Pengukur Temperatur (Alat Laboratorium Pertanian)
3080141398;Alat Pengukur P.H. Tanah (Soil Tester)
3080141399;Alat Pengambil Sample Tanah
3080141400;Rice (Alat Laboratorium Pertanian)
3080141401;Grindding Mill
3080141402;Volume Test
3080141403;Weight
3080141404;Straw Facture
3080141405;Falling Number
3080141406;Electrode Ph Meter
3080141407;Alat Penurun Kadar Air Madu
3080141408;Alat Pengolahan Pupuk Organik
3080141409;Peralatan Ubinan
3080141410;Rak Pengering
3080141411;Pengukur Kekerasan Biji
3080141412;Alat Pengepres Pengolahan Hasil Laut
3080141413;Mesin Pengering Rumput Laut
3080141414;Vertical Continue Sealing Machine
3080141999;Alat Laboratorium Pertanian Lainnya (Alat Laboratorium Pertanian)
3080142001;Alat Ukur
3080142002;Perkakas
3080142003;Antenna Combine
3080142999;Alat Laboratorium Elektronika Dan Daya Lainnya
3080143001;Fotovol (Sel Surya)
3080143002;Alat Pemanas Surya
3080143999;Alat Laboratorium Energi Surya Lainnya
3080144001;Alat Pembakaran
3080144002;Alat Pencairan
3080144003;Alat Glasifikasi
3080144999;Alat Laboratorium Konversi Batubara Dan Biomas Lainnya
3080145001;Turbidity Meter
3080145002;Radio Activity Demonstrator
3080145003;Flow Analysis Sistem
3080145004;Saliniti Temperatir Depth Analyzer (STDA)
3080145005;Protector
3080145006;Soil Tester
3080145007;Echo Sounder (Alat Laboratorium Oceanografi)
3080145008;Bathytermograph
3080145009;Towing Depth Distance Recorder
3080145010;Temperature Salinity Deph Recorder
3080145011;Meter Whell
3080145012;Current Meter (Alat Laboratorium Oceanografi)
3080145013;Theodolit
3080145014;Automatic Level
3080145015;Alidade Plane Table
3080145016;Panthograph
3080145017;Tidal Gauge
3080145018;Balance Analitical Electric
3080145019;Thermometer Unprotected
3080145020;Thermometer Protected
3080145021;Wave Height Recoeder
3080145022;Angel Meter
3080145023;Kompas (Alat Laboratorium Oceanografi)
3080145024;Stereoscope
3080145025;Tabung Nansen
3080145026;Phleger Correr
3080145027;Hand Auger Kit
3080145028;Point Integrated Suspended Sampler
3080145029;Tabung Nisken
3080145030;Stainless Steel Wire
3080145031;Hot Plate Stirrer (Alat Laboratorium Oceanografi)
3080145032;Sieve Shaker (Alat Laboratorium Oceanografi)
3080145033;Cutting Machine
3080145034;Distilling Aquametri Apparatus
3080145035;De Lux 2 Speed Horizontal Lapidary
3080145036;Combination Lapidary
3080145037;Diamond Saw
3080145038;Direct Shear Test Set
3080145999;Alat Laboratorium Oceanografi Lainnya
3080146001;Flourometer
3080146002;Water Quality Checker
3080146003;Disolved Oksigen Analyzer
3080146004;Atomic Absorption Spectrophotometer (AAS) (Alat Lab. L. Perairan)
3080146005;Liquid Scantilation Counter
3080146006;Conductivity Salinity Analyzer
3080146007;Under Water Irradiameter
3080146008;Liqor Light Meter
3080146009;Radio Meter (Alat Laboratorium Lingkungan Perairan)
3080146010;Gas Chromatograph Mass Spectrometer System (GCMSS)
3080146011;Gas Chromatograph (GC)
3080146012;Deph Flow Temperature Continous Recorder (DFTCR)
3080146013;Lux Meter (Alat Laboratorium Lingkungan Perairan)
3080146014;Spiegel Relascope
3080146015;Zoo Bell Sampler Bacteriological
3080146016;Tabung Van Dorn
3080146017;Light Weight Hand Winch With Boom
3080146018;Productivity Kit
3080146019;Bak Aquarium
3080146020;Bak Porselin
3080146021;Bak Kultivasi
3080146022;Cage Net
3080146023;Six Place Hydromanifolds
3080146024;Laminar Air Flow Cabinet
3080146025;Rod Blower
3080146026;Tissue Grinder (Alat Laboratorium Lingkungan Perairan)
3080146027;Liquid Dispenser
3080146028;Rotation Evaporating
3080146999;Alat Laboratorium Lingkungan Perairan Lainnya
3080147001;Triple Beam Balance
3080147002;Under Water Camera
3080147003;Grab Bottom Sampler
3080147004;Alat Selam (Alat Laboratorium Biologi Perairan)
3080147005;Disecting Apparatus (Alat Laboratorium Biologi Perairan)
3080147999;Alat Laboratorium Biologi Perairan Lainnya
3080148001;N2 Distalation Unit
3080148002;Ultra Data System
3080148003;Tromol Herbarium
3080148004;Aquarium (Alat Laboratorium Biologi)
3080148005;Alat Perangkap Binatang
3080148006;Alat Perekat Alumunium Foil
3080148007;Counting Cel
3080148008;Emulsifier
3080148009;Licht Back
3080148010;Area Meter
3080148011;Automatic Absor Spection
3080148012;Desaltor
3080148013;Automatic Area Meter
3080148999;Alat Laboratorium Biologi Lainnya
3080149001;Land Gravity Meter
3080149002;Self Potensial
3080149003;Electric Current Meter
3080149004;Physical Property
3080149005;Automatic Point Counter
3080149006;Abem Sounding Cable
3080149007;Densitylog Module
3080149008;Portable Digital Fluxgate Magnetometer
3080149009;Digital Thermometer
3080149010;Tester Kit
3080149011;Vane Tester
3080149012;Circuit Tester (Alat Laboratorium Geofisika)
3080149013;Moisture Content Tester
3080149014;Magnetometer
3080149015;Geolistrik
3080149016;Meicrobarometer
3080149017;Seismograph (Alat Laboratorium Geofisika)
3080149018;Proton Magnetometer Geometric
3080149019;Abem Terrain Meter
3080149020;Portable Baoreholelogger
3080149999;Alat Laboratorium Geofisika Lainnya
3080150001;Flotasion Machine
3080150002;Lab. Selective Mineral
3080150003;Lab. Jar Mill
3080150004;Magn. Tube Test
3080150005;Sparator High
3080150006;Pulvarezer
3080150007;Slurry Mixer
3080150008;Speciment Mount Press
3080150009;Graverkit
3080150010;Sample Holder
3080150011;Iron M. Wheel
3080150012;Coper Wheel
3080150013;Strain Gouge Indicator
3080150014;Gas Scruber
3080150015;Shear Strenght
3080150016;Milling Unit
3080150999;Alat Laboratorium Tambang Lainnya
3080151001;Bucket Elevator
3080151002;S I L O
3080151003;Extruder Cooker
3080151004;Bin Outlet Feeding
3080151005;Spray Dryer
3080151006;Rotary Dryer
3080151007;Rotary Coler
3080151008;Vibrating Screen (Alat Laboratorium Proses/teknik Kimia)
3080151009;Tungku
3080151010;Cyclon
3080151011;Disk Mill
3080151012;Flavour Apikator
3080151013;Bagging Conveyor
3080151014;Macerator
3080151015;Bag Closer
3080151016;Sterilizer (Alat Laboratorium Proses/teknik Kimia)
3080151017;Packaging Machine
3080151018;Cracking Machine
3080151019;Dehuling Machine
3080151020;Homogenizer (Alat Laboratorium Proses/teknik Kimia)
3080151021;Crystallizer
3080151022;Gentong Plastik
3080151023;Drum Stainless Steel
3080151024;Wash Bak
3080151025;Fermentor (Alat Laboratorium Proses/teknik Kimia)
3080151026;Humadity Chamber (Alat Laboratorium Proses/teknik Kimia)
3080151027;Pressure Vessel (Alat Laboratorium Proses/teknik Kimia)
3080151028;Retort (Alat Laboratorium Proses/teknik Kimia)
3080151029;Tangki Pemanas
3080151030;Economical Wiley Cutting Mill
3080151031;BIN Modul
3080151999;Alat Laboratorium Proses/Teknik Kimia Lainnya
3080152001;Actuator
3080152002;Controller Tekanan
3080152003;Controller Level
3080152004;Controller Temperature
3080152005;Controller Flow
3080152006;Controller PH
3080152007;Converter / Transducer
3080152008;Indicator
3080152009;Transmitter
3080152010;Linier Actuator
3080152999;Alat Laboratorium Proses Industri Lainnya
3080153001;Mobile Lab. Met System Data Logger
3080153002;Mobile Lab. Met System Software Start
3080153003;Mobile Lab. Met System Software Ramgen
3080153004;Mobile Lab. Met System Instrumen Stand
3080153005;Mobile Lab. Met System Lockable Housing
3080153006;Mobile Lab. Met System Sands Shelter & Test Book
3080153007;Mobile Lab. Met System Solar Power Panel
3080153008;Mobile Lab. Met System Barometrik Pressure Sens
3080153009;Mobile Lab. Met System Solar Radiation Sensor
3080153010;Mobile Lab. Met System Air Temp. Sensor
3080153011;Mobile Lab. Met System Wind Direction Sensor
3080153012;Mobile Lab. Met System Wind Speed Sensor
3080153013;Mobile Lab. Met System UV Radiation Sensor
3080153014;Mobile Lab. Met System Consumables
3080153015;Mobile Lab. High Volume Air Sampler
3080153016;Mobile Lab. High Volume Air Sampler Filter
3080153017;Mobile Lab. High Volume Air Sampler Calibrator
3080153018;Mobile Lab. High Volume Air Sampler Consumabler
3080153019;Mobile Lab. Source Sampling System
3080153020;Mobile Lab. S. S. S. Accerosies
3080153021;Mobile Lab. S. S. S. Method 5 Glassawer
3080153022;Mobile Lab. S. S. S. Transport Case
3080153023;Mobile Lab. S. S. S. Manuals
3080153024;Mobile Lab. Dust Respirator (Sepatu Safety)
3080153025;Mobile Lab. Safety Hard Hats (Topi Safety)
3080153026;Mobile Lab. Safety Footwear
3080153027;Mobile Lab. Safety Goggles, Gloves
3080153028;Mobile Lab. Temperature Meter Field
3080153029;Mobile Lab. Conduct/Salinity/Temp. Meter Field
3080153030;Mobile Lab. Conduct/Salinity/Temp. Meter Consumable
3080153031;Mobile Lab. Ph Meter Field
3080153032;Mobile Lab. Tubidity Meter Field
3080153033;Mobile Lab. Dissolved Oxygen Meter Field
3080153034;Mobile Lab. Dissolved Oxygen And Temp. Electrode
3080153035;Mobile Lab. Dissolved Oxygen Meter Consumable
3080153036;Mobile Lab. Bod Bottle Whith Stop 300 ml
3080153037;Mobile Lab. Portable Refrigerator
3080153038;Mobile Lab. Grab Sampler
3080153039;Mobile Lab. Spare Bottles For Grab Samplers
3080153040;Mobile Lab. Well Bailer
3080153041;Mobile Lab. Suspension Cord. Well Bailer Teflon
3080153042;Mobile Lab. Schott Bottels 1 Litre
3080153043;Mobile Lab. Polytethylene Sample Bottles
3080153044;Mobile Lab. Power Generator
3080153045;Mobile Lab. Instrument Transport Cases
3080153046;Mobile Lab. Horizontal Sampler
3080153047;Mobile Lab. Vertical Sampler
3080153048;Mobile Lab. Boiler Water
3080153049;Mobile Lab. Laboratory Vehicle
3080153050;Laboratory Benching Regionals
3080153051;Laboratory Instrument Cabinet
3080153052;Laboratory Air Conditioner 1 HP
3080153053;Laboratory Air Conditioner 1,50 HP
3080153054;Laboratory Water Pressurising Systems
3080153055;Laboratory Emergency Shower/Eyewash
3080153056;Laboratory Fridge/Freezer
3080153057;Laboratory Flammable Storage Cabinets
3080153058;Laboratory Acid Storage Cupboard
3080153059;Laboratory Incubator
3080153060;Laboratory Bench Stand
3080153061;Laboratory Blender Warning
3080153062;Laboratory Hardware-General Items Standards Pack
3080153063;Laboratory Safety Manual
3080153064;Laboratory Chemical Pack Standards
3080153065;Alcohol Breath Tester
3080153066;Resfirator Fit Tester
3080153999;Lainnya (Alat Laboratorium Kesehatan Kerja)
3080154001;Mangkok Porselin
3080154002;Gogglas
3080154003;Respirator (Laboratorium Kearsipan)
3080154005;Lumpang Keramik
3080154006;Elektrode
3080154007;Filter Photo Meter
3080154008;Vacum Destilator
3080154009;Kaki Tiga
3080154010;Rustrak Recorders
3080154011;Petri Dishes
3080154014;Bulb
3080154015;Statip
3080154016;Tempat Prepara
3080154017;Time Control
3080154018;Eye Wash
3080154025;Thermograph (Laboratorium Kearsipan)
3080154026;Tang
3080154027;Timer (Laboratorium Kearsipan)
3080154028;Visco Meter Tubes
3080154029;Elemen
3080154030;Kawat Kasa
3080154031;Klem (Laboratorium Kearsipan)
3080154999;Laboratorium Kearsipan Lainnya
3080155001;Centrifuge Heamatocrite
3080155002;Haemocitometer
3080155003;Prothombin Meter
3080155004;Heamtology Analyzer
3080155005;Chemistry Analyzer
3080155006;Coagulation Timer (Laboratorium Hematologi & Urinalisis)
3080155007;Laboratory Refrigerator
3080155008;Rotator Shaker (Laboratorium Hematologi & Urinalisis)
3080155009;Hb. Meter
3080155010;Washing Instrument (Laboratorium Hematologi & Urinalisis)
3080155011;Dry Sterilizer
3080155012;Cystology Centrifuge
3080155013;Steam Sterilizer (Laboratorium Hematologi & Urinalisis)
3080155014;Ultrasonic Cleaner (Laboratorium Hematologi & Urinalisis)
3080155015;Micro Plate Reader
3080155016;Outomatic Microplate Laser
3080155017;Osmometer (Laboratorium Hematologi & Urinalisis)
3080155999;Laboratorium Hematologi & Urinalisis Lainnya
3080156001;Electrostatic Tester
3080156002;Seiz Filter Lengkap Dengan Vacum Pump Dan Blender
3080156003;L And W Billerud
3080156004;Multi Glass Meter
3080156005;Instron Bend Flucture
3080156006;Electro Analysis Apparatus
3080156007;Mesin Penghilang Tinta
3080156008;Alat Pengolah Lumpur Aktif
3080156009;Pola Pemotong Karton Dari Stainless Steel
3080156010;Alat Pengukur Massa Jenis
3080156011;Alat Uji Kuat Lentur
3080156012;Alat Tangki Pengapungan
3080156013;Alat Pengukur Kadar Air Dengan Electrode
3080156014;Alat Pengolah Lumpur Hasil Pengolahan Limbah (Dewa Tearing)
3080156015;Alat Uji Koefisien Gesek Kertas
3080156016;Instron Bending Tester Attachment
3080156017;Alat Pengolah Air Limbah
3080156018;Handy Pump
3080156019;Bendseen Smoothness And Porosity Tester
3080156020;Funce And Die Cutter
3080156021;Beach Funcure Tester
3080156022;William Standard Sheet (TMI)
3080156023;Directional Pendulum
3080156024;Extractrion Heater
3080156025;Colony Counter & Automatic Tally
3080156026;IGT Tester
3080156027;Digital Pocket Oxygen Meter
3080156028;Desintegrator
3080156029;Stable Fibre Classifier
3080156030;Smoothness Tester
3080156031;Presision Yarn Reel
3080156032;Perata Ink Pernis
3080156033;Denso Meter
3080156034;Expantion Contra Tester
3080156035;Paper Scale
3080156036;Tensile Strength Tester For Rayon
3080156037;Thecness Strengts
3080156038;Bursting Tester Molen
3080156039;Alat Press Kertas
3080156040;PFI Mill
3080156041;Fibre Clasifier
3080156042;Refiner (Mesin Giling Pulp)
3080156043;PAT Attachment Bc Phase Drainage Jar With Thermos Control
3080156044;Mecanical Compresion Gauge
3080156045;Peeler Gauge
3080156046;Methylation Celulosa
3080156047;Aparatus Dan Stirer
3080156048;Alat Box Compresion Test
3080156049;Alat Pembuat Lembaran Kertas
3080156050;Ultra Filter Cell
3080156051;Alat Uji Pembentuk Contoh Uji Pulff Pulp
3080156052;Dreging And Sampling Equipment Complit
3080156053;Fermentor (Alat Laboratorium Lainnya)
3080156054;Noise Tester / DB Tester
3080156055;AAS Attachment For HG Determination And 16 Lamp
3080156056;Parker Print Siuf Tester (PPS Tester)
3080156057;Reed Nui Meter Mk II Formtion
3080156058;Geer Type Drying Coaster
3080156059;Chip Clasifier
3080156060;Prototip Pengolahan Air Limbah
3080156061;Alat Fraksinasi Serat
3080156062;Coefisient Of Erection Tester
3080156063;Disseting Set
3080156064;Dynamic Hand Sheet
3080156065;Multiflax
3080156066;Prooper Coater Alt
3080156067;Flowing Film
3080156068;Elecyric Stabilizer
3080156069;Bioflo Fermentor
3080156070;Set Up
3080156071;Alat Uji Komperator
3080156072;Gas Detector
3080156073;Fibre Clasfier
3080156074;Alat Uji Permanensi Kertas
3080156075;Portable Comperasit Sample
3080156076;Laboratory Sewage Tream Plase
3080156077;Granulator
3080156078;New Quart Thermohygroraph
3080156079;Head Lamp (Alat Laboratorium Lainnya)
3080156080;Aneroid Barometerjar
3080156081;Meja Kerja (Alat Laboratorium Lainnya)
3080156082;Screen Pembatas
3080156083;Thermometer Digital (Alat Laboratorium Lainnya)
3080156084;Tempat Air Suling
3080156085;Alat Penyaring
3080156086;Aneroid Jar
3080156087;Automatic Pipet Dispenser
3080156088;Exicator
3080156089;Extraction Heater
3080156090;Faden Thermometer
3080156091;Furne Hood
3080156092;Mental Heater
3080156093;Mechanic Heater
3080156094;Neraca Analitis Kalibrator
3080156095;Standar Masa
3080156096;Tabung Detruksi
3080156097;Karl Fiher
3080156098;Altifity Water Meter
3080156099;Oxigen Meter
3080156100;Alat Reasifikasi
3080156101;Sample Consetrator
3080156102;Alat Detruksi
3080156103;Universal Noister Tesater
3080156104;Grindet Ciclotek
3080156105;Handy Aspirator
3080156106;Tabung Centrifugal
3080156107;Kolom Fraksinasi
3080156108;Detector HPLC
3080156109;Electric Counter Fryer
3080156110;Testoterm
3080156111;Cosmotector
3080156112;Hallow Cathode Lamp
3080156113;Destilasi Bertngkat
3080156114;Heating Mantle (Alat Laboratorium Lainnya)
3080156115;Anak Timbangan
3080156116;Waste Water Tester
3080156117;Alat Kalibrasi Thermometer
3080156119;Scuber Unit
3080156120;HPLC Isocratic System
3080156121;Logic Probe (Alat Laboratorium Lainnya)
3080156122;Sero Motor
3080156123;Sensor Proxinity
3080156124;handy Digital IC Tester
3080156125;Rom/Ram Emulator
3080156126;Hand Held Logic Analyzer
3080156127;Multichannel Pipet
3080156999;Lainnya (Alat Laboratorium Lainnya)
3080157001;Swagin Machine/Morgan R
3080157002;Hydraulic Press/AC
3080157003;Vertex Flown Motor
3080157004;Hygrometer (Alat Lab. Hermodinamika Motor Dan Sistem Propulasi)
3080157005;Thermo Hygrograph
3080157006;Burograph
3080157999;Alat Lab. Hermodinamika Motor Dan Sistem Propulasi Lainnya
3080158001;Teleprinter Sencieper, Teleprinter Receiver
3080158002;Harmoni Generator
3080158003;Standard Signal Generator
3080158004;Am Signal Generator
3080158005;Timing Unit
3080158006;Heterodyne Unit
3080158007;Electronic Counter
3080158008;General Radio Frequence Standard
3080158009;Redipon Transciever NDB
3080158010;Receiber SSB FM
3080158011;Transciever Recall
3080158012;Fuse Generator
3080158013;Low Frequent Generator
3080158014;Magnetic Amplifiere
3080158015;Freuquence Meter Instrument
3080158016;Valve Caracteristic
3080158017;Transistor Analyzer
3080158018;Antenna Landing
3080158019;Antenna Tuning Unit
3080158020;Radio Control BBC
3080158021;Antenna Relay
3080158022;Valve Tester Avo
3080158023;Txorx Marconi Out Put
3080158024;Rc Motor Uniscope
3080158025;Alternator Variable
3080158026;Auto Meter Stabilizer
3080158027;SSR Control
3080158028;Instrucure Control Display Unit
3080158029;Target Generator Unit
3080158030;Control Procesing Unit
3080158031;Target Control Unit
3080158032;Ssr Decode Lition System
3080158033;Flight Strips Standard
3080158034;Maket Kapal (Alat Laboratorium Pendidikan)
3080158035;Maket Kemudi Kapal (Alat Laboratorium Pertanian)
3080158036;Maket Mesin Kapal (Alat Laboratorium Pertanian)
3080158037;Panggung Master
3080158038;Radio Penduga Arah
3080158039;Perum Gempa
3080158040;Lifeboat Tranciever
3080158041;Titor Amplifiere Kit
3080158042;Giroscpe
3080158043;Tube Checker
3080158044;Morse T Mitter
3080158045;Penggulung Pita Morse
3080158046;Brno Traditional
3080158047;Demonstration Vernier Callypear
3080158048;Scrow Micrometer
3080158049;Sperometer
3080158050;Eye Picci Micro Meter
3080158051;Diselogeram
3080158052;Venier Calliter
3080158053;Demonstration Spring Scalemetric
3080158054;Dial Spring Scale
3080158055;Hockeys Low Apparatus
3080158056;Energy Transformation Apparatus
3080158057;Deep and Diclination Noodle
3080158058;Alat Percobaan Archimedes
3080158059;Gby Free Fall Apparatus G Griffin
3080158060;Griffin Contiscond Timer
3080158061;Photo Transistor
3080158062;Photo Transistor Coupler Unit
3080158063;Griffin Dinamic Trolley
3080158064;Mass Newton Slotted
3080158065;Mass Hanger
3080158066;Mass Sloated
3080158067;Maxwell Needly Apparatus
3080158068;Pully Set
3080158069;Univer Fraze
3080158070;Boyle's Law Apparatus
3080158071;Force Pump Mauted Glass
3080158072;Spineres Steel
3080158073;Calory Meter Vessel
3080158074;Expansion Of Liquid Apparatus
3080158075;Nickel Crufdible
3080158076;Thermo Electrics pair
3080158077;Biconvec Block Plastic Curvatura 98 Mm
3080158078;Biconvec Lock Radius
3080158079;Inertial Measurement Unit
3080158080;PSoC Development Kit
3080158081;PSoC Capscene Expansion Board Kit
3080158082;Alat Ukur Spektrum
3080158083;Alat Digitalisasi Gerakan Tangan
3080158084;Pro Flight Simulator Cockpit For PC and Mac
3080158085;Water Quality Sensors
3080158086;OpenROV
3080158087;Starter Kit
3080158088;Raspberry Pi
3080158089;Komponen/Alat Pengolah Data
3080158090;LCD Micro Processor
3080158091;Micro Processor Untuk Robotic
3080158092;Modul Analog Input (ADC)
3080158093;TCP/IP Development Board
3080158094;AVR Board
3080158095;Multifunction DAS Card PCI -1710HG-C2E
3080158096;Encoder Coupling
3080158097;Ethernet Module for Micro Robotic
3080158098;Ethernet Modul
3080158099;Catalyst
3080158100;Mobil Remote Control
3080158101;Resistor Box
3080158102;Capasitor Box
3080158103;Inductor Box
3080158104;Modul Gateway
3080158105;RCP Rele Kontrol Fase
3080158106;RCP Rele Kontrol Tegangan
3080158999;Alat Laboratorium Pendidikan Lainnya
3080159001;TOC Analizer
3080159002;Ionn Selective Electrode
3080159003;Magnetic Vacuum
3080159004;Dessicator Vacuum
3080159005;UV Intensitomotor
3080159006;Wet Gas Test Meter
3080159007;Refrigenerator Water Bar Horizontal
3080159008;Thermocouple
3080159009;Vibrating Stevos Steam
3080159010;Sieke Shaker Mesh
3080159011;Electric Steam Generator
3080159012;Cool Chamber
3080159013;Dessicator Cainet
3080159014;Acrylic
3080159999;Alat Lab. Teknologi Proses Enzym Lainnya
3080160001;Exmuster
3080160002;Plastic Binding System
3080160003;Novos
3080160004;Pressure Gun
3080160005;Cetak Kubus Beton
3080160006;Alat Pengukur Gelombang Laut
3080160007;Saringan Besi
3080160008;Set Packard Paper Recorded
3080160009;GHM
3080160999;Alat Laboratorim Teknik Pantai Lainnya
3080161001;Power Harmonic Analizer Fluke
3080161002;Multi Meter Fluke 37
3080161003;Unitest Euro Expert Cut No. 9020L
3080161004;Scope Meter Fluke 105 B 103
3080161005;Panel Slogging Bailor Simulator
3080161006;Process Simulator Winsim Design
3080161007;Power Line Multi Tranducer
3080161008;Digital Anemometer
3080161009;Portable Staek Emission Analizer
3080161010;Air Less Painting Wagner
3080161011;Infra Red Exhaust Gas Analizer
3080161012;Instalasi Fiber Optic LCD Projector Multimedia
3080161999;Alat Lab. Sumber Daya Dan Energi Lainnya
3080162001;Decitating Cabinet
3080162002;Digital Analitical Balance
3080162003;Long Back Ground Beta Counter
3080162004;Oil Content Analizer
3080162005;Boom Oil
3080162006;Scimmer Crane
3080162999;Alat Laboratorium Polusi Lainnya
3080163001;GPS Insight
3080163002;Board Display
3080163003;Standard Compact
3080163999;Alat Pengukur Gelombang Lainnya
3080199999;Unit Alat Laboratorium Lainnya
3080201001;Conduktimeter
3080201002;Coulometer
3080201003;Potentiometer
3080201004;Titralyzer
3080201005;Lon Analyzer
3080201006;Karl Fisher Water Tritator
3080201007;Lectrolytic
3080201008;C-H-N Analyzer
3080201009;C-H-O Analytical Microcombustion Equipment
3080201010;Merz Automatic N-Analyzer
3080201011;C&S In Soild Combustion Analyzer
3080201012;Amino Acid Carbohydrate Analyzer
3080201013;Electrophoresis Analysis Equipment
3080201014;Moisture Tester (Analytical Instrument)
3080201015;Kjeldahi Degestion Block (For N-Deteminator)
3080201016;Leak Detector (Analytical Instrument)
3080201017;Ultraviolet Spectrophotometer
3080201018;Visible Light Spectrophotometer
3080201019;Infrared Spectrophotometer
3080201020;Flame Spectrophotometer
3080201021;Atomic Absorption(Flame) Spectrophotometer
3080201022;Emmision Spectrophotometer
3080201023;X-Ray Fluorescence(XRP)
3080201024;Fluorimeter
3080201025;Turbidimeter/Nephelometer
3080201026;Polarimeter/Refractometer
3080201027;X-Ray Diffractometer
3080201028;Thermoluminiscence Dosimeter (TLD) Reader
3080201029;Uranium Ore Analyzer
3080201030;Amilograph Meter
3080201031;Mass Spectrometer
3080201032;Mass Spectrograph
3080201033;Magnetic Resonance Spectrometer
3080201034;Melting Point Detemination Apparatus
3080201035;Thermogravimeter
3080201036;Differential Thermal Analyzer
3080201037;Thermo Analyzer
3080201038;Chromatography Developing Chamber
3080201039;Thin Layer Chromatography(TLC) Drying Rack/ Desiccarator
3080201040;Fraction Colector
3080201041;Gas Chromatograph(GC)
3080201042;Radio Chromatografic Scaner
3080201043;Surface Arcameter(BET Method)
3080201044;Porosimeter/Permeameter
3080201045;ICPMS (Inductively Complete Plasma Mass Spectometer)
3080201046;Kolimator
3080201047;Shileding
3080201048;Digital KVP Meter
3080201049;Digital K-Ray Timer
3080201050;Digital Mas
3080201051;Portable Multi Chanel Analisys
3080201052;Low Energy Survey Meter
3080201053;Check Source
3080201054;Personal Dose Meter
3080201055;Apron Dual Side
3080201056;Peralatan Pencacah Radiasi (Carrier Insert)
3080201057;Peralatan Gerusan Keramik
3080201058;Ratemeter
3080201059;Scintiliation Monitor For Contamination
3080201060;Magnifier #7540
3080201061;Senter Mini Standar Safety
3080201062;Decontamination Kit
3080201063;Flexible Waste Water Dam
3080201064;Decontamination Backpack
3080201999;Analytical Instrument Lainnya
3080202001;Generalporpose Giass Thermometer
3080202002;Dial Reading Thermometer
3080202003;Procesion Thermometer
3080202004;Clinical Thermometer (Instrument Probe/sensor)
3080202005;Maximum-Minimum Thermometer
3080202006;Resistance Thermometer
3080202007;Bimetal Thermometer
3080202008;Temperature Indicator
3080202009;Temperatur Recorder
3080202010;Thermoregulator
3080202011;Immersion Pyrometer
3080202012;Spectral-Optical Pyrometer
3080202013;UV/UV-VIS Radiometer
3080202014;PH Meter/Indicator And Lon Meter
3080202015;Ater Puryti Meter (Specific Resistance Meter)
3080202016;Dissolvel Oxygen Meter(DO)
3080202017;Biologikal Oxygen Demand Monitor(BOD)
3080202018;Bourdan Vacuum Gauge
3080202019;Diaphragm Pressure/Vacuum Gauge
3080202020;Thermocouple Vacuum Gauge
3080202021;Incline Tube Manometer
3080202022;Portable Flectronic Manometer
3080202023;Pirani High Vacuum Gauge
3080202024;Vacuummeter
3080202025;Well Type Manometer
3080202026;Liquid Column Pressure Indicator
3080202027;Electrec Element Pressure Indicator
3080202028;Piezoresistive Pressure Indicator
3080202029;Piezoelectric Pressure Indicator
3080202030;Straningases Pressure Indicator
3080202031;Specific Gravitometer
3080202032;Whestphalt Balance Densitometer
3080202033;Chain Balance Densitometer
3080202034;Densitometer General
3080202035;Surface Tensometer
3080202036;Viscometer Viscosimeter
3080202037;Kinematic Viscosety Bath
3080202038;Du Nuoy Interfacial Tensiometer
3080202039;Orsat-Fischer Gas Analyzer
3080202040;Orsat-Klei Gas Analyzer
3080202041;Koehler Gas Analyzer
3080202042;Dust Analyzer
3080202043;Dust Sampler (Instrument Probe/sensor)
3080202044;Gasmeter
3080202045;Anemometer Flowmeter
3080202046;Venturumeter Flowmeter
3080202047;Areameter Flowmeter
3080202048;Onfice Meter Flowmeter
3080202049;Nozzlemeter Flowmeter
3080202050;Massmeter Flowmeter
3080202051;Elbowimeter Flowmeter
3080202052;Gage Glass Level Indicator
3080202053;Tape Fioat Gage Level Indicator
3080202054;Level Shaft Gage Level Indicator
3080202055;Bubble Tube Level Measumy System
3080202056;Flash Point Tester
3080202057;Enviromental Sensor
3080202999;Instrument Probe/Sensor Lainnya
3080203001;Electronic Top Loading Balance
3080203002;Electronic Analytical Balance (General Laboratory Tool)
3080203003;Mechanical Analytical Balance
3080203004;Electronic Microbalance
3080203005;Remote Bader
3080203006;Telecope Scale
3080203007;Platform Scale (General Laboratory Tool)
3080203008;Sprong Scale
3080203009;Table Balance
3080203010;Electronic Control (General Laboratory Tool)
3080203011;Balance Weight Set
3080203012;Rotator Heater Control
3080203013;UWFP Control Panel With HR
3080203014;Recorder
3080203015;Water Sampler (General Laboratory Tool)
3080203016;Stop Clock
3080203017;Interval Timer
3080203018;Wall Clock
3080203019;Automatic On/Off Time Switch
3080203020;Stroboscope Flash
3080203021;Tachometer (General Laboratory Tool)
3080203022;Rpm-Meter
3080203023;Coloni Holder
3080203024;Battle Holder
3080203025;Team Heated Water Bath
3080203026;Electrically Heated Water Bath
3080203027;Electrically Heated Oil Bath
3080203028;Sand Bath
3080203029;Thermostatic Water Bath
3080203030;Shaking Water Bath
3080203031;Test Tube Dry Bath
3080203032;Cooling/Refregerating Bath
3080203033;Cleaning Bath
3080203034;Lab Eva Porator
3080203035;Thermostatic Water Cerculator
3080203036;Thermostatic Oil Cerculator
3080203037;Thermostatic Refrigerating Cerculator
3080203038;Vice Jig U 235 Proses
3080203039;Dauble Ended Bottle Case
3080203040;Bunsen Gas Bumer
3080203041;Maker Gas Burner
3080203042;Blow Lamp (Brander)
3080203043;Aw Bottle Case
3080203044;Rfw Bottle Case
3080203045;Hot Plate (General Laboratory Tool)
3080203046;Cold Plate
3080203047;Immersion Heating Coil
3080203048;Immersion Heating Rod Coil
3080203049;Immersion Refrigerating Coil
3080203050;Hot Plate With Magnetic Stiring (General Laboratory Tool)
3080203051;Automatic Laboratory Steam Generator
3080203052;Water Percolator (Boiler)
3080203053;Rotating Jig
3080203054;Heat Gun
3080203055;Heating Mantle (General Laboratory Tool)
3080203056;Table Model Heating Mantle
3080203057;Heating Tape
3080203058;Kompor Listrik (General Laboratory Tool)
3080203059;Infrared Lamp
3080203060;High Pressure Autoclave (W/Wo) Stirrer
3080203061;High Pressure Shaking Autoclave
3080203062;Pressure Vessel (General Laboratory Tool)
3080203063;Special Tube Furnace
3080203064;Tube Fumace
3080203065;Vibrating Micro Shaker
3080203066;Shaking Machine
3080203067;Test Tube Shaker
3080203068;Universal Shaking Apparatus
3080203069;Lab Stirred Reaction Vessel
3080203070;Sterrer Motor
3080203071;Multiple Stining Unit
3080203072;Magnetic Sterrer
3080203073;Revalution Counter
3080203074;Ultrasonic Sceaner
3080203075;Laboratory Sieving Machine Shaker
3080203076;Laboratory Sieve Set
3080203077;Vibrating Screen (General Laboratory Tool)
3080203078;Siffer & Rotatop
3080203079;Ball Mill
3080203080;Laboratory Cylender Centrifuge
3080203081;Laboratory Basket Centrifuge
3080203082;Hand Centrifuge
3080203083;Laboratory Bench Centrifuge
3080203084;Laboratory High Speed Centrifuge
3080203085;Ultra Centrifuge (General Laboratory Tool)
3080203086;Muffie Furnace
3080203087;Transformer
3080203088;Distilation Equipment
3080203089;Distilation Air Berat
3080203090;Lab Water Purifier/Demmeralizer
3080203091;Lab Water Destiling /Bio Sistiling Apparatus
3080203092;Electrolytic Hr Generator
3080203093;Kepp'S Gas Generator
3080203094;Pickiing System
3080203095;Room Humidifier
3080203096;Room Dehudifier
3080203097;Humadity Chamber (General Laboratory Tool)
3080203098;Laboratory /Service Wagon/Cart
3080203100;Plating System
3080203101;Herliac Welder & Special Ws
3080203102;Cambustion Tube
3080203103;Vacuum System
3080203104;Dewar
3080203105;Regulator Pemanas
3080203106;Pemanas Jaket
3080203107;Speed Dyna Mixer
3080203108;Crystal Growing+Cutter Mach
3080203109;Kandang Logam Untuk Penelitian
3080203110;Kandang Non Logam Untuk Penelitian
3080203111;Rak Kandang Logam Untuk Penelitian
3080203112;Rak Kandang Non Logam Untuk Penelitian
3080203113;Electric Digital
3080203114;Imtri tugal Screen
3080203115;Manual Screen
3080203116;Durham Rubes
3080203117;Panel Uto Power
3080203118;Panel Elevator
3080203119;Test Tube Holder
3080203120;Holder Contact Thermometer
3080203121;Holder Beverance Thermo
3080203999;General Laboratory Tool Lainnya
3080204001;Burette
3080204002;Autometic Birelle
3080204003;Pipetter Epperdort
3080204004;Mikrolitre Piperdort
3080204005;Large Glass Vessel (Kataslitye Low Ex-Change)
3080204006;Water Chiller
3080204007;Dessiccator
3080204008;Cendensor (Liebig Davis,Dimrot,Spiral Allhm)
3080204009;Soxhlel Extractor
3080204010;Crucible (Quartz,Porcelain)
3080204011;Curcible (Nickel. Etc)
3080204012;Mortar Porcelain
3080204013;Integrated Circuit Taster (IC Taster)
3080204014;Beaker
3080204015;Flask
3080204016;Bottle Aspirator
3080204017;Retort (Glassware Plastic/utensils)
3080204018;Funnel
3080204019;Safety Can
3080204020;Safety Container/Jerrican
3080204021;Safety Container
3080204022;Tank
3080204023;Flat Bottom Flask
3080204024;Round Bottom Flask
3080204025;Kjadahi Flash
3080204026;Distilling Flask
3080204999;Glassware Plastic/Utensils Lainnya
3080205001;Generator Set (Lab Scale)
3080205002;Ear (Protecting) Muff
3080205003;Eye Goggles
3080205004;Face Shield (From Radiant Heat Spork)
3080205005;Anti Dust & Toxic Fume Respirator
3080205006;Eyewash Station
3080205007;Hot Cell
3080205008;Lead Glass Window
3080205009;FPM Target Holder Assembly
3080205010;WNP Hook
3080205011;Fire Extinguisher
3080205012;Fire Extinguisher Carlage
3080205013;Capsule Handlling Toll & LA
3080205014;Isotop Stringer
3080205015;In Pool Holder For Stringer
3080205016;Fume Alert Napor Detector
3080205017;Smoke Detecting System & Alarm
3080205018;Fume/Gas Leak Detector (Laboratory Safety Equipment)
3080205019;Fission Product Csb. TILIEC
3080205020;Electronic Controls
3080205021;Glove Box (Laboratory Safety Equipment)
3080205022;Fume Hood (Laboratory Safety Equipment)
3080205023;Acid Hood (Laboratory Safety Equipment)
3080205024;Special Support Equip (Laboratory Safety Equipment)
3080205025;Gamma Monitor (Laboratory Safety Equipment)
3080205026;High Volume Air Sampler
3080205999;Laboratory Safety Equipment Lainnya
3080299999;Unit Alat Laboratorium Kimia Nuklir Lainnya
3080301001;Ge Detector (Planer + Coaxlal)
3080301002;SI (LI) Detector
3080301003;GE (LI) Coakxial Detector
3080301004;Thin Windaw Ge (Li) Coakxial Detector
3080301005;Assesories Ni Liq + Ln2
3080301006;LN2 Detector
3080301007;Vertical Dispstick Cryostat
3080301008;Horisontal Dispstick Cryostat
3080301009;45 Dispstick Cryostat
3080301010;Detector Alpha
3080301011;Sillicon Surfase Barrier Detector (SSB)
3080301012;Vacuum Chamber
3080301013;Gos Filled Detector (He,3 Bf3)
3080301014;Nal Scintillation Detector
3080301015;Fast Neutron Scintillation Detector
3080301016;Monitor Kontaminasi
3080301017;Fume Alert Detector
3080301018;Detector Nal TI
3080301019;Smoke Detecting System and Alarm
3080301020;Monitor Radiasi
3080301021;Fume/gas Leak Detector (Radiation Detector)
3080301022;Fission Product Csb. Tillec
3080301023;Electronic Control (Radiation Detector)
3080301024;Glove Box (Radiation Detector)
3080301025;Fume Hood (Radiation Detector)
3080301026;Acid Hood (Radiation Detector)
3080301027;Special Support Equip (Radiation Detector)
3080301028;Gamma Monitor (Radiation Detector)
3080301029;Hight Volume Air Sampler
3080301030;Walkthrough/Radiation Portal Monitor
3080301031;Dose Area Product/Kerma Area Product
3080301999;Radiation Detector Lainnya
3080302001;Preamplifier Proportional Couter
3080302002;Preamplifier GE (LI) Detactor
3080302003;Preamplifier SSB Detactor
3080302004;Preamplifier Semi Conductor Detactor
3080302005;Preamplifier Scietillation Detactor
3080302006;Preamplifier PM Tube Bose
3080302007;Spectroscopy Amplifier
3080302008;Double Delay Line Amplifier
3080302009;Delay Amplifier
3080302010;Biased Amplifier
3080302011;Preamp/Amp/Disc (PAD)
3080302012;Timming Filter Amplifier
3080302013;Sum-Invert Amplifier
3080302014;Time Analyzer
3080302015;Constant Fraction Deseriminator
3080302016;Universal Coincidence
3080302017;Coincidence Analyzer
3080302018;Logic Shaper And Delay
3080302019;Namosec Delay
3080302020;Fast/Slow Coincidence
3080302021;Analog To Digital Converter (ADC)
3080302022;Linear Gate
3080302023;Linear Gate And Streteher
3080302024;Live-Time Counector Pile Up Rejector
3080302025;Spectrum Stabilyzer
3080302026;Logic Analyzer (Modular Counting And Scentific Electronic)
3080302027;Mixer Rauter
3080302028;Linear Logarithmic Ratemeter
3080302029;Linear Ratemeter
3080302030;Multi-Input -Multi Scaler
3080302031;Blind Scaler
3080302032;Data Input
3080302033;Paralel To Serial Converter
3080302034;Paper Tape Scanner
3080302035;Teletype Scanner
3080302036;Blind Timer
3080302037;Timer/Scaler/Counter
3080302038;Chronometer (Modular Counting And Scentific Electronic)
3080302039;Serial Scanner/Printer
3080302040;Preamp Power Supply
3080302041;Bin/Power Supply
3080302042;HV Power Supply
3080302043;HV Bias Supply
3080302044;DC Power Supply
3080302045;System Fower
3080302046;Oscilator Modula
3080302047;Line Square Wave Oscillator
3080302048;Low Distorsion Oscillator
3080302049;Pulse Generator /Pulser
3080302050;Frequency Synthatizer
3080302051;Function Generator (Modular Counting And Scentific Electronic)
3080302052;Signal Generator (Modular Counting And Scentific Electronic)
3080302053;Sweep Oscillator (Modular Counting And Scentific Electronic)
3080302054;Reference Pulser
3080302055;Precision Pulser
3080302056;Logic Pulser
3080302057;Nuclear Counter
3080302999;Modular Counting And Scentific Electronic Lainnya
3080303001;Liquid/Scintillation Counter
3080303002;Multi Channel Analyzer
3080303003;Multi Parameter System
3080303004;Scanner (Assembly/counting System)
3080303005;Ultra Low Level / Counting System
3080303006;Single Channel Analyzer Counter
3080303007;Quod Alpha Spectometer
3080303008;GM Counter
3080303009;Coincidence Counter
3080303010;Scintillometer
3080303011;Gamma Ray Spectiometer
3080303012;Logger
3080303013;Gas Flow Counter
3080303014;Neutron Counter
3080303015;Gamma Ionzation Chamber
3080303999;Assembly/Counting System Lainnya
3080304001;Single Channel Recorder
3080304002;Dual Channel Recorder
3080304003;XY - YT Recorder
3080304005;Cathode Ray Osciloscope
3080304006;Camera Scope
3080304007;GO Recorder
3080304008;Hybrid Recorder
3080304999;Recorder Display Lainnya
3080305001;Generator Set(Lab Scale)
3080305002;Uninterupted Power Supply (UPS)
3080305003;Single Phase Transformer Step Up/Down
3080305004;Three Phase Transformer Step Up/Down
3080305005;Constant Voltage Transformer
3080305006;Line Voltage Transformer
3080305007;Sliding Riostats
3080305008;Cable Drum
3080305009;Altenator
3080305010;Helium Liquifler
3080305011;N2 Dewars + Tabung
3080305012;Sample Changer
3080305013;Liquid N2 Productions System
3080305014;Magnetic Coil
3080305015;Dry Ice Unit
3080305016;LN2 Container
3080305017;Auto Pcb Processor
3080305018;Airport lightning System
3080305019;Soldering and Desoldering
3080305020;Neutron Transmutation Doped Liquid Nitrogen (NTD LN2) Valve
3080305999;System/Power Supply Lainnya
3080306001;Analog Volmeter
3080306002;Digital Volmeter
3080306003;Amperemeter
3080306004;Ohmmeter
3080306005;Frequency Meter
3080306006;Multifrequency LCR Meter
3080306007;LCZ Meter
3080306008;RF Impedance Analyzer
3080306009;LF Impedance Analyzer
3080306010;Vector/Z/Meter
3080306011;Digital LCR Meter
3080306012;Meter
3080306013;High Resistence Meter
3080306014;Milliohm
3080306015;Universal Bidge
3080306016;Semiconductor Parameter Analyzer
3080306017;Semiconductor Tester
3080306018;Integrater Ciscuit Tester
3080306019;AC Ammeter
3080306020;Tachometer (Measuring/testing Device)
3080306021;Phase Seguence Indicator
3080306022;Power Meter
3080306023;Gauss Meter
3080306024;Electrometer (Measuring/testing Device)
3080306025;Gain Phase Meter
3080306026;Curve Tacer
3080306027;Differential Volt Meter
3080306028;Differential Comparator
3080306029;Cryfob Dewars
3080306030;Transister Tester
3080306031;Tube Tester (Measuring/testing Device)
3080306032;Microsystem Trouble Shooter
3080306033;DC Calibration Set
3080306034;AC Calibration Set
3080306035;Distotion Analyzer
3080306036;Component Tester
3080306037;Tranceiver Test Equipment
3080306038;Vibration Analitis System
3080306039;Infrared Thermometer
3080306040;Mobile Spectroscopy Monitoring Radiation
3080306041;Fixed Spectroscopy Monitoring Radiation
3080306042;Block Calibration
3080306043;Portable HPGe Based Radionuclide Identifinder
3080306044;Cat Phantom
3080306045;Phantom Computed Tomography Dose Index (CTDI)
3080306046;Phantom Abdomen
3080306047;Phantom Perspex
3080306048;Focal Spot Test Tool
3080306049;Half-Value Layer (HVL) Filter
3080306050;Kolimator Test Tool
3080306051;Attenuator
3080306052;Test Object Image
3080306999;Measuring/Testing Device Lainnya
3080307001;Scanning Electron Microscope(SEM)
3080307002;Transmission Electron Microscope (TEM)
3080307003;Scanning Transmission Electron Microscope(STEM)
3080307004;Wiede Matric L-4060 Pathfinder Lasser Culting Machine
3080307005;Laser Correlator
3080307006;Laser Power Motor
3080307007;Laser Spectrum Annalyzer
3080307008;Laser CO2
3080307009;Laser Nitrogen
3080307010;Laser HE NE
3080307011;Laser Argon
3080307012;Piranti Optik
3080307999;Opto Electronics Lainnya
3080308001;Ion Impator
3080308002;Electron Irradiator
3080308003;Linear Accelerator
3080308004;Clyclotron
3080308005;Synchrotron
3080308006;Neotron Generator
3080308007;Van Dan Graof Generator
3080308008;Ion Counting System
3080308009;Pneumatic Transfer
3080308010;Mesin Bekas Elektron (MBE)
3080308999;Accelerator Lainnya
3080309001;Subcritical Assembly
3080309002;In-Pile Loop
3080309003;Out-Pile Loop/Engineering Loop
3080309004;Neutron (Beam) Chopper
3080309005;Neutron Deffraction System
3080309006;In Bean (Fast) Neutron Analysis System
3080309007;Reactor Bridge
3080309008;Fool Viewing Glass
3080309009;Alat Penghambur Neutron
3080309010;Pneumatic Transfer System
3080309011;Digital Cerenkov Viewing Device
3080309999;Reactor Experimental System Lainnya
3080399001;Alpha Spectroscopy
3080399002;Beta Spectroscopy
3080399003;Alpha Beta Low Background Counter
3080399004;Low Background Chamber (Pb)
3080399999;Alat Laboratorium Fisika Nuklir/Elektronika Lainnya
3080401001;Hand Monitor
3080401002;Hand And Foot Monitor
3080401003;B.Y. Whole Body Monitor
3080401004;Radiation Area Monitor
3080401005;Xenon Area Monitor
3080401006;Survey Meter (X B Y D )
3080401007;Pocket Dosimeter (For X,Y, Thermain)
3080401008;Dosimeter Charge
3080401009;Dosimeter Storage Case
3080401010;Neutron Surveymeter
3080401011;Geiger Probe
3080401012;Scintilation Probe
3080401013;Sample Counting Probe
3080401014;Ionisation Chambar/Tabung Ionisasi Device
3080401015;Radon Gas Monitor
3080401016;Neutron Dosmeter
3080401017;Dose Calibrator
3080401018;Isotop Calibrator
3080401019;Cloth Monitor
3080401020;Gate/Protal Monitor
3080401021;Air Sampler (Alat Ukur Fisika Kesehatan)
3080401022;Regulated Alt Gampiar
3080401023;Total Body Monitor
3080401999;Alat Ukur Fisika Kesehatan Lainnya
3080402001;Lead Container
3080402002;Lead Veal
3080402003;Lead Waster Container
3080402004;Lead Fase Sheald
3080402005;Lead Aperon
3080402006;Lead Spectacles
3080402007;Lead Glove
3080402008;Mini Monitor
3080402009;Radio Chemical Lead GWL
3080402011;Griptong /Niptong
3080402012;Master Slave
3080402013;Electronic Robot
3080402015;Radiarm
3080402016;Beam Shutter Lock
3080402017;Control Rod Guide Tube Lock
3080402018;Specimen Lifting Davice
3080402019;Junior Lave Glass Window & L
3080402020;Radio Pharmacenticai & GW
3080402021;Countaiment Boxes (Single C)
3080402022;Countaiment Boxes (Double C)
3080402023;Gamma Pool Shef
3080402024;Prymary Tongs
3080402025;Remote Wire Cutter
3080402026;Transfer Bucket 4
3080402027;Transfer Bucket 6
3080402028;Electronichamical M System
3080402029;Intercell Conveyor System CE
3080402030;Top Barier Lead Shield
3080402999;Alat Kesehatan Kerja Lainnya
3080403001;Noise Level Meter
3080403002;Sound Monitor/ Sirine
3080403003;Sirine (Proteksi Lingkungan)
3080403004;Unit Siementasi
3080403005;Sirine Tsunami
3080403006;Personal Heat Stress Monitor
3080403007;Waterless Heat Stress Monitor
3080403999;Proteksi Lingkungan Lainnya
3080404001;Barometer (Meteorological Equipment)
3080404002;Barograph (Meteorological Equipment)
3080404003;Hygrograph (Meteorological Equipment)
3080404004;Thermograph (Meteorological Equipment)
3080404005;Thermo- Hygrograph
3080404006;Thermo- Hygro- Barograph
3080404007;Psychrometer (Meteorological Equipment)
3080404008;Rainfall Recorder
3080404009;Rainfall Sensor
3080404010;Meteotower
3080404011;Wind Sensor Set
3080404012;Ralative Humadity Sensor Set
3080404013;Temperature Sensor Set
3080404014;Electric
3080404015;Hand Cup Animometer
3080404016;Vene Animometer
3080404017;Thermal Apemometer
3080404018;Wind Telemeter
3080404019;Mechanical Wind Recorder (Meteorological Equipment)
3080404020;Rain Gange
3080404021;Seismeter Sensor
3080404022;Seismograph Recorder
3080404023;Meteo Set Portable
3080404024;Meteometer Set Recorder
3080404025;Meteometer Panel
3080404026;Solar Radiator Recorder
3080404027;RVR
3080404028;Cellometer
3080404029;Aviation Metereologi Observasing System
3080404999;Meteorological Equipment Lainnya
3080405001;Standar AM-2411
3080405002;Standar RA-226
3080405003;Standar SR-90
3080405004;Standar CO-60
3080405005;Standar PU-239
3080405006;Standar AM-CS-137
3080405999;Sumber Radiasi Lainnya
3080499999;Alat Proteksi Radiasi/Proteksi Lingkungan Lainnya
3080501001;Gamma Camera
3080501002;X-Ray Machine & Control
3080501003;Device (Radiation Application Equipment)
3080501004;X-Ray Penetration
3080501005;X-Ray Transiumminiscence
3080501006;Gamma Irradiation Equipment
3080501007;Neutron Source
3080501008;Positioning Sensing
3080501009;Silphat Line
3080501010;Sulphur Line
3080501011;X Ray Micro Analizer For Scanning
3080501999;Radiation Application Equipment Lainnya
3080502001;Ultrasonic Testing Device
3080502002;Portable Testing Magnet
3080502003;Eddy Current Testing Device
3080502004;Film Image Viewer
3080502005;Accustic Emmisim Device
3080502006;Depth Crack Meter
3080502007;Hardnes Tester (Hardmeter)
3080502008;Helium Leak Detector
3080502009;Fatique Tester (Non Destructive Test (ndt) Device)
3080502010;Creep Tester And Stree Rupme Tester
3080502011;Hydraulic Ester
3080502012;Tansile Strenght Tester
3080502013;Corrosion Tester (Non Destructive Test (ndt) Device)
3080502014;Alat Uji Taktik
3080502015;Bending Tester (Non Destructive Test (ndt) Device)
3080502016;Surface Rounghnes Measuring Device
3080502017;Frofilometer
3080502018;High Resolution Pressure Difractometer
3080502019;Tas (Triple Axis Spectometer)
3080502999;Non Destructive Test (NDT) Device Lainnya
3080503001;Earth Conductivity Probe
3080503002;Earth Resistivity Device
3080503003;Soil Permeameter
3080503004;Electromagnetic Prospecting Device
3080503005;Induced Polariza Tion Soil Resislivity Meter
3080503006;Trio Multichannel Saismic Refraction System
3080503007;Soil Moinsture And Density Gauge
3080503008;Field Pore-Pressure Measuring Device
3080503009;Falling Cone Panatro Meter
3080503010;Consolidation Tester
3080503011;Penetrograph
3080503012;Hand Penetro Meter
3080503013;PF-Meter
3080503014;Soil PH Meter
3080503015;Vacuum Air Picnometer
3080503016;Pocket Altimeter
3080503017;Optical Clinometer
3080503018;Range Finder (Peralatan Hidrologi)
3080503019;Table Techeometer
3080503020;Theodolite (Peralatan Hidrologi)
3080503021;Water Pass
3080503022;Geological Compas
3080503023;Tripod Compas
3080503024;Car Compas
3080503025;Water Current Meter (Peralatan Hidrologi)
3080503026;Horizontal/Vertical Water Level Recorder
3080503027;Tape Water Lavel Indicator
3080503028;Water Electrolysys For Tritium Analysis
3080503029;Gamma Logging Unit
3080503030;Geological Hammer
3080503031;Scoop
3080503999;Peralatan Hidrologi Lainnya
3080599999;Radiation Application & Non Destructive Testing Laboratory Lainny
3080601001;DO Meter (Alat Laboratorium Kwalitas Air Dan Tanah)
3080601002;Conductivity Meter (Alat Laboratorium Kwalitas Air Dan Tanah)
3080601003;Salino Meter
3080601004;TOC Analyzer
3080601005;Oil Analyzer
3080601006;Klorin Meter
3080601007;Water Quality Analyzer System
3080601008;Mercury Analyzer (Alat Laboratorium Kwalitas Air Dan Tanah)
3080601009;Test Kit
3080601010;Bacteria Test Paper
3080601011;Plankton Net (Alat Laboratorium Kwalitas Air Dan Tanah)
3080601012;Water Sample
3080601013;Eckman - Berge Dredge
3080601014;Core Sampler
3080601015;Current Meter (Alat Laboratorium Kwalitas Air Dan Tanah)
3080601016;Jar Tester
3080601017;Colony Counter (Alat Laboratorium Kwalitas Air Dan Tanah)
3080601018;Sterilizer (Alat Laboratorium Kwalitas Air Dan Tanah)
3080601019;Autoclay
3080601020;AOX Analyzer
3080601021;COD Reaktor
3080601022;Analisa Logam Berat
3080601023;Mercury Vapor Indicator
3080601999;Alat Laboratorium Kwalitas Air Dan Tanah Lainnya
3080602001;Portable SO2 Analyzer
3080602002;Portable NOX Analyzer
3080602003;Portable CO Analyzer
3080602004;Portable HC Analyzer
3080602005;Container (Alat Laboratorium Kwalitas Udara)
3080602006;Data Logger (Alat Laboratorium Kwalitas Udara)
3080602007;Automatic SO2 Analyzer
3080602008;Automatic NOX Analyzer
3080602009;Automatic CO Analyzer
3080602010;Automatic SPM Analyzer
3080602011;Automatic HC Analyzer
3080602012;Automatic Ozon Analyzer
3080602013;Dust Sampler (Alat Laboratorium Kwalitas Udara)
3080602014;Air Polution Tester
3080602015;Mini Pump Air Tester
3080602016;Automatic Oxidant Analyzer
3080602017;Weather Observation Instruments
3080602018;Vehicle Emission Gas Analyzer
3080602019;Automatic Gas Burner Exhaust Gas Analyzer
3080602020;Higt Volume Air Sampler
3080602021;Low Valume Air Sampler
3080602022;Anderson Particle Fractioning Sampler
3080602023;Deposit Gauge
3080602024;Dust Jar
3080602025;Portable Wind System
3080602026;Thermo-Hygrigraph
3080602027;Syphon Type Recording Rain Gauge
3080602028;Precition Gas Detector
3080602029;Solar Radiation Meter
3080602030;Portable Block Fume Meter
3080602031;Gas Sampler
3080602032;Stack Sampler
3080602033;Gas Diluter
3080602034;Zero Gas Generator
3080602035;Standard Gas Generator
3080602036;Vacuum Sampler
3080602037;Gas Cylinder
3080602038;Oil Pump
3080602039;Air Compressor (Alat Laboratorium Kwalitas Udara)
3080602040;Dry Type Gas Meter
3080602041;Wet Type Gas Meter
3080602042;Standard Voltage Generator
3080602043;Handy Sampler For Gas Sampling
3080602044;Ozone Gas Generator
3080602045;Hydrogen Gas Generator
3080602046;Air Purlier
3080602047;Electric Desicator
3080602048;Sequential Timer
3080602049;Oxygen Analyzer
3080602050;Alat Sampling Emisi Sumber Tidak Bergerak
3080602051;Alat Uji Emisi Sumber Bergerak
3080602052;Air Quality Monitoring System
3080602053;Air Sampler
3080602054;Gent Sampler
3080602055;Particulate Sampler/Analyzer/Counter
3080602056;Mobile Air Quality Laboratory
3080602057;Air Quality Monitoring (AQM 60)
3080602058;Environment Particulate Air Monitor (EPAM 5000)
3080602059;Dust Counter
3080602060;Environment Particullar Air Monitor
3080602061;Universal Air Sampling Pump
3080602999;Alat Laboratorium Kwalitas Udara Lainnya
3080603001;Tape Recorder (Alat Laboratorium Kebisingan Dan Getaran)
3080603002;Precition Integrating Sound Level Meter
3080603003;Piston Phone
3080603004;Octave Band Filter
3080603005;1/3 Octave Band Real Time Analyzer
3080603006;Vibration Level Meter
3080603007;Tunable Filter
3080603008;Calibration Exiter
3080603009;Data Processing Unit
3080603010;Extention Code (10M)
3080603011;Extention Code (30M)
3080603012;Transceiver
3080603013;Portable Noise Monitoring
3080603014;Hand Held Sound Intensity System
3080603015;Vehicle Pass By Noise System
3080603016;Automated Calibration System
3080603017;Advanced Vibration and Overpressure Monitor
3080603018;Noise Dosimeter
3080603019;Acoustic Calibrator
3080603020;Acoustic Analyzer
3080603999;Alat Laboratorium Kebisingan dan Getaran Lainnya
3080604001;Milling Machine (Laboratorium Lingkungan)
3080604002;Sieve Shaker (Laboratorium Lingkungan)
3080604003;Compact Balance
3080604004;Platform Scale (Laboratorium Lingkungan)
3080604005;Hot Air Drying Oven
3080604006;Pensky-Martens Closed Cup Flash Point Tester
3080604007;Copper Corrosion Tester
3080604008;Elemental Analysis Instrument (CHN)
3080604009;KD Evaporator
3080604010;Micro Kjeldahl Distiller
3080604011;Kjedahl Nitrogen Digestion & Distilling Apparatus
3080604012;Gas Chromatography High Resolution Time of Flight Mass Spectomete
3080604013;Oxoid Air Sampler
3080604999;Laboratorium Lingkungan Lainnya
3080605001;Kromatografi Gas
3080605002;High Performance Liquid Cramotograph
3080605003;Ion Crhomatograph
3080605004;Polarograph
3080605005;UV/VIS Spectrophotometer
3080605006;IR Spectrophotometer
3080605007;Fluorescence Spectrophotometer
3080605008;Spectrophotometr Serapan Atom
3080605009;Quadrupole Spectrometer
3080605010;Scanning Electron Microscope (Alat Laboratorium Penunjang)
3080605011;X-Ray Fluorrescence Analyzer
3080605012;Ion Selective Electrode
3080605013;Mercury Analyzer (Alat Laboratorium Penunjang)
3080605014;Metallurgical Electrode
3080605015;Biological Microscope
3080605016;Stereo Microscope (Alat Laboratorium Penunjang)
3080605017;Cylinder Rack
3080605018;Gas Regulator
3080605020;Centrifuge (Alat Laboratorium Penunjang)
3080605021;Multi Furnace
3080605022;Electric Oven
3080605023;Vacuum Drying Oven
3080605024;Bod Incubator
3080605025;Evaporator
3080605026;Water Circulation Bath
3080605027;Thermistor Water Bath
3080605028;Fraction Collector
3080605029;Rotary Culti-Shaker
3080605030;Multi Labo Shaker
3080605031;Homogenizer (Alat Laboratorium Penunjang)
3080605032;Pengaduk Magnet
3080605033;Ultrasonic Cleaner (Alat Laboratorium Penunjang)
3080605034;Peralatan Distilasi
3080605035;Ice Cube Maker
3080605036;Refrigerator/Freezer
3080605037;Utra Sonic Cleaner For Pippete
3080605038;Perlatan Extraksi Sochlet
3080605039;Automatic Dispenser
3080605040;Automatic Pure Water System
3080605041;Pompa Peristaltik
3080605042;Evaporating Dishi
3080605043;Autoclave Draine Pump
3080605044;6 Channel Personal Human Vibration
3080605045;Acoustic Doimete
3080605046;Handheld Isotope Identifier
3080605999;Alat Laboratorium Penunjang Lainnya
3080699999;Alat Laboratorium Lingkungan Hidup Lainnya
3080701001;Towing Carriage
3080701002;Rails 234,5 M
3080701003;Current Conductor Busbars
3080701999;Towing Carriage Lainnya
3080702001;Resistance Dynamometer
3080702002;Clamp Apparatus
3080702003;Towing Guide With Trim Meter
3080702004;Self Propulsion Motor
3080702005;Self Propulsion Dynamometer
3080702006;Propeller Openg Water Dynamometer
3080702007;Universal Primary Calibrator/Weights
3080702008;Line Pump
3080702009;App.For Meas.Ship Model Pitch Inertia Moment
3080702010;Wave Height Meter, Resistance Type
3080702011;Wave Height Meter, Special Type
3080702012;Wave Measurrament Apparaatus
3080702013;Ship Movement Mater
3080702014;Pressure Tranduce For Press Variation
3080702015;Pressure Tranduce For Slamming Meas
3080702016;Horizontal Planar Motion Mechaanism (HPMM)
3080702017;Accelerometers
3080702999;Wave Generator And Absorber Lainnya
3080703001;DAAS Mob Tanpa Software
3080703002;DAAS Towing Tank Tanpa Software
3080703003;DAAS Cav. Tunnel Tanpa Software
3080703004;Software DAAS MOD
3080703005;Software DAAS Towing Tank
3080703006;Software DAAS Cav. Tunnel
3080703007;Hardware Conf Off-Line Computer
3080703008;Software Conf Off-Line Computer
3080703999;Data Accquisition And Analyzing System Lainnya
3080704001;Cavitation Tunnel
3080704002;Flow Generator
3080704003;Pressure Control System
3080704004;Water Supply And Drainage System
3080704005;Deaeration And Filtering System
3080704006;Control Panel
3080704007;Propeller Dynamometer
3080704008;Stroboscope (Cavitation Tunnel)
3080704009;Wake Field Measuring Apparatus
3080704010;Pressure Tranducer
3080704011;Diffrential Pressure Tranducer
3080704012;Temperatur Measuring Instrument
3080704013;Oxigene Contents Meter
3080704999;Cavitation Tunnel Lainnya
3080705001;Towing Crane
3080705002;Caviation Tunnel
3080705003;Ship Model Workshop
3080705004;Model Preparation And Storage
3080705005;Machanical Workshop
3080705006;Manoeuvring Tank
3080705999;Overhead Cranes Lainnya
3080706001;Oscillograph Recorder
3080706002;Frequency Counter (Peralatan Umum)
3080706003;Multi Tester
3080706004;Digital Multi Tester
3080706005;Weighing Scale
3080706999;Peralatan Umum Lainnya
3080707001;"Marking Plate; 3D Meas & Mark Out Machine"
3080707002;Model Ship Milling Machine
3080707003;Press For Glueing Of Model Ship
3080707004;Cross Cutting Circular Saw
3080707005;Circular Saw
3080707006;Thicknessing Planer
3080707007;High Precision Surface Planer Aang Jointer
3080707008;Wood Lather
3080707009;Spindle Shaper
3080707010;Slot Mortise And Boring Machine
3080707011;Mobile Disc And Belt Sanding Machine
3080707012;Band Saw
3080707013;Table Drilling Machine (Pemesinan : Model Ship Workshop)
3080707014;Dust Exhaust System
3080707015;Working Table For Ship Model
3080707016;Hoistbeam With 2 Rollable Rubber Bands
3080707017;Model Transport Car With Drawbar ( 5 M )
3080707018;Model Transport Car With Drawbar ( 3 M )
3080707019;Complete Set Of Handtools
3080707999;Pemesinan : Model Ship Workshop Lainnya
3080708001;Propeller Forming Unit
3080708002;Molding Boxes ( 3 Sizes )
3080708003;Drying Chamber
3080708004;Melting Furnace
3080708005;Centrifuge (Pemesinan: Propeller Model Workshop)
3080708006;Electronic Balancing Machine
3080708007;Propeller Measuring And Drilling Machine
3080708008;Workshop Ascessories (Hand And Electronic Tools)
3080708999;Pemesinan: Propeller Model Workshop Lainnya
3080709001;Precision Lather ( 165 mm Centre Height )
3080709002;Precision Lather ( 250 mm Centre Height )
3080709003;Universal Milling Machine (Pemesinan: Mechanical Workshop)
3080709004;Vertical Bandsaw
3080709005;Column Drilling Machine
3080709006;Table Drilling Machine (Pemesinan: Mechanical Workshop)
3080709007;Hacksawing Machine
3080709008;Double End Grinder
3080709009;Sheet Metal Grinder
3080709010;Sheet Metal Roller
3080709011;Laver Shear
3080709012;Turning Tool Grinding Machine
3080709013;Tool Grinding For Woodworking Knives
3080709014;Automatic Sharpening Machine
3080709015;Welding Table
3080709016;Exhaust System
3080709017;Welding Rectifier (Pemesinan: Mechanical Workshop)
3080709018;MIC/MAG Welding Unit
3080709019;Gas Welding Unit (Acetylene)
3080709999;Pemesinan: Mechanical Workshop Lainnya
3080710001;Universal Turining And Milling Machine
3080710002;Precision Bench Drilling Machine
3080710003;Double Ended Pedestal Grinder
3080710004;Set Of Measuring Equipment And Handtools
3080710999;Pemesinan: Precision Mechanical Workshop Lainnya
3080711001;Apray Painting And Drying Cabin
3080711002;Airless Spray Painting Unit
3080711999;Pemesinan: Painting Shop Lainnya
3080712001;Lifting Table
3080712002;Mobile Exhaust System
3080712003;Spray Painting Cabin
3080712999;Pemesinan: Ship Model Preparation Shop Lainnya
3080713001;Eart Tester
3080713002;Table Drilling Machine (Pemesinan: Electical Workshop)
3080713003;Electrical Handdrilling Machine
3080713004;Battery Operated Handdrilling Machine
3080713005;Rangeof Handstools
3080713999;Pemesinan: Electical Workshop Lainnya
3080714001;Wave Generator
3080714002;Hydraulic Power Units
3080714003;Cooling Tower
3080714004;Wave Absorber
3080714005;Wind Generator
3080714006;Wireless Control System For Ship Model
3080714007;Wireless Data Tranmission System
3080714008;Model Posistion Measuring Unit And Cadmes
3080714009;Interface
3080714010;Rail Carriage
3080714011;Rails
3080714012;Current Collector, Busbars
3080714999;MOB Lainnya
3080715001;Photo Equipment
3080715002;Darkroom Equipment
3080715003;Film Equipment
3080715004;Video Anf Vedeo Editing Equipment
3080715005;Lighting Equipment
3080715999;Photo And Film Equipment Lainnya
3080799999;Peralatan Laboratorium Hydrodinamica Lainnya
3080801001;Electrical Safety Analyzer
3080801002;Ventilator Tester
3080801003;Infus Device Analyzer
3080801004;Defibrillator And Pacer Analyzer / Tester
3080801005;Diathermy Analyzer
3080801006;Ultra Sound Wattmeter
3080801007;Ultrasounograph Phantom
3080801008;Kilo Volt Peak Meter
3080801009;Mili Ampere / Mili Ampere Second Meter
3080801010;Blood Pressure Calibrator
3080801011;Bio Pressure Meter
3080801012;Electrocardiograph Simulator
3080801013;Multi Parameter / Patient Simulator
3080801014;Ultra Violet / Visible Spectrometers Standards
3080801015;Anaesthetic Monitor / Analyzer
3080801016;Fluorosence Meter
3080801017;Full Function Meter
3080801018;Universal Biometer
3080801019;Oxygen Monitor
3080801020;Exposure Time Meter
3080801021;Photo Theraphy Radiometer
3080801022;Universal Isotester
3080801023;Syringe Pump Calibrator
3080801024;Parabolic Flow Adaptor
3080801025;U V Radiometer
3080801999;Alat Laboratorium Kalibrasi Electromedik Dan Biomedik Lainnya
3080802001;Electroparameter Calibrator
3080802002;AC/DC Volt & Current Amplifier
3080802003;Oscillascope Calibrator
3080802004;Signal / Frequency Generator
3080802005;Cell Standard
3080802006;Resistance Standard
3080802007;Milli Ohm Meter Test Standard
3080802008;DC / AC Standard
3080802009;Milli Ohm Meter
3080802010;Electro & Pneumatic Calibrator
3080802011;Sensitive Digital Volt Meter
3080802012;Programmable Automatic RCL Meter
3080802013;Logic Analyzer (Alat Laboratorium Standard Dan Kalibrator)
3080802014;Digital Trouble Shooter
3080802015;Board Analyzer & Diagnostic System
3080802016;Digital & Analog Oscilloscope
3080802017;Micro Weight Sets
3080802018;Sound Level Calibrator
3080802019;Digital Caliper
3080802020;Thermocouple Calibrator
3080802999;Alat Laboratorium Standard Dan Kalibrator Lainnya
3080803001;Lux Meter (Alat Laboratorium Cahaya, Optik Dan Akustik)
3080803002;Optical Power Meter
3080803003;Photo Meter
3080803004;Sound Level Meter (Alat Laboratorium Cahaya, Optik Dan Akustik)
3080803005;Fuction / Frequency Generator
3080803006;Frequency Counter (Alat Laboratorium Cahaya, Optik Dan Akustik)
3080803999;Alat Laboratorium Cahaya, Optik Dan Akustik Lainnya
3080804001;Multi Meter / AVO Meter
3080804002;Ampere Meter / Clamp Meter
3080804003;Tacho Meter
3080804004;Phase Detector
3080804005;Earth / Ground Tester
3080804006;Westone Bridge
3080804007;Cable Tester
3080804008;Insulation Tester (Alat Laboratorium Listrik Dan Mekanik)
3080804009;DC / AC Power Supply
3080804010;Mega Ohm / Giga Ohm Meter
3080804011;Electric Measuring
3080804012;Line Resistance Meter
3080804013;Pipe And Cable Locator
3080804014;Fault Finder
3080804015;Vibration Meter
3080804016;Multi Function Counter
3080804017;LCR Meter
3080804018;Wind Flow / Speed Meter
3080804019;Power Harmonic Meter
3080804020;Scope Meter
3080804999;Alat Laboratorium Listrik Dan Mekanik Lainnya
3080805001;Temperature Tester
3080805002;Temperature Recorder
3080805003;Milli Kelvin Thermometer
3080805004;Thermometer Simulator
3080805005;Thermometer Analog / Digital
3080805006;Thermocouple Switch Box
3080805007;Water Bath (Alat Laboratorium Tekanan Dan Suhu)
3080805008;Pressure Gauge (Alat Laboratorium Tekanan Dan Suhu)
3080805009;Pressure Calibrator
3080805999;Alat Laboratorium Tekanan Dan Suhu Lainnya
3080806001;Alat Uji Audit System
3080806002;COD Meter
3080806003;Precision Thermocople Calibration Standard
3080806004;Constant Temperatur Calibration Ice Bath
3080806005;Portable Calibrating Immersion
3080806006;Vice Grippe USA
3080806007;Rochet Draver Vesse
3080806008;Mosses OILML
3080806009;Mechanical Balance
3080806010;Tang Ampere
3080806011;Thermohygraph
3080806012;Electromotor
3080806013;Tranducer
3080806014;Amolifier Pengukuran
3080806015;X-Y Recorder (Alat Laboratorium Standarisasi Kalibrasi & Instrume
3080806016;Kontrol Elektronik
3080806017;Data Loger
3080806018;Magnetic Tape Recorder
3080806019;Digital Multimeter (Alat Lab. Standarisasi Kalibrasi & Instrumens
3080806020;Ossllographic Recorder
3080806021;Digital Indicator (Alat Lab. Standarisasi Kalibrasi & Instrumenst
3080806022;Deadweight Tester
3080806023;Risslangen Mess System Fractomat
3080806024;Temperatur Probe
3080806025;Paralel Control Network
3080806026;Kalibrator Induktif Tranducer
3080806027;Logic Analizer
3080806028;Kalibrator Strain Gauge
3080806029;Tachometer
3080806030;Valprobe
3080806999;Alat Laboratorium Standarisasi Kalibrasi & Instrumenstasi Lainnya
3080807001;Test Tower
3080807002;Hydro Statistic Melease Tester
3080807003;Salino Tester
3080807004;Current Signal Meter
3080807005;Tide Gauge
3080807006;Oxtant
3080807007;Tellumometer
3080807008;Choronometer
3080807009;echo Sounder Portable
3080807010;Altimeter (Alat Laboratorium Natius)
3080807011;Trisponder
3080807012;Bearing Compass
3080807013;Alat Baring
3080807014;Test Bar
3080807015;Navigation Tables Complete
3080807016;Drawing RD
3080807017;Satelitte Navigation
3080807018;Parralel Rules
3080807019;Pelorus
3080807020;Perum Tangan
3080807021;Topdal
3080807022;Viscocity Meter
3080807023;Batu Penitis Peta
3080807024;Ratham Plate
3080807999;Alat Laboratorium Natius Lainnya
3080808001;Transmitter And Receiver Tester
3080808002;Lux Metter
3080808003;Diode Light Tester
3080808004;Multi Channel Radio Tester
3080808005;Merge Test Instrument
3080808006;Frequence Meter Range
3080808007;Signal Generator (Alat Lab. Elektronika & Telekomunikasi Pelayara
3080808008;Deep Meter
3080808009;Oscipuscope
3080808010;Densimeter
3080808011;Standing Wave Ratio
3080808999;Alat Laboratorium Elektronika dan Telekomunikasi Pelayaran Lainny
3080809001;Chain Sterngth Test
3080809002;Light Intensity Tester
3080809003;Gas Leakage And Comsumtion Test
3080809004;Lantern Gast Test Set
3080809005;Concerate Test Instrument
3080809006;Laser Tester For Lenses
3080809007;Colobar Illumination Tester
3080809008;Test Bench For Optical Instrument
3080809009;Lens Focus Tester
3080809010;Hygrometer Tester
3080809011;Strength Material Tester
3080809012;Annealing Instrument
3080809013;Viscosity Test Set
3080809999;Alat Laboratorium Sarana Bantu Navigasi Pelayaran Lainnya
3080810001;Callibraion And Metrology
3080810002;Standard Resistors Set
3080810003;Rubudium Standard
3080810004;Standalone Hpip Interface Board
3080810005;Measurement Coprocessor Board Pc
3080810006;Type Approval Laboratorium
3080810007;Power Sensor
3080810008;Vibration Testing Controller
3080810009;Emi Receiver
3080810010;Pre Amp Field Meas
3080810011;RF Power Amp
3080810012;Positionong Controller
3080810013;Foot Pedal
3080810014;Abrasion Machine
3080810999;Alat Laboratorium Uji Perangkat Lainnya
3080899999;Alat Laboratorium Standarisasi Kalibrasi & Instrumentasi Lainnya
3090101001;Revolver
3090101002;Pistol
3090101003;Pistol Isyarat
3090101999;Senjata Genggam Lainnya
3090102001;Pistol Mitraliur (Sub Machine Gun)
3090102999;Senjata Pinggang Lainnya
3090103001;Senapan Grendel (Bolt Action Figle)
3090103002;Senapan Semi Otomatis
3090103003;Senapan Otomatis (Assault Rifle/Otomatic Rifle)
3090103004;Lever Action Rifle
3090103005;Slide Action Rifle
3090103006;Senapan Runduk
3090103999;Senjata Bahu/ Senjata Laras Panjang Lainnya
3090104001;Senapan Mesin Ringan (Automatic Rifle/Light Machine Gun)
3090104002;Senapan Mesin Sedang (Machine Gun)
3090104003;Senapan Mesin Berat (Heavy Machine Gun)
3090104004;Senapan Mesin Otomatis
3090104999;Senapan Mesin Lainnya
3090105001;Mortir Ringan
3090105002;Mortir Sedang
3090105003;Mortir Berat
3090105999;M O R T I R Lainnya
3090106001;Peluncur Roket (Anti Lapis Baja)
3090106002;Senjata Tangan Tekanan Balik (STTB)
3090106003;Anti Tank
3090106004;Pelontar Geranat (Anti Lapis Baja)
3090106005;Senjata Tanpa Tolak Balik (STTB)
3090106006;Senjata Lawan Balik (SLT)
3090106999;Anti Lapis Baja Lainnya
3090107001;Meriam (Artileri Medan ( Armed ))
3090107002;Howitzer (Artileri Medan ( Armed ))
3090107003;Peluncur Roket (Artileri Medan ( Armed ))
3090107004;Alat Peralatan Khusus (ALPALSUS) (Artileri Medan ( Armed ))
3090107999;Artileri Medan ( Armed ) Lainnya
3090108001;Meriam (Artileri Pertahanan Udara ( Arhanud ))
3090108002;Alat Peralatan Khusus (ALPALSUS) (Artileri Pertahanan Udara)
3090108999;Artileri Pertahanan Udara ( Arhanud ) Lainnya
3090109001;Canon
3090109002;Howitzer (Kavaleri)
3090109003;Peluncur Roket (Kavaleri)
3090109999;Kavaleri Lainnya
3090110001;Pistol Pelempar Tali
3090110002;Penyembur Api
3090110003;Pelontar Geranat (Senjata Lain - Lain)
3090110004;Senapan Gas
3090110005;Pistol Gas
3090110006;Shoot Gun
3090110007;Sten Gun
3090110008;Senapan Angin
3090110009;Smoke Gun
3090110010;Water Gun
3090110012;Dispencer
3090110014;Bomb Rack
3090110015;Light Twin
3090110017;M.E.R. A/A
3090110018;T.E.R A/A
3090110020;Peluncur
3090110021;Pelempar Bom Laut
3090110022;BMB II
3090110023;Peluncur Rudal
3090110024;Simulator
3090110025;Sub Kaliber
3090110026;Insert Barrel
3090110027;Teropong (Senjata Lain - Lain)
3090110028;Teropong Bidik Malam
3090110029;Night Vission Googles/Kaca Mata Malam
3090110030;Automatic Grenade Launcher
3090110031;Solution Gun
3090110032;Toolkit Senjata
3090110033;Pengarahan Sasaran
3090110034;Teropong Optonik
3090110035;Mesin Sasaran Tembak
3090110036;Ranjau AP
3090110037;Doorgun Post
3090110038;Pepper Gun/Electric Gun
3090110039;Teropong Sensor Panas
3090110040;Laser Senjata AFIAL
3090110041;Peredam Pistol
3090110042;Peredam senjata laras panjang
3090110999;Lain-Lain (Senjata Lain - Lain)
3090199999;Senjata Api Lainnya
3090201001;Alat Khusus Kepolisian
3090201002;Alat Khusus Bahari
3090201003;Alat Khusus Penerbangan
3090201004;Laser (Alat Keamanan)
3090201005;Alat Khusus Surta ( Survey Dan Pemetaan )
3090201006;Alat Khusus Meteorologi
3090201007;Alat Khusus SAR ( Search And Resque )
3090201008;Alat Khusus Optik
3090201009;Alat Khusus Payung Udara
3090201010;Alat Khusus Keamanan Lainnya
3090201011;Target Drone (Simulasi Pesawat Sasaran Tembak Udara)
3090201012;Alat Khusus Penindak Huru-hara
3090201013;Tali Sandang
3090201014;Alat Penyelam
3090201015;Rocket Impulse
3090201016;Exlpoder
3090201017;Piket Pagar Lapju
3090201018;Lin Freezing System
3090201019;Deamer
3090201020;Halogen Electric
3090201021;Under Vehicle Miror Set
3090201022;Comset Body Armour
3090201023;PD Vapour Detector
3090201024;Meider Set
3090201025;Rool Hormonika Baja
3090201026;Tanki Bensin OBM
3090201027;Unit Comunication System
3090201028;Lins Throwing Device
3090201029;Explosive Test
3090201030;Dinamo Exploder
3090201031;Breacker
3090201032;Piket Rambu Besi
3090201033;Ketam Listrik
3090201034;Pengusut dan Pemasang Ranjau
3090201035;Piket Besi
3090201036;Pita Ranjau
3090201037;Pita Rambu Blacu
3090201038;Demountor Dinamic
3090201039;Klem Kawat
3090201040;Katrol Mata Satu
3090201041;Impulse
3090201042;Explosive Blanket
3090201043;Save Quard
3090201044;Surface Contimination Monitor
3090201045;Standart Binocular
3090201046;Mesin Compression ASTM
3090201047;Concrete Cylinder Mold
3090201048;Concrete Cube Mold
3090201049;Diamond Bit Dio 4
3090201050;Copping Compount
3090201051;Gas Cromotograf Mas
3090201052;High Pressure Liquid Chromatograph Fourier Transform Infra Red
3090201053;Kit Analisa Kimia
3090201054;Water Testing Kit
3090201055;Geiger Muller Counter
3090201056;Souce Radioactive Container
3090201057;Alat Surveilance Telekomunikasi Mobile
3090201058;Alat Deteksi Paket Bom dan Bom Surat
3090201059;Jammer
3090201060;Alat Deteksi Keaslian Dokumen
3090201061;Alat Sadap Percakapan
3090201062;Alat Surveilance Penyelidikan
3090201063;Alat Deteksi Kejahatan Cyber
3090201064;Probe Stick
3090201065;Piket Pagar Lap Ranjau
3090201066;Tanda Ranjau Blacu
3090201067;Penusuk Ranjau Pendek
3090201068;Overal
3090201069;Helm Teknik
3090201070;Penusuk Ranjau Panjang
3090201071;Tanda Lapangan Ranjau
3090201072;Kawat Duri Baja
3090201073;Kawat Duri Lokal
3090201074;Rope Lighting
3090201075;General Evacuation Tool
3090201076;Baju Tahan Api
3090201077;Communication Set
3090201078;Walk Through Metal Detector
3090201079;PDS
3090201080;Jaring Samaran 3 x 4
3090201081;Jaring Samaran 4 x 6
3090201082;Stasioner Radio
3090201083;Alat Deteksi Frequensi Radio
3090201084;Pita Pengaman
3090201085;Ferex Detector
3090201086;Bomb Vehicle
3090201087;Kipas Penggerak Air
3090201088;Portable Real
3090201089;Search Light
3090201090;Tas Masker
3090201091;Burek Automatic
3090201092;Carcer
3090201093;Casualty Half Bag
3090201094;CBRN Suits
3090201095;Charger Blower P. Pelindung
3090201096;Corong Kaca
3090201097;DMC 2000 XB Reader Desimeter
3090201098;Drager CDS
3090201099;Fragma Reader
3090201100;Furmance Derajat Celcius
3090201101;Interface Cable
3090201102;Kaca Timbang
3090201103;NAVD
3090201104;Pancake Meter
3090201105;Peples Topeng Pelindung
3090201106;Veld Bed (Alat Keamanan)
3090201107;Tenda Pleton (Alat Keamanan)
3090201108;Secure Backbone
3090201999;Alat Keamanan Lainnya
3090202001;Celurit
3090202002;Keris
3090202003;Rencong
3090202004;Kelewang
3090202005;Golok
3090202006;Samurai
3090202007;Sangkur
3090202008;Pentung
3090202009;Bumerang
3090202010;Pisau Belati
3090202011;Tongkat Kejut
3090202013;Pisau Lempar
3090202014;Gunting Kawat
3090202015;Whell Borow
3090202016;Condensator
3090202017;Helmet
3090202018;Rocket Wrench
3090202019;Disruptor Cartridge
3090202020;Endoscope Set
3090202021;Kapak Lempar
3090202022;Drone Surveillance
3090202023;Cellular Signal Detector
3090202024;Optical Camera Detector
3090202025;Helm Anti Peluru
3090202026;Busur Silang (Crossbow)
3090202027;Kapak
3090202999;Non Senjata Api Lainnya
3090203001;EOD Shield
3090203002;Robot Vehicle
3090203003;Magnetic File Test
3090203004;Electronic Letter Bomb
3090203005;Vibre Optic Viewing
3090203006;Demolition Set
3090203007;Mine Detector Metal SA-40
3090203008;Road Barrier External
3090203009;Desktop X-Ray
3090203010;Cover Survensace CCTV System
3090203011;Explosive Detector
3090203012;Hunter Remote Control Robot
3090203013;Portable X-Ray dan Film
3090203014;Eod Switch And Helmet/Body
3090203015;Body Armour
3090203016;Special Tool/Anti Magnet
3090203017;Eod Toolkit + Generator
3090203018;Inspection Mirror
3090203019;Pigstic Distruptor
3090203020;Bomb Basket
3090203021;Unscruwing Puse/Roket
3090203022;Bomb Blanket/Selimut
3090203023;Eor Set Search Kit
3090203025;Trawing Anchor
3090203026;Diagnosa Robot Vehicle
3090203027;Portable Amature Detector
3090203028;Ran 3/4 Ton SUV
3090203029;Metal Detector
3090203030;Bomb Trailler
3090203031;Hook And Line Set
3090203032;Rapped Fused Opening
3090203033;Spooting Telescope
3090203034;Mountenering Rope Set
3090203035;Discruptor
3090203036;Hand Held Gama Scope
3090203037;Unsscruwing Fuse (Rocket Wrench)
3090203038;Special Purpose EOD Vehicle
3090203039;Radset
3090203040;Unit Alins Alsus
3090203041;Automatic Telephone Monitoring System
3090203042;Tanki Minyak
3090203043;Eod Robot
3090203044;Defuser
3090203045;Handling Remote Bomb
3090203046;Explosive Kit
3090203047;Personil Kit
3090203999;Alat Penjinak Bahan Peledak (ALJIHANDAK) Lainnya
3090204001;Topeng Pelindung
3090204002;Cadangan Filter
3090204003;Breathing Apparatus
3090204004;Hood
3090204005;Pakaian Pelindung
3090204006;Kit Dekontamination Perorangan
3090204007;Detektor Perorangan
3090204008;Pen Bedge Dosimeter
3090204009;Radiac/Dosimeter
3090204010;Pendosimeter
3090204011;Charging Unit Pendosimeter
3090204012;Source 5 Microcury
3090204013;Tang Penjepit
3090204014;Piring Hitung Taktis
3090204015;Sanlon Pola Penyebaran Nuklir, Biologi, dan Kimia
3090204016;Pen Bedge Fag Size 0-20 Mm, Leght Approx 150 Mm
3090204017;Kit Samping Biologis
3090204019;Loepe
3090204022;Alas Tempat Seksi
3090204023;Detektor Kimia
3090204024;Detektor Gas Kimia
3090204025;Water Testing Chemagent
3090204026;Tabung Detektor Kitagawa
3090204027;Tabung Gas Detektor
3090204028;Field Shower
3090204029;Collapsible Water Tank
3090204030;Training Emulsion
3090204031;Alins Traner NBS
3090204032;Removing Maerial
3090204033;Swing Fog SN 50
3090204034;Stainless Steel Sprayer
3090204035;Charge Battery Dry Fit
3090204036;Battery Dry Fit
3090204037;Set Slang Las and Spray
3090204038;Fire Gun
3090204039;Tabung Acetillen
3090204040;Derajat Celcius Termoline
3090204041;PenghitunG Bakteri
3090204042;NyCounter Digital Stuart
3090204043;Test Nitrit dan Besi
3090204044;Dissecting Set
3090204045;Container Field Work
3090204046;Baker Glass
3090204047;Biological Sampling Kit
3090204048;Bunsen Burner (Alat Nuklir, Biologi Dan Kimia)
3090204049;Coloni Counter
3090204050;Destilator (Alat Nuklir, Biologi Dan Kimia)
3090204051;Dissecting Board
3090204052;Erlenmeyer
3090204053;Haemocytemeter Improved Nebaver Pattern
3090204054;Heamometer
3090204055;Kotak Preparat
3090204056;Live Cell For 35 Mm Projector
3090204057;Live Cell For Projection Microscope
3090204058;Medical Dissecting Set
3090204059;Sedgewick Rafter
3090204060;Tubing For Blood Dilutting Pipet
3090204061;Ultra Violet Viewing Box and Lampu Ultraviolet
3090204062;Faces Field Fischer
3090204063;Masker 5000 Series Dual Catridge Respirator
3090204064;Alat Destilasi'
3090204065;Atomic Absortion Spectro Photometer
3090204070;Buret Biasa
3090204072;Calcium Chloride Tower
3090204073;Filter Funnel
3090204074;Gas Chormatography
3090204077;Infra Red Spectometer
3090204078;Krus Porcelain
3090204079;Liquid Chormatography
3090204080;Mortas and Fistle Porcelain
3090204081;Neraca Analitis
3090204082;Penjepit Krus
3090204083;Specifionografity Bottle As Justed
3090204084;Spectronic 20
3090204085;Statif and Clemp
3090204086;Tubidimeter Hach
3090204087;Ultrasonic Cleaner (Alat Nuklir, Biologi Dan Kimia)
3090204088;UV-VIS Spestrohotometer
3090204089;Vacuum Filter Flask
3090204090;Vacuum Microfilter Holder
3090204091;Viscosimeter (Alat Nuklir, Biologi Dan Kimia)
3090204092;Portable Tubidimeter
3090204093;Micro Filter All Glass Vacuum Filter Holder 47 Mm
3090204094;Set Nubika Perorangan
3090204095;Sepatu Pelindung
3090204096;Sarung Tangan Pelindung
3090204097;Tablet + Dilter Penjernih Air
3090204098;Set Detektor Nuklir
3090204099;Set Detektor Biologi
3090204100;Set Meteorologi Lapangan
3090204101;Ransus Deco Jeep
3090204102;Decon Trailler
3090204103;Mobil Unit Decon Trailler
3090204104;Mobil Unit Laboratorium Nubika
3090204105;Truck Alsus Nubika
3090204106;Film Dosimeter
3090204107;Alat Pemroses Film Desimeter
3090204108;Alat Pengisi Pen Dosimeter / Charger
3090204109;Ransel Breathing Aparatus
3090204110;Masker Breathing Aparatus
3090204111;Compressor Breathing Aparatus
3090204112;Tabung Breathing Aparatus
3090204113;Unit Pengisi Oksigen Tabung Aparatus
3090204114;Unit Alpal Lab. Lapangan Nuklir
3090204115;Unit Alpal Lab. Lapangan Biologi
3090204116;Unit Alpal Lab. Lapangan Kimia
3090204117;Set Lidik Meteo
3090204118;Set Lidik Nuklir
3090204119;Set Lidik Biologi
3090204120;Set Lidik Kimia
3090204121;Set Alpal PAP
3090204122;Set Bahan Dekontaminasi Nubika
3090204123;Unit Alins Latihan Nubika
3090204124;Set Kamar Gas
3090204125;Unit Alpal Bengkel Torsin
3090204126;Unit Alpal Bengkel Torsel
3090204127;Set Dapur Lapangan
3090204128;Las Acetiline
3090204999;Alat Nuklir, Biologi dan Kimia Lainnya
3090299999;Persenjataan Non Senjata Api Lainnya
3090301001;Sinyal (Senjata Sinar)
3090301999;Laser Lainnya
3090399999;Senjata Sinar Lainnya
3090401001;NCS (Network Control System)
3090401002;Satelit Base Station
3090401003;Intelegent Interconnect System
3090401004;HP Satelite
3090401005;Pusdalsis
3090401006;Fly Away VSAT
3090401007;GSP MAP 60 CSX
3090401008;Iradium Satelite Mobil Phone
3090401009;Iradium Satelite Fixed Phone
3090401999;Alat Khusus Kepolisian Lainnya
3090402001;Helmet With Neck Cover
3090402002;Gas Masker
3090402003;Canester
3090402004;Anti Riot Shiled/Tameng PHH
3090402005;Anti Riot Uniform/Rompi PHH
3090402006;Public Adress
3090402007;Tongkat POLRI
3090402008;Borgol
3090402009;Mobile Barrier
3090402010;Rompi dan Pelindung Kaki/Tangan
3090402011;Louncer
3090402012;Rifle Granade
3090402013;Air Teser
3090402014;Recharging System
3090402015;Tongkat Listrik
3090402016;Alat Kejut
3090402017;Reming Super - 7
3090402018;Super - 7
3090402019;Tongkat Panjang
3090402020;Tongkat Panjang Lecut
3090402021;Launcher TAC 700
3090402022;Adaptor PA-FA
3090402023;Scuba Tank
3090402024;Red Rounds
3090402025;Purple Rounds
3090402026;Green Rounds
3090402027;Paper Spray
3090402028;Tameng
3090402029;Helm Dalmas
3090402030;Alkom Dalmas
3090402031;Kamera Digital
3090402032;Flash Ball
3090402033;Tali Dalmas
3090402034;Multi Louncher
3090402035;Catching Net
3090402036;Anjing Pengendalian Massa (Peralatan Pengendalian)
3090402999;Alat Dalmas/alat Dakhura Lainnya
3090403001;Kacamata Pelindung
3090403002;Pakaian Khusus Wanteror
3090403003;NVG-10
3090403004;GPS
3090403005;Thermal Image Intensifier
3090403006;Mini Transmitter and Recivier
3090403007;Camoflage Paste
3090403008;Escape Belt
3090403009;Dehidrate
3090403010;Field Dressing Tape To Webbing
3090403011;Helm Tempur
3090403012;Rompi Anti Peluru
3090403013;Teropong Siang
3090403014;Mask Gogle
3090403015;Knee Protection
3090403016;Ilbow Protection
3090403017;Sarung Tangan Kulit
3090403018;Sebo Warna Hitam
3090403019;15 Passanger Van
3090403020;Terrano CommandVehicle
3090403021;Surefire951-Light
3090403022;Laser Range Finder
3090403023;Binoculars, Armored 7x35 (Rubber Coated) Blk or Gurn
3090403024;Spotting Scopes, 25x Power W/Mil Dot Reticle and Tripood
3090403025;Shaarpshooter Drag Bag, Blackhawk
3090403026;Clening Rods/Oil, Solvent, Brushesfor308 Cal
3090403027;Utility Brush
3090403028;Chamber Brushfor All Calibers
3090403029;Solvent, Copper
3090403030;Gun Scrub, Can
3090403031;Bore Solvent MC#7, Shooter'sChice Bottle
3090403032;Lubricant FP-10. Quick Scrub, Bottle
3090403033;Camo Compacts
3090403034;"Type ""A"" Sharpshooter""s Completti Data Book System"
3090403035;Mini-Mag Light and Batteries (Police3 Marks Man)
3090403036;Armalite Ar10T (308cal) W2x20rd. Mag's, bead blaster SS Barel
3090403037;Mounting Rings For Scope
3090403038;Harris Bi-pod
3090403039;Pelican Casses for AR10-T
3090403040;Rifle Slings, for AR10-T
3090403041;M4A1 Carbine, Plus 1 Magazine
3090403042;ARMS Flip-Up Sight
3090403043;M4A1 Rifle Slings
3090403044;M4A1, Extra Magazines
3090403045;Aimpoint (M4A1 Weapon Sights)
3090403046;Glock 17 (Live Fire)
3090403047;Remmington 870, Shotgun
3090403048;Londobridges, Radio Pouch
3090403049;Londobridges, Molle Vest
3090403050;Londobridges, Magazines Poch Adapted For Pistol
3090403051;Pouch Magazines Horizontal
3090403052;Pack.Buttmolle LBT 2282C
3090403053;Tactical Ballistic Plate Carier
3090403054;Ballistic Plates, Level III + Protektion
3090403055;Ballistic Ladder Sheild
3090403056;Handcuffs
3090403057;Flex Cuffs
3090403058;Tactical Breaching Backpack
3090403059;Gp 338 Radio, Charger Belt Clip, Antena
3090403060;NiMH High Cap Baterey
3090403061;Remote Speaker Mikropone
3090403062;TEA Tile II Headset, With PTT
3090403063;GM338 Mobil Radio, Select 5, UHF (450-527MHz)
3090403064;Wire Stripper/Cutter (Breacing)
3090403065;M-2 Crimper (Breacing)
3090403066;"Bolt Cutter 36"" (Breacing)"
3090403067;"Bolt Cutter 18"" (Breacing)"
3090403068;Hacksaw (Breacing)
3090403069;"Handsaw Wood, Rip, 26""-32"""
3090403070;"Qiicke saw - 14"""
3090403071;Exothermic Fourch Set
3090403072;Storage Container, Pastic 3'x2'x2'
3090403073;"Breacing Too; Pouch"
3090403074;EOD Pouch
3090403075;Internal Door Charge Satchels (Breacher's Satchels)
3090403076;Dual Shock Tube Initiator
3090403077;Singgle Shock tube Initiator
3090403078;Handy Blaster Electric Fiting Device
3090403079;Omni Single Strand (Cooper) Duplex 20gauge Firing Wire
3090403080;Gloves, Pair, Kevlar Heavy Duty, Work
3090403081;UV/A&Bprotective Eye Goggles
3090403082;Router (Porter-Cable Trimmer)
3090403083;Fireman's Axe
3090403084;Hammer (Claw)
3090403085;Ladder (One 12') Lighet Weight
3090403086;Spray Glue
3090403087;Nylon Cord (100')
3090403088;One Large Oxygen Bottle, Full, Complete W/Cart
3090403089;Stopwatches
3090403090;TEES Walblaster
3090403091;"Polythene Strips 1""x1/2""x8"""
3090403092;Thunderbolt Ram
3090403093;Strick On Tape
3090403094;Hearing N Listening
3090403095;Scure Foto Tranvia
3090403096;Write Blocking Device
3090403097;Intelgent Audio Kit
3090403098;Basic G 1.2 Bundle
3090403999;Alat Wanteror (Perlawanan Teror) Lainnya
3090404001;Explosive Tector 6VD-04
3090404002;Camera Jam Tangan
3090404003;Celluler Interceptor
3090404004;Digital Camera
3090404005;Digital Voice Rec S-1330
3090404006;Telepon Line Rec
3090404007;Digital Handycam VHSC
3090404008;Scan Mail Letter Bomb Detector
3090404009;Visiscope Remote Viewingsys Optic
3090404010;Searchkit Fiberscope Non Conductive
3090404011;Tustel Camera
3090404012;Pinhole Camera WA
3090404013;Pinhole Camera WD
3090404014;Camera Dasi
3090404015;Camera Rokok
3090404016;Long Range Receiver TV-201
3090404017;Reciever Audio/Video
3090404018;Throught Wall Listening Equipment
3090404019;Video Survallence and Ice Glass
3090404020;Penyadap Telepon
3090404021;Watch Camera Transmitter
3090404022;Taping Telephone
3090404023;Pocket Camera AF-230
3090404024;Snake Camera
3090404025;Pen Transmitter
3090404026;Button Camera
3090404027;Transmitter Reciever
3090404028;Cigarret Pac Camera
3090404029;Screw Head Camera
3090404030;Cellphone Video Camera
3090404031;Pen Camera
3090404032;Sun Glasses Camera
3090404033;Reciever System PRS 5000, 3000
3090404034;Bom Detector Rad-2
3090404035;Explosive and Contra Band Detector
3090404036;Anel Metal Detec Ajustable
3090404037;Celluler Blocker MTB
3090404038;Bug Allert
3090404039;Letter Bomb Wood, Black
3090404040;Interfiring
3090404041;Critical Spares For
3090404042;Optional Capabilities
3090404043;G 1.2. DF Verint
3090404044;Peralatan Lawful Interception
3090404045;Cellular Tactical Active & Passive Interception
3090404046;Signal Generator
3090404047;Frequency Counter
3090404048;Satellite Tactical Interception
3090404049;2D & 3D Sonar System
3090404050;Kontra Interception
3090404051;Maritime Patrol Aircraft (MPA) Device
3090404052;Kontra Surveillance
3090404053;Camera 3D Laser Scanner INAFIS
3090404054;X-Ray Vehicle Inspection System (VIS)
3090404055;Mobile Monitoring Centre Prevention
3090404056;Check Bagage X-Ray Scanner
3090404057;Explosive Vapor Detector (EVD)
3090404058;Mine Detector
3090404059;Weather Radar (Peralatan Deteksi Intel)
3090404060;Ground Proximity Warning System/Enhanced Ground Proximity Warnin
3090404061;Traffic Allert And Collision Avoidance System
3090404062;Automatic Identification System (AIS)/Vessel Tracking Monitoring
3090404063;Anjing Pendeteksi Barang Terlarang (Peralatan Deteksi)
3090404064;Anjing Pelacak Pencarian dan Penyelamatan (Peralatan Deteksi)
3090404999;Peralatan Deteksi Intel Lainnya
3090405001;Distometer
3090405002;Simulator Alat Klinik Mengemudi
3090405003;Emergency Hidroclinik Power
3090405004;Alat Ukur Kecepatan Ranmor
3090405005;Alat Ukur Timbangan Ranmor
3090405006;Alat Uji Kaca Gelap
3090405007;Alat Traffic Control and Monitoring
3090405008;Alat Pembuka Pintu/Kunci Mobil
3090405009;Photo Capture
3090405010;Digital Signature Pad
3090405011;Fingerprint Livescanner
3090405012;Barcode Reader
3090405013;ID Card Reader
3090405014;Contacless Card Reader E-KTP
3090405015;IP Phone
3090405999;Alsus Lantas Lainnya
3090406001;TKP Kit
3090406002;Police Line
3090406003;Vallon Defender 2000
3090406004;Handwriting Analysis Instrument HC 100
3090406005;Document Examiner Mic 940 Master
3090406006;Questioned Document Kit
3090406007;Portable Survilance System
3090406008;Video Camera Surveilance
3090406009;Linen Tester
3090406010;Money Scanner
3090406011;Komputer Phantombild
3090406012;Endoscope
3090406013;Tes Kit Narkoba
3090406014;GSM Tracknet System
3090406015;Universal Forensic Extraction Device (UFED)
3090406016;Electronic Facial Identification Detection (EFID)
3090406017;XRY Complete
3090406018;Mobile Phone Examiner Plus (MPE+)
3090406019;Encase Forensic dan Encase Portable
3090406020;Forensic Toolkit (FTK), Imager and Triage
3090406021;X-Ways Forensics
3090406022;12 Analyst Notebook
3090406023;Password Recovery Toolkit (PRTK) dan Portable Office Rainbow Tabl
3090406024;Stego Hunt
3090406999;Alsus Reserse Lainnya
3090407001;Bateray Handycam (Yang Bisa Diisi Ulang)
3090407002;Lampu Handycam + Bateray (Yang Bisa Diisi Ulang)
3090407003;Mesin Enlarger
3090407004;Bak Cuci Cetak
3090407005;Lemari Camera
3090407006;Payung Flash Lamp
3090407007;Background
3090407008;Bateray D70S (Yang Bisa Diisi Ulang)
3090407009;Bateray Pack Camera (Yang Bisa Diisi Ulang)
3090407010;Nomor BB TKP
3090407011;Roll Meter 10 m
3090407012;Zoom Lens
3090407013;Standard Lens
3090407014;Micro Lens
3090407015;Macro Lens
3090407016;Lemari Suhu
3090407017;Bak Pencuci Film
3090407018;Tempat Slide
3090407019;Wide Angle Lens
3090407020;Blitz Yashica Pro 100
3090407021;Enlarger Reproduksi
3090407022;Layar Proyektor
3090407023;Blitz Popular
3090407024;Alat Pengering Foto
3090407025;Ukuran Cahaya
3090407026;Blower Brush
3090407027;Blitz Mamiya
3090407028;Roll Holder
3090407029;Enlarger Lucky
3090407030;Tripot Background
3090407031;Background / Kertas Background
3090407032;Reprovit
3090407033;Processing Film
3090407034;Negative Film Driyer Cabinet
3090407035;Finger Print Camera
3090407999;Alsus Fotografi Kepolisian Lainnya
3090408001;Stamping Kit
3090408002;Professional Fp. Magnifier / Loop
3090408003;Forensic Light Source
3090408004;Fp. Ink Roller
3090408005;Pocket Size Magnifying Lens/Ps.600
3090408006;Portable Ultra Violet Rays Lamp
3090408007;Type Electric Iodine Fumer Kit/Ps.46
3090408008;Steel Classifying Table/Ps.148
3090408009;Wide Magnetic & Duster/Ps.113
3090408010;Laboratory Type Fuming Cabinet
3090408011;Evidence Camera
3090408012;Fingerprint Magnifier/Henry Disk
3090408013;Traffic Identification Kit/Ps.511
3090408014;Fingerprint Sprayer Gun Kit/Ps.135
3090408015;Anti Petrefacton Mask
3090408016;Regular Magnetic Latent Print Kit
3090408017;Retrac Table Maxi Latent Print Brush
3090408018;Comparator Cat PC-28
3090408019;Latent Print Spesialis Kit Cat-303
3090408020;Iodine Print Eshenter Cat-Dca 1-6
3090408021;Bulgary Squad Kit/Ps.117
3090408022;Latent Print Kit Cat LP 304
3090408023;Ransel Kit
3090408024;Profesional Fingerprint Magnifer/Loop
3090408025;Compact Folding Fp. Kit/CFP 600
3090408026;Wide Magnetic Brush
3090408027;Fp Field Kit
3090408028;Magnetic Latent Print Kit
3090408029;Poly View
3090408030;Polylight
3090408031;Laser Print Finger Detector
3090408032;Finger Print Laboratories
3090408033;AC Purpose Fuming Cabinet
3090408034;Forensik Optical Comperator
3090408035;Patroid Compositor
3090408036;FP Development Station
3090408999;Alsus Daktiloskopi Lainnya
3090409001;Gas Cromatography (GC)
3090409002;Ion Cromatography
3090409003;FTIR
3090409004;UV-VIS Spectrometer
3090409005;GC MS
3090409006;GC-IRD MS
3090409007;Elementer Analizer
3090409008;Emit Solaris
3090409009;Vioce Analizer
3090409010;Universal Testing
3090409011;DNA Analizer
3090409012;UV-VIS Scanning Spectrometer
3090409013;Solaris Automatic Analyser
3090409014;Microdigest
3090409015;Video Spectral Comparator (VSC)
3090409016;Lab X-300
3090409017;Ion Scan
3090409018;Sabre 2000
3090409019;Gas Detector
3090409020;Lie Detector
3090409021;ESDA
3090409022;Gas Emission Analyser
3090409023;Explosive Vapour Detector
3090409024;Gas Detection Instruments Hand Held Detectors
3090409025;Gas Combustible Detector
3090409026;Flas Point Tester
3090409027;Radiation Checker
3090409028;Ultraviolet Box
3090409029;Bank Note Checker
3090409030;Hand Held Gas Detection Instruments
3090409031;Auto Flash Point Apparatus
3090409032;Melting Point Apparatus
3090409033;Ph Meter Bench
3090409034;Ph Meter Corning Delta
3090409035;Tinto Meter
3090409036;Emission Analyzer
3090409037;Computing Noise Doosimeter
3090409038;Organic Gas Sampling Kit (SKC)
3090409039;Laminar Air Low
3090409040;Digital Multimeter (Fluke 97)
3090409041;The Russel Comparator
3090409042;Fofessional Trimmer
3090409043;Flow Meter Water
3090409044;Flow Meter Gas
3090409045;Mettler AT 201 Analytical Balance
3090409046;Density Balance For Liquids
3090409047;Viscometer Portable
3090409048;Micrometer and Capiler
3090409049;PH Meter Digital Portable
3090409050;Conductivity Meter Portable
3090409051;Conductivity Meter Bench
3090409052;Thermometer Digital Portable
3090409053;Kinetic Viscosity Bath
3090409054;Multi Role Metal Detection Equipment
3090409055;Light Meter
3090409056;Dissolved Oxygen Meter Portable
3090409057;Determination of Vapour Pressure
3090409058;Determination of Freezing Poin
3090409059;Clorine and Sulphur Determination
3090409060;Determination of Hydrocarbon Types
3090409061;Determination of Insolube Matters
3090409062;Determination of Free Acidic
3090409063;Determination of Smoke Point
3090409064;Detection of Copper Corrosion
3090409065;Determination of Coud and Pour Point
3090409066;Digital Hygrometer/Thermometer
3090409067;Ultrasonic Thickness Gauge
3090409068;Friction Tester
3090409069;Coat Thickness Measurement
3090409070;Questioned Document Plate Set
3090409071;Scopemen
3090409072;Mikroskop Metalogri
3090409073;Comparison Microscope
3090409074;Trinoc Microscope Fluorescence
3090409075;Through Light Box
3090409076;Illuminated Magnifier
3090409077;Refractometer Abbe Mark II Plus
3090409078;Thermal Analysis System
3090409079;Fisher Micromaster
3090409080;X-Ray Fluorences Spectrometry (XRF)
3090409081;X-Ray Diffractometry (XRD)
3090409082;Leica Vector IV
3090409083;Draeger Multi Gas Detector
3090409084;Furnace Neytech
3090409085;X-Met 3000 TX & Portable X-Ray
3090409086;Hot Plate With Stirrer
3090409087;Micro Distilation Oven
3090409088;Reprostar
3090409089;Magnifier
3090409090;Resin Coated Paper Dryer
3090409091;Vortex Genie
3090409092;Refrigerator Laboratory Spark Free
3090409093;Lab Start Up Plus Chemicals
3090409094;High Speed Centrifuge
3090409095;Microcentaur
3090409096;Eppendort Thermomixer
3090409097;Russel Comparator
3090409098;Stavol
3090409099;Exploranium Gamma Neutron Ray Spectrometer
3090409100;Exploranium Radiation Detection Pager Unit
3090409101;Electrik Executive
3090409102;Fisher Oven
3090409103;Automatic Titrator For TBN Determination
3090409104;Pensky Marten Closed Up Flash Point
3090409105;Polaroghapy/Voltammetry
3090409106;Fisher Refrigerator Circulator
3090409107;Personal Dust Sampler
3090409108;Mistral 6000 Refrigerated Centrifuge
3090409109;Heating Mantle With Stirrer
3090409110;Vortex Genie Mixer
3090409111;Shooting Box Normal
3090409112;Autoclave, Omega Sterilising System
3090409113;Horizontal Agarore Electrophoresis
3090409114;Isco Automatic Waste Water Sampler
3090409115;Genarator
3090409116;Digital Flow Detector
3090409117;Adhesion Tester
3090409118;Eppendorf Thermonis
3090409119;Ultrasonic Bath
3090409120;Copy Stand and Lights
3090409121;Quarterly Gradient Semi Preparative
3090409122;DNA System on Forensic
3090409123;Automatic Cleveland Open Cup Flash
3090409124;Baths Ultrasonic
3090409125;Arson Collection Tool Kit
3090409126;Chest Freezer
3090409127;Hot Box Oven
3090409128;Colour Film Processing Mini Lab
3090409129;Auto Slide Projector
3090409130;Combustible Gas Detector
3090409131;CSL Computerized Snech Workstation
3090409132;Drugs Standards
3090409133;Velocity Measuring Device
3090409134;Photographic Enlarger With Colour Analyzer
3090409135;Set of Studio Lights
3090409136;Mettler Delta 320
3090409137;Colour Film Processing System
3090409138;Cod Apparatus
3090409139;Bod Apparatus
3090409140;Aerosol Monitoring System
3090409141;Oven (Instrumen Analisis Laboratorium Forensik)
3090409142;Sem (X-Ray Scanning Electron Microscope)
3090409143;Viscosimeter Bath
3090409144;Cooper Coration
3090409145;Flas/Fire Point Test
3090409146;Cloud Point
3090409147;Autoflash
3090409148;Pour Point
3090409149;Smoke Point Lamp
3090409150;Water Destilation System
3090409151;Amino Acid Tetration
3090409152;Termo Mixer
3090409153;Bolling Bath
3090409154;Mofile Furnace
3090409155;Oil Distolation System
3090409156;Stirer Methrom
3090409157;Autimatic Refractometer
3090409158;UV-Cabinet (Alat Khusus Kepolisian)
3090409159;Nano Pure
3090409160;Micro Centrifuge
3090409161;Volta Meter
3090409162;Automatic Water Sampler
3090409163;Flash Shaker
3090409164;Magnetic Stirrer Hot Plate
3090409165;Portable Combo Media Player
3090409166;Genescane
3090409167;Syntesizer
3090409168;Autotransformer
3090409169;Portable Infra Red Viewer
3090409170;Field Emission
3090409171;Profile Projector
3090409172;Mesin Uji Tarik
3090409173;Alat Re-etching
3090409174;Mesin Mounting
3090409175;Microskop (Instrumen Analisis Laboratorium Forensik)
3090409176;Peralatan Disaster Victim Identification (DVI) Polri
3090409177;Peralatan Deteksi Kimia, Biologi, Radioaktif dan Nuklir (KBRN)
3090409178;Peralatan Digital IT Forensik
3090409179;Audio dan Video Forensik
3090409180;Peralatan Laboratorium Litbangyasa Untuk Pengujian dan Sertifikas
3090409181;Spectrum Analyzer
3090409182;Frequency Counter
3090409183;Direction Finder
3090409184;Signal Generator
3090409185;Bit Error Test
3090409999;Instrumen Analisis Lab Forensik Lainnya
3090499001;Anjing Pelacak (K-9) Kepolisian
3090499002;Kuda (Turangga) Kepolisian
3090499999;Alat Khusus Kepolisian Lainnya
3100101001;Mainframe (Komputer Jaringan)
3100101002;Mini Komputer
3100101003;Local Area Network (LAN)
3100101004;Internet
3100101005;Komputer Wedis
3100101006;Komputer Synergie
3100101007;PC Workstation
3100101999;Komputer Jaringan Lainnya
3100102001;P.C Unit
3100102002;Lap Top
3100102003;Note Book
3100102004;Palm Top
3100102005;Code Breaker Super Komputer
3100102006;Thinclient
3100102007;Net Book
3100102008;Ultra Mobile P.C.
3100102009;Tablet PC
3100102010;Ipod
3100102011;Multi monitor Display
3100102999;Personal Komputer Lainnya
3100199999;Komputer Unit Lainnya
3100201001;Card Reader (Peralatan Mainframe)
3100201002;Magnetic Tape Unit (Peralatan Mainframe)
3100201003;Floppy Disk Unit (Peralatan Mainframe)
3100201004;Storage Modul Disk (Peralatan Mainframe)
3100201005;Console Unit (Peralatan Mainframe)
3100201006;CPU (Peralatan Mainframe)
3100201007;Disk Pack (Peralatan Mainframe)
3100201008;Hard Copy Console
3100201009;Serial Printer
3100201010;Line Printer
3100201011;Plotter (Peralatan Mainframe)
3100201012;Hard Disk
3100201013;Keyboard (Peralatan Mainframe)
3100201014;Steamer
3100201015;Data Patch Panel
3100201016;Paper Tape Reader
3100201017;Panaboard
3100201999;Peralatan Mainframe Lainnya
3100202001;Card Reader (Peralatan Mini Komputer)
3100202002;Magnetic Tape Unit (Peralatan Mini Komputer)
3100202003;Floppy Disk Unit (Peralatan Mini Komputer)
3100202004;Storage Modul Disk (Peralatan Mini Komputer)
3100202005;Console Unit (Peralatan Mini Komputer)
3100202006;CPU (Peralatan Mini Komputer)
3100202007;Disk Pack (Peralatan Mini Komputer)
3100202009;Plotter (Peralatan Mini Komputer)
3100202010;Scanner (Peralatan Mini Komputer)
3100202011;Computer Compatible
3100202012;Viewer (Peralatan Mini Komputer)
3100202013;Digitizer (Peralatan Mini Komputer)
3100202014;Keyboard (Peralatan Mini Komputer)
3100202015;Auto Switch/Data Switch
3100202016;Cut Sheet Feeder
3100202017;Speaker Komputer
3100202999;Peralatan Mini Komputer Lainnya
3100203001;CPU (Peralatan Personal Komputer)
3100203002;Monitor
3100203003;Printer (Peralatan Personal Komputer)
3100203004;Scanner (Peralatan Personal Komputer)
3100203005;Plotter (Peralatan Personal Komputer)
3100203006;Viewer (Peralatan Personal Komputer)
3100203007;External
3100203008;Digitizer (Peralatan Personal Komputer)
3100203009;Keyboard (Peralatan Personal Komputer)
3100203010;CD Writter
3100203011;DVD Writer
3100203012;Firewire Card
3100203013;Capture Card
3100203014;LAN Card
3100203015;External CD/ DVD Drive (ROM)
3100203016;External Floppy Disk Drive
3100203017;External/ Portable Hardisk
3100203018;ICE Board (Interactive Collaborative Electronic Board
3100203019;Monitor holder
3100203020;Scanner Barcode
3100203999;Peralatan Personal Komputer Lainnya
3100204001;Server
3100204002;Router
3100204003;Hub
3100204004;Modem
3100204005;Netware Interface External
3100204006;Repeater and Transciever
3100204007;Head Copy Terminal
3100204008;rack Modem
3100204009;Card Punch
3100204010;Head Copy Printer
3100204011;Character Terminal
3100204012;Graphic Terminal
3100204013;Terminal
3100204014;Rak Server
3100204015;Firewall
3100204016;Switch Rak
3100204017;Wanscaller
3100204018;E-Mail Security
3100204019;Client Clearing House
3100204020;CAT 6 Cable
3100204021;Kabel UTP
3100204022;Wireless PCI Card
3100204023;Wireless Access Point
3100204024;Switch
3100204025;Hubbel UTP
3100204026;Acces Point
3100204027;Rackmount
3100204028;KVM Keyboard Video Monitor
3100204029;Mobile Modem GSM/ CDMA
3100204030;Network Cable Tester
3100204031;Jaringan Satpas
3100204032;NComputing
3100204033;Ethernet Converter
3100204034;Optical Termination Box
3100204035;Modul Untuk Penambahan di Core Switch
3100204036;OTB
3100204037;Network Attach Storage (NAS)
3100204038;Wireless IP Camera
3100204039;CCTV Camera, 12v
3100204040;Spliter HDMI
3100204041;HCI (Hyperconverged infrastructure)
3100204042;VGA
3100204043;Video Converter
3100204044;Converter HDMI
3100204999;Peralatan Jaringan Lainnya
3100299001;Laptop Case
3100299002;Pelican Box Pengaman Notebook
3100299999;Peralatan Komputer Lainnya
3110101001;Teropong (Optik)
3110101002;Comperator
3110101003;Mineral Light 15
3110101999;Optik Lainnya
3110102001;Planimeter (Ukur/instrument)
3110102002;Pesawat Bih
3110102003;Current Meter (Ukur/instrument)
3110102004;Pyrometer (Ukur/instrument)
3110102005;Barografh
3110102006;Water Level Indicator
3110102007;Step Counter (Ukur/instrument)
3110102008;Hermo Hydrograph
3110102009;Range Finder (Ukur/instrument)
3110102010;Synchono Meter
3110102011;Stereo Elevation
3110102012;Fieldmeter
3110102013;Combination Parameter
3110102014;Pieso Meter
3110102015;Telurometer
3110102016;Distance Meter Electronic
3110102017;Penetrometer (Ukur/instrument)
3110102018;Vertical Spectrometer
3110102019;Roulof
3110102020;Chronograf
3110102021;Mounting Kamera
3110102999;Ukur/Instrument Lainnya
3110199999;Alat Eksplorasi Topografi Lainnya
3110201001;Faller Horizontal
3110201002;Precission Sample
3110201003;Side Scan Sonar
3110201004;Step Counter (Mekanik)
3110201005;Converter
3110201006;Portable CDP Cable
3110201007;Enconder Model Eng-200
3110201008;Ratalong Ris 1007
3110201009;Decoder/DE 200
3110201010;EFC Graphic Recorder
3110201011;Polirization And Possitivity
3110201012;Density Grahet Saunce Cobat
3110201013;Neutron Succe Aniricium Brium 100 Milicuric
3110201999;Mekanik Lainnya (Alat Eksplorasi Mekanik)
3110202001;Iso Dinamic
3110202002;Seismometer
3110202003;Gravimeter
3110202004;Pesawat Geolistrik
3110202005;Pesawat Penampang Logging
3110202006;Pesawat Radio Meter
3110202007;Pesawat Potensial Instrument
3110202008;Vertical Sketsmaster
3110202009;Deferentialthermal
3110202010;Turam
3110202011;Shallow Seismic
3110202012;Resistensivity Meter
3110202013;Electric Log
3110202014;Ultrasonic Tester
3110202015;Geiger Counter
3110202016;Continuous Seismic
3110202017;Sis System
3110202018;Transducer
3110202019;Metorolla Mini
3110202020;Perekam Seismik
3110202021;Echosounder
3110202022;Transponder
3110202023;Hard Copy Printer Mini Ranger
3110202024;Air Gun
3110202025;Graphic Recorder
3110202026;Krohn-Hits Variable Band Pass
3110202027;Time Variated Gain Amplifier
3110202028;Swell Filter
3110202029;Tape Reply Unit
3110202030;Record Annotator
3110202031;Staching Unit
3110202032;Navigasi Via Satelite (Magnavox)
3110202033;Air Compressor (Alat Eksplorasi Geofisika Elektronik/electric)
3110202034;TSS
3110202035;Senour
3110202036;Capasitor Bank
3110202037;Unbon Sound Sours
3110202038;Spark Array
3110202039;Ukur/Instumen
3110202040;Electronic/Electric
3110202041;IP Unit
3110202042;Satelit Mikro
3110202999;Elektronik/Electric Lainnya
3110203001;Alat Pengambilan Contoh Dasar Laut Piston Corner
3110203002;Gravity Corer
3110203003;Free Fall Corer
3110203004;Grab Sampler
3110203005;Box Corer
3110203006;PH Leger Corer
3110203999;Manual Lainnya
3110299999;Alat Eksplorasi Geofisika Lainnya
3120101001;Bor Mesin Tumbuk Pakai Kabel
3120101002;Bor Mesin Tumbuk Pakai Setang Bor
3120101003;Bor Mesin Tumbuk Kombinasi 01 & 02
3120101999;Bor Mesin Tumbuk Lainnya
3120102001;Rotary Table (Bor Mesin Putar)
3120102002;Spindle
3120102003;Kombinasi 01 & 02
3120102004;Top Drive
3120102005;Wikie Drill
3120102999;Bor Mesin Putar Lainnya
3120199999;Alat Pengeboran Mesin Lainnya
3120201001;Bangka
3120201999;Bangka Lainnya
3120202001;Pantek
3120202002;Sondir
3120202999;Pantek Lainnya
3120203001;Putar
3120203002;Band Hidrolik
3120203999;Putar Lainnya
3120204001;Drawwork
3120204002;Drill Pipe
3120204003;Drill Cillar
3120204004;Kelly
3120204005;Cemeting Unit
3120204006;Rotary Table (Peralatan Bantu)
3120204007;Tubing Slip
3120204008;Tubing Spinder
3120204009;Alat Pancing
3120204010;Swivel
3120204011;Mud Tank
3120204999;Peralatan Bantu Lainnya
3120299999;Alat Pengeboran Non Mesin Lainnya
3130101001;Alat Perawat Sumur
3130101002;Amerada Test
3130101003;Sonolog
3130101004;Performing Unit
3130101005;Logging Unit
3130101006;Sand Pump
3130101999;Peralatan Sumur Minyak Lainnya
3130102001;Sumur Pemboran Panas Bumi
3130102002;Sumur Pemboran Gas
3130102003;Sumur Pemboran Air
3130102999;Sumur Pemboran Lainnya
3130199999;Sumur Lainnya
3130201001;Stang Bor
3130201999;R I G Lainnya
3130299001;Alat Pencetak Genteng
3130299999;Produksi Lainnya
3130301001;Kapasitas Kecil (Alat Pengolahan Minyak)
3130301002;Kapasitas Sedang (Alat Pengolahan Minyak)
3130301003;Kapasitas Besar (Alat Pengolahan Minyak)
3130301004;Calon Evaporator
3130301005;Condensor (Alat Pengolahan Minyak)
3130301006;Cooler (Alat Pengolahan Minyak)
3130301007;Pompa Proso
3130301008;Turbine
3130301009;Air Dryer
3130301010;Boiler
3130301999;Alat Pengolahan Minyak Lainnya
3130302001;Kapasitas Kecil (Alat Pengolahan Air)
3130302002;Kapasitas Sedang (Alat Pengolahan Air)
3130302003;Kapasitas Besar (Alat Pengolahan Air)
3130302999;Alat Pengolahan Air Lainnya
3130303001;Kapasitas Kecil (Alat Pengolahan Steam)
3130303002;Kapasitas Sedang (Alat Pengolahan Steam)
3130303003;Kapasitas Besar (Alat Pengolahan Steam)
3130303999;Alat Pengolahan Steam Lainnya
3130304001;Kapasitas Kecil (Alat Pengolahan Wax)
3130304002;Kapasitas Sedang (Alat Pengolahan Wax)
3130304003;Kapasitas Besar (Alat Pengolahan Wax)
3130304999;Alat Pengolahan Wax Lainnya
3130399999;Pengolahan Dan Pemurnian Lainnya
3130401001;Flowline
3130401002;Manifold
3130401003;Separation
3130401004;Gas Compression
3130401005;Crude Handling
3130401006;Condensate Handling
3130401007;Dehydration Unit
3130401008;Acid Gas Removal Unit
3130401009;Acid Gas Convertion Unit
3130401010;Liquefaction
3130401011;Produced Water Treatment
3130401012;Water Injection
3130401013;Chemical Injection
3130401014;Export System
3130401015;Venting And Flaring
3130401016;Allocation Meter
3130401017;Drain
3130401018;Pipeline
3130401019;Gas Dew Point System
3130401020;Service/Cooling System
3130401999;Other Main Processing Facilities
3130402001;Power Generation
3130402002;Power Distribution
3130402003;Waste Water Treatment
3130402004;Fuel Gas
3130402005;Instrument Air
3130402006;Instrument Gas
3130402007;Hydraulic System
3130402008;Steam Generation
3130402009;Hot Oil
3130402010;Waste Heat Boiler
3130402999;Other Utilities Facilities
3130403001;Platform
3130403002;Floating Storage Offloading (FSO)
3130403003;Floating Production Storage Offloading (FPSO)
3130403004;Mooring
3130403005;Oil Spill
3130403006;Umbilical
3130403007;Heating Ventilation Air Conditioning
3130403008;Fire Fighting System
3130403009;Water System
3130403010;Telecomunication System
3130403011;Fire And Gas Detection Tools
3130403012;Vibration Detection Tools
3130403013;Emergency Shutdown (ESD) System
3130403014;Floating Production Unit (FPU)
3130403999;Other Supporting Facilities
3130501001;Production Well
3130501002;Pump System Production Well
3130501003;Power Generation System Production Well
3130501004;Other Production Well Equipment
3130502001;Service Well
3130502002;Pump System Service Well
3130502003;Power Generation System Service Well
3130502004;Other Service Well Equipment
3130599001;Other-Type Well
3130599002;Pump System Other Well
3130599003;Power Generation System Other Well
3130599004;Other-Type Well Equipment
3140101001;Blow Out Presentor (Alat Bantu Eksplorasi Mekanik)
3140101002;Fishing
3140101999;Mekanik Lainnya (Alat Bantu Eksplorasi Mekanik)
3140102001;Mud Unit
3140102002;Comenting Unit
3140102003;Blow Out Presentor (Alat Bantu Eksplorasi Elektric)
3140102004;Mixer Oil
3140102999;Elektric Lainnya
3140199999;Alat Bantu Eksplorasi Lainnya
3140201001;Woll Servise/Woll Pulling Unit
3140201002;Aciditzing
3140201999;Perawatan Sumur Lainnya
3140202001;Perforating Unit
3140202002;Bottom Holesimpler
3140202003;Coring Unit
3140202999;Test Unit lainnya
3140299999;Alat Bantu Produksi Lainnya
3150101001;Radiasi Panas
3150101002;Radiasi Radioaktif
3150101003;Radiasi Medan Magnit
3150101999;Radiasi Lainnya
3150102001;Penutup Telinga
3150102999;Suara Lainnya
3150199999;Alat Deteksi Lainnya
3150201001;Baju Anti Panas
3150201002;Baju Anti Radiasi
3150201003;Wearpack
3150201004;Antigravity Suit (Anti-G Suit)
3150201999;Baju Pengaman Lainnya
3150202001;Masker Gas
3150202002;Masker Debu
3150202003;Masker Cahaya
3150202999;Masker Lainnya
3150203001;Tambang Dalam
3150203002;Tambang Terbuka
3150203003;Sipil
3150203004;Helmet
3150203999;Topi Kerja Lainnya
3150204001;Duduk
3150204002;Memanjat
3150204999;Sabuk Pengaman Lainnya
3150205001;Sepatu Lumpur
3150205002;Sepatu Tahan Tekanan
3150205003;Sepatu Anti Arus Listrik
3150205004;Sepatu Anti Licin
3150205005;Sepatu Boot
3150205999;Sepatu Lapangan Lainnya
3150299999;Alat Pelindung Lainnya
3150301001;Rescue Seat/Winch
3150301002;Rescue Jaring?harnes
3150301003;Parachute Barang
3150301004;Life Jacket
3150301005;Lifebuoy
3150301006;Inflatable Life Craft
3150301007;Sea Resque Kit
3150301008;Tree escape
3150301009;Chemical Light
3150301010;Nylon Rope
3150301011;Braiden Nylon Rope
3150301012;Carabiner Besar
3150301013;Bright Descender
3150301014;Carabiner Kecil
3150301015;Ranger Boots
3150301016;Carument Kuret
3150301017;Granulum Tang
3150301018;Pinset Bayonet (Alat Penolong)
3150301019;Cilojet Bayer
3150301020;Back Pack/Ransel
3150301021;Tandu
3150301999;Alat Penolong Lainnya
3150302001;Survival Pack
3150302002;Survival Kit
3150302003;Survival Pack Kit
3150302004;Sleeping Bag
3150302005;Tenda
3150302006;Fire Starter
3150302007;Alat Pendaki/Mountainering
3150302008;Emersion Suit
3150302009;Topi Pengaman
3150302010;Aqua Note
3150302011;Scuba
3150302012;Tenda Pleton (Alat Pendukung Pencarian)
3150302013;Tenda Sangga
3150302014;Tenda Pelampang
3150302015;Marine Detection
3150302016;Peralatan Outbond
3150302017;Thermal Imaging Camera
3150302018;Peralatan Life Detector
3150302019;Sarung Tangan
3150302020;Aitor
3150302999;Alat Pendukung Pencarian Lainnya
3150303001;Alat Selam Seet
3150303002;Wet Suit
3150303003;Mesh Bag
3150303004;Fins
3150303005;Snorkel
3150303006;Regulator
3150303007;Dept Pressure Gauge
3150303008;Masker
3150303009;Regulator Gauge
3150303010;Navy Knife
3150303011;Dive Boots
3150303012;Dive Cloves
3150303013;Under Water Light
3150303014;Deather Cloves
3150303015;Aqualung
3150303016;Compass Under Water
3150303017;Compressor Udara
3150303018;Typical Total Air DI Vebduration Table
3150303019;Portable Dept. Air
3150303020;Scuba Watch
3150303021;Alat Las Bawah Air
3150303022;Residual Nitrogen Tmes Slide Role
3150303023;ALAT KERJA BAWAH AIR
3150303024;Sabuk Pemberat (IST)
3150303025;Kapal 27 Kaki Boston Whaler 2004
3150303026;Tabung Udara dg K Valve (Luxfer AL 80 cft)
3150303027;Tabung Udara Tangki Cadangan (Bail Out) K Valve
3150303028;Pemberat Satu Kilo
3150303029;Fingerprint Kits
3150303030;Evidence Kits
3150303031;Pelampung Pribadi (PFD)
3150303032;PFD Kecil
3150303033;OHP 3 M
3150303034;IPOD 80 GB
3150303035;Back Pack and Miller Harnes U/Tabung Udara
3150303036;Tas, Peralatan (Oceanic)
3150303037;Sabuk Pengikat, Tabung Cadangan Kecil,/Bail Out (Scuba Pro Knight
3150303038;Alas, Tabung Udara Tangki 80 cft
3150303039;Burs Discs
3150303040;Kamera/Video dengan tempatnya U/ Bawah Air (Sea & Sea)
3150303041;Tas untuk Kamera Bawah Air
3150303042;Tas Laptop, Kedap Air Untuk Membawa Laptop
3150303043;Clip, Selang & Octopus
3150303044;Overhaul Compresor
3150303045;Komputer Selam ditempatkan pada Pergelangan Tangan
3150303046;Console dg SPG, Penunjuk Kedalaman dan Kompas dengan HP Hose
3150303047;Kateplak/Overall (dari Lokal)
3150303048;Skuter Penyelam (Sea Doo)
3150303049;Buku Catatan Penyelam, Dijilid dengan Entry untuk Minimum 50
3150303050;"Baju Dalam Dry Suite, Loong ""T"" dan Jhon (Whites MK 1)"
3150303051;Penutup Debu Untuk Regulator First Stage
3150303052;Tube Sinyal Darurat
3150303053;Bantal Filter, Cadangan untuk Kompresor Bauner
3150303054;Filter, Carbon 500 gr untuk Kompresor Bauner
3150303055;Sabuk Pengikat & Kepala untuk Sepatu Katak, Tusa
3150303056;Ban Pengikat Sepatu Katak, Jet
3150303057;Sepatu Katak, Baju Selam Kering / Dry Suite
3150303058;P3K, Advanced / Extended Care
3150303059;Senter, Under Water Kinetic
3150303060;Gauge Set dg SPG Penunjuk Kedalaman
3150303061;Guage, Intermediate Presure, IST
3150303062;Sarung Tangan (Tusa)
3150303063;Harness, Safty (NZ Safety)
3150303064;Alat Untuk Memasang Hose Protector
3150303065;Hose Protectors (Pelindung Selam)
3150303066;Selang 65 cm LP
3150303067;Selang 95 cm LP Ocy
3150303068;Selang AGA Tekanan Rendah
3150303069;Selang Power Inflator Tekanan Rendah
3150303070;Selang Tekanan Tinggi
3150303071;Pisau Selam Mata Pisau Bergigi
3150303072;Ban Pergelangan Tangan
3150303073;Tas Untuk Angkat Benda Dalam Air
3150303074;Sepatu Katak Baju Selam Basah (Wet Suite)
3150303075;Manifol Bail - Out Block (PCDS)
3150303076;Masker (Tusa Liberator)
3150303077;Masker Full Face AGA Whit Poseidon
3150303078;Masker Strap Cadangan
3150303079;Mouth Piece Dengan Cadangannya
3150303080;O-Ring Flaslight Underwater
3150303081;O-Ring Standard for DIN Connection
3150303082;O-Ring for HP Hose
3150303083;O-Ring for Standart LP Hose
3150303084;O-Ring for Standart Tank Neck
3150303085;O-Ring for Standart Tank Valve Face
3150303086;Gulungan Tali Penetrasi 45 M
3150303087;Power Inflator Untuk BCD Scuba Pro
3150303088;Regulator DIN Thread Protective Cap
3150303089;Regulator Set (Scuba Pro MK 17/R)
3150303090;Regulator Fist Stage Annual
3150303091;Pelumas Silikon 16 oz (Packet of 20)
3150303092;Spray Silikon 8 oz
3150303093;Slate Bawah Air (IST)
3150303094;Snorkel Keeper
3150303095;Swivel Universal HP
3150303096;Perkakas Scuba Pro Uni
3150303097;"Katup Tank ""K"""
3150303098;Stiker Tangki VIP
3150303099;Jam Tangan Penyelam
3150303100;Kepala Sabuk Pemberat
3150303101;Penjepit Sabuk Pemberat
3150303102;Sabuk Pemberat Roll Web Material
3150303103;Gauge 3 in 1 (Dept/Pressure/Compas)
3150303104;Driver below
3150303105;Tali jalan alumunium/finger spool reel
3150303106;Dive Com
3150303107;Neoprane hood balaclava
3150303999;Alat Las Bawah Air Lainnya
3150399999;Alat SAR Lainnya
3150401001;Automatic Message Switching Centre (AMSC)
3150401002;High Frequency -Single Side Band (HF-SSB)
3150401003;Teleprinter
3150401004;Direct Speech (DS)
3150401005;Sistem Transmisi (Radio Link, VSAT)
3150401006;Voice Switching Communication System (VSCS)
3150401007;VHF Data Link
3150401008;Integrated Remote Control and Monitoring System (IRCMS)
3150401009;Very High Frequency Air Ground Communication (VHF-A/G)
3150401010;Automatic Terminal Information Service (ATIS)
3150401011;High Frequency Air Ground Communication (HF-A/G)
3150401012;Voice Recorder
3150401013;Aeronautical Fixed Telecommunication Network (AFTN)
3150401014;Total Access Communication System (TACS)
3150401015;Intercommunication System Test Set
3150401999;Peralatan Fasilitas Komunikasi Penerbangan Lainnya
3150402001;Non Directional Beacon (NDB)
3150402002;Very High Frequency Omni Directional Range (VOR)
3150402003;Distance Measuring Equipmnet (DME)
3150402004;Instrument Landing System (ILS)
3150402005;Primary Surveillance Radar (PSR)
3150402006;Secondary Surveillance Radar/Monopulse Secondary Surveillance Ra
3150402007;Automatic Dependent Surveillance/ADS
3150402008;Controller Pilot Data Link Communication/CPDLC Processing
3150402009;Radar Data Processing System/RDPS
3150402010;Flight Data Processing System/FPDS
3150402011;Aeronautical Information System/AIS
3150402012;MILU Test Set
3150402013;CNI/CDU Test Set
3150402014;Rackmount Improved Avionics Intermediate Shop (R-IAIS)
3150402015;Ramp Test
3150402999;Peralatan Fasilitas Navigasi Dan Pengamatan Penerbangan Lainnya
3150403001;Runway Visual Range
3150403002;Approach Lightig System
3150403003;Precision Approach Path Indicator (PAPI) / Visual Approach Slope
3150403004;Runway Lead-in Lighting System/Runway Guard Light
3150403005;Runway Edge Light / Threshold Light/Runway End Light
3150403006;Runway Center Line Light / Taxiway Center Line Light /Touch Down
3150403007;Taxiway Edge Light / Turning Area Light
3150403008;Taxi Guidance Sign
3150403009;Constant Current Regulator (CCR)
3150403010;AFL Control Desk
3150403011;Wind Cone
3150403012;Aircraft Docking Guidance System (ADGS)
3150403999;Peralatan Fasilitas Bantu Pendaratan Lainnya
3150404001;X-Ray Inspection Machine
3150404002;Walk Through Metal Detector (WTMD)
3150404003;Public Address Branch Exchange (PABX)
3150404004;Closed Circuit Television (CCTV)
3150404005;Integrated Ground Communication System (IGCS)
3150404006;Flight Information Display System (FIDS)
3150404007;Public Address System
3150404008;Fire Alarm System
3150404009;Pilot Briefing System
3150404010;Tangga Pesawat
3150404999;Peralatan Fasilitas Bantu Pelayanan Dan Pengamanan Bandar Udara L
3150405001;Genset
3150405002;Automatic Transfer Switch (ATS) dan Automatic Change Oer Swi
3150405003;Power Control System
3150405004;Transmission and Distribution
3150405005;Integrated Lighting Protection
3150405006;Air Conditioning (AC)
3150405007;Traction Equipments (Elevator, Escalator, Conveyor, Garbarata)
3150405008;Airport Electrical Installation (Flood Light, Building / Road Lig
3150405009;Solar cell
3150405999;Peralatan Fasilitas Iistrik Bandar Udara Lainnya
3150406001;RF Field Strenght analyzer
3150406002;Power Meter untuk LF, HF, VHF, UHF
3150406003;Portable Spektrum Analizer
3150406004;Portable ILS Receiver and VOR Receiver
3150406005;Osciloscope 400 Mhz
3150406006;Air band VHF Transceiver
3150406007;DV meter with HV Probe
3150406008;Combine Test Piece (CTP)
3150406009;Object Test Piece (OTP)
3150406010;Digital Sound Level
3150406011;Digital Arrester Test
3150406012;Laser Beam Temperature Meter
3150406013;Earth Meter
3150406014;Digital LUX Meter + Acc
3150406015;ILS / VOR Analyzer
3150406016;Nav Analyzer
3150406017;Portable Nav Analyzer Receiver
3150406018;Airband Nav-com Transceiver
3150406019;GPS Survey
3150406020;GPS Mapper Counter
3150406021;Compass Magnetic
3150406022;SWR Measurement-L
3150406023;SWR Measurement-H
3150406024;Power Quality Analyzer-Plus Measurement
3150406025;Teropong Observasi
3150406026;Electronic Altimeter - Barometer
3150406027;Altimeter-Clinometer
3150406028;Clinometer-Compas
3150406029;Earth Resistance and installation Test for Multipurpose Measureme
3150406030;General Tester (Tester MPD, HUDMON & RDU)
3150406031;Audio Video Test Recorder (AVTR)
3150406032;Secondline Test Equipment RWR
3150406033;Electronic Counter Measure
3150406034;Aircraft Armament Electrical
3150406035;Analyzer Displacement Gyroscope
3150406036;Angle Of Attack Indicator
3150406037;Angle Position Indicator
3150406038;Fuel Quantity Test Set
3150406039;Fuel Flow Amplifier
3150406040;Flight Control System
3150406041;Air Data Computer (ADC) Test Set
3150406042;Attitude Indicator Test Set
3150406043;Pilot Display Unit Tester
3150406044;Radar Display Unit Tester
3150406045;Scoring System
3150406046;Radar Altimeter
3150406047;Engine Monitor Panel Test Set
3150406048;Avionic Test Equipment (ATE)
3150406999;Alat Ukur Peralatan Faslektrik Lainnya
3150499999;Alat Kerja Penerbangan Lainnya
3160101001;Aid Hearing
3160101002;Anatomi
3160101003;Alat Simulator Pendidikan
3160101004;Alat Simulator Tempur
3160101005;Simulator Gempa Bumi
3160101006;Sistem e-learning MKG
3160101007;Alat Peraga CPR
3160101999;Alat Peraga Pelatihan Lainnya
3160102001;Miniatur
3160102999;Alat Peraga Percontohan Lainnya
3160199999;Alat Peraga Pelatihan Dan Percontohan Lainnya
3170101001;Mexer Setller Extractor
3170101002;Packed Extraction
3170101003;Plate Extraction Colomm
3170101004;Pulset Plate Extraction Colomm
3170101005;Pulset Packed Extraction
3170101006;Rotary Disk Contector
3170101007;Centrifuge Extractor
3170101008;Spray Extraction Colomm
3170101999;Liquid-Liquid Contactor Equipment Lainnya
3170102001;Tumbler Mixer Without Internal Breaker
3170102002;Tumbler Mixer With Internal Breaker
3170102003;Stationary Shell Or Trough Mixer
3170102004;Impact Hammer Mill
3170102005;Impact Cage Mill
3170102006;Impact Attrition Mill
3170102999;Solid-Solid Mixing Equipment Lainnya
3170103001;Grizzy Screen
3170103002;Revolving Screen ( Trommel Screen )
3170103003;Mecanical Shaking Screen
3170103004;Vibrating Screen (Solid-solid Screening Equipment)
3170103005;Mechanically Vibrated Screen
3170103006;Electricaly Vibrated Screen
3170103007;Oscillating Screen
3170103008;Reciprocating Screen
3170103009;Gyratory Screen
3170103010;Sleve Shaker as Screen
3170103999;Solid-Solid Screening Equipment Lainnya
3170104001;Cone Type Classifior
3170104002;Liquid Cyclone Classifier
3170104003;Rake-Spiral Classifier
3170104004;Drag Classifier
3170104005;Bowl Classifier
3170104006;Hydroseparator
3170104007;Solid Bowl Centrifuge
3170104008;Countercurrent Classifion
3170104009;Hadraulic Classifier
3170104010;Magnetic Separator Wet
3170104011;Magnetic Separator Dry
3170104012;Electrostatic Classifier
3170104013;Floatation Machine
3170104999;Solid-Solid Classifier Lainnya
3170105001;Mixing Vessel With Impeller Agitator
3170105002;Mixing Vessel With Air Agitator
3170105003;Mixing Vessel With External Pump
3170105004;Change - Chan Viscous Mixing Vessel
3170105005;Helcal Ribbon Mixing Vessel
3170105006;Continuous Single Screw Extruder
3170105007;Continuous Twin Crew Mixer
3170105999;Solid Liquid Mixing Equipment Lainnya
3170106001;Mixed Suspension Crystallizer
3170106002;Forced Circulation Evaporative Crystallizer
3170106003;Magma Crystallizer
3170106004;Draf Tube Crystallizer
3170106005;Surface Cooled Crystallizer
3170106006;Direct Contact Refrigerating Crystallizer
3170106007;Agitated Tank Crystallizer
3170106999;Solid Liquid Crystallization Equipment Lainnya
3170107001;Fixed Bed Ion Exchange Column
3170107002;Mixed Bed Ion Exchange Column
3170107003;Fludized Bed Ion Exchange Equipment
3170107004;Demineratilized Cooling WS
3170107005;Fixed Bed Adsorption Column
3170107006;Mixer Settler Type Adsorption Equipment
3170107999;Ion Exchange Absortion Equipment Lainnya
3170108001;Bacth Percolator
3170108002;Continuous Perculator
3170108003;Continuous Dispersed Solid Leaching Contactor
3170108004;Screw - Conveyor Leaching Contactor
3170108005;Air Mixing Leaching Ressel/Pachuca
3170108006;Degreasing Bath
3170108007;Leaching Equipment
3170108008;Ultrasonic Pallet
3170108009;Ultrasonic Cleaning
3170108010;Alat Uji Pelucutan
3170108999;Leaching Equipment Lainnya
3170109001;Continuous Thickener
3170109002;Circular Clarifier
3170109003;Reactor Clarifier
3170109999;Gravity Sedimentation Equipment Lainnya
3170110001;Cake Filter
3170110002;Gravity ( Hydrostatic Headh ) Filter
3170110003;Batch Filter Press
3170110004;Continuous Rotary Filter Press
3170110005;Batch Vacuum Filter
3170110006;Rotary Drum Vacuum Filter
3170110007;Continuous Disk Vacuum Filter
3170110008;Horizontal Continuous Vacuum Filter
3170110009;Horizontal Belt Filter
3170110010;Centrifugal Filter
3170110999;Solid Liquid Filtering Equipment Lainnya
3170111001;Batch Laboratory Centrifuge
3170111002;Tubular - Bowl Centrifuge
3170111003;Multichamber Centrifuge
3170111004;Disk Centrifuge
3170111005;Continuous Decanter Centrifuge
3170111006;Basket Centrifuge
3170111007;Graduate Centrifuge
3170111999;Centrifuge For Solid Liquid Lainnya
3170112001;Bacth Press
3170112002;Continuous Press
3170112999;Liquid From Solid Expelling (Expressor)-Equipment Lainnya
3170113001;Batch Trought Circulation Dryer
3170113002;Batch Tray Compartment Dryer
3170113003;Batch Fluid Bet Dryer
3170113004;Batch Agigated Dryer
3170113005;Batch Freeze Dryer
3170113006;Batch Vacuum Rotary Dryer
3170113007;Batch Vacuum Try Dryer
3170113008;Continuous Tray Dryer
3170113009;Continuous Sheeting Dryer
3170113010;Pneomatic Conveying Dryer
3170113011;Rotary Dryer Continuous
3170113012;Spray Dryer Continuous
3170113013;Continuous Trough Circulation Dryer
3170113014;Continuous Tunnel Dryer
3170113015;Continuous Fluid Bed Dryer
3170113016;Cylender Continuous
3170113017;Drum Dryer Continuous
3170113018;Screw Conveyer Dryer Continuous
3170113019;Continuous Steam-Tube Rotary Dryer
3170113020;Continuous Vibrating Tray Dryer
3170113021;Continuous Belt Dryer
3170113022;Rotary Kiln
3170113023;Heat Gun Dryer (Hair Dryer)
3170113999;Gas-Solid Drying Equipment Lainnya
3170114001;Fluidized Solid-Solid Mixer
3170114002;Fluidized Bed Gas Mixer
3170114003;Fluidized Bed Annealling Furnace
3170114004;Fluidized Bed Catalytic Reactor
3170114005;Fluidized Bed Non Catalytic Reactor
3170114999;Gas - Solid Fluidised Bed Equipment Lainnya
3170115001;Gravity Settling Chamber
3170115002;Impingement Separator
3170115003;Cyclone Separator
3170115004;Mechanical Centrifugal Dust Separator
3170115005;Beg Filter
3170115006;Dust/Mist Scrubber Spray Type
3170115007;Dust/Mist Scrubber Cyclone Type
3170115008;Air Filter Viscous
3170115009;Air Filter Dry
3170115010;Air Filter Automatically Ragenrated
3170115011;Electrostauc Precipitator
3170115999;Gas - Solid Separation Equipment Lainnya
3170116001;Plate Distillation Column
3170116002;Packed Distillation Column
3170116999;Gas - Liquid Distillation Equipment Lainnya
3170117001;Plate Absorption Column
3170117002;Packed Absorption Column
3170117003;Spray Absorption Column
3170117004;Watted Wall Absorption Column
3170117005;Aerator
3170117006;Mist Separator / Eliminator
3170117999;Gas - Liquid Separition Equipment Lainnya
3170118001;Gas Diffusion Isotope Separator
3170118002;Thermal Diffusion Isotope Separator
3170118003;Centrifuge Isotope Separator
3170118004;Mess Diffusion Isotope Separator
3170118005;Laser Isotope Separator
3170118006;Xe Despencing Manifold Syst
3170118007;Xe Lushing Manifold
3170118999;Isotope Separation Equipment Lainnya
3170119001;Centrifugal Pump
3170119002;Prpeler & Turbine Pump
3170119003;Positive Displacement Pump
3170119004;Jet Pump
3170119005;Electro Magnetic Pump
3170119006;Vacuum Diffusion Pump
3170119007;Rotary Vacuum Pump
3170119008;Centrivugal Vacuum Pump
3170119009;Reciprocating Vacuum Pump
3170119010;Air Lift Pump
3170119011;Diaphragm Vacuum Pump
3170119012;Diaphragm Air Pump
3170119013;Submersible Pump
3170119014;Target Vacuum Target Holder
3170119015;Fan
3170119016;Centrifugal And Axial Compressor
3170119017;Rotary Compressor
3170119018;Reciprocating Compressor
3170119019;Blower
3170119020;Diaphragm Compresor
3170119021;Peristatic Pump
3170119022;Steam Jet Ejector
3170119023;Water Jet Ejector
3170119024;Cage Washer
3170119025;Dish Washer
3170119026;Stirer
3170119027;Label Storage Cabinet
3170119028;Pompa Sand Piper (Transport And Storage Equipment For Liquid)
3170119029;Atmosferic Tank For Liquid W/WO Stirer
3170119030;Pressure Tank For Liquid /Dewar
3170119031;Gas Holder
3170119032;Gas Pressure Vessel
3170119034;Crygenic Storage Equipment
3170119035;Tank Car
3170119036;Tank Truck
3170119037;Portable Tank
3170119038;Drum
3170119039;Barrel
3170119040;Can
3170119041;Carboy
3170119042;Container Ship
3170119043;Tanker
3170119044;Geared Pump+Assesoris
3170119999;Transport And Storage Equipment For Liquid Lainnya
3170120001;Screw Conveyor (Solid Material Handling Equipment)
3170120002;Belt Conveyor (Solid Material Handling Equipment)
3170120003;Bicket Elsyator
3170120004;Vibrating/Oscilating Conveyor
3170120005;Coxinous Flow Conveyor
3170120006;Pneumatic Conveyor
3170120007;Storage Pile
3170120008;Bin
3170120009;Silo
3170120010;Hopper
3170120011;Screw Feeder
3170120012;Belt/Apron Feeder
3170120013;Star Feeder
3170120014;Automatic Weighing Equipment
3170120015;Batch Weighing Equipment
3170120016;Continuous Weighing Equipment
3170120017;Pallet
3170120018;Bulk Container
3170120019;Bopper Truck
3170120020;Bopper Trailer
3170120021;Handling Hood
3170120022;Alat Pemotong Stringe (Solid Material Handling Equipment)
3170120023;Electric Screw Driver
3170120024;Staple Gun (Solid Material Handling Equipment)
3170120025;Box Sealing Dispencer
3170120026;Dispencer & Control
3170120999;Solid Material Handling Equipment Lainnya
3170121001;Jaw Crusher
3170121002;Dryrotary Crusher
3170121003;Heavy Duty Crusher
3170121004;Roll Crusher
3170121005;Dry Pan-Chaser Mill
3170121006;Shredder
3170121007;Rotary Cutter And Dicer
3170121008;Media (Ball Rod Pebble)Mill
3170121009;Vibrating(Up) Mill
3170121010;Alat Pemotong Stringe (Size Reduction Size Balargement Equipment)
3170121011;Electric Screw Driver
3170121012;Staple Gun (Size Reduction Size Balargement Equipment)
3170121013;Box Sealing Dispenser
3170121014;Dispenser & Control
3170121015;Drum Agglomerator
3170121016;Tumbling Agglomerator
3170121017;Prilling Tower
3170121018;Traveling Gate Sintering Machine
3170121019;Mortar Chrusher Grinder
3170121020;Stearing Machine
3170121021;Elementary Mill
3170121022;Mortar Crusher Grinder
3170121023;Flomentary Mill
3170121999;Size Reduction Size Balargement Equipment Lainnya
3170122001;Underfeed Stoker
3170122002;Crossfeet Stoker
3170122003;Overfeed Stoker
3170122004;Fluidzed Bed Combustor
3170122005;Heat Seater
3170122006;Liquid Fuel Vaporizing Bumer
3170122007;Liquid Fuel Atomizing
3170122008;Gaseous Fuel Preemix Bumer
3170122009;Gaseous Fuel Nozzle Bumer
3170122010;Under Vacuum Dryer (Heat Generating Equipment)
3170122011;Resistance Heating Furnace
3170122012;Induction Furnace (Heat Generating Equipment)
3170122013;Dielectric Heating Furnace
3170122014;Microwave Heater
3170122015;Electric Are (Plasma) Furnace
3170122016;Air Circulation Resistance Furnace
3170122017;Direct-Fired Liquid Heater
3170122018;Direct-Fired Solid Heater
3170122019;Direct-Fired Chemical Reactor
3170122020;Indirect-Fired Vaporizer
3170122021;Fire Tube Steam Boiler
3170122022;Water Tube Steam Boiler
3170122023;Electrically Heated Boiler/Steam Generator
3170122024;Incinerator (Heat Generating Equipment)
3170122025;Macnetic Force War
3170122026;Sintering Furuace
3170122027;Pellet Drying & Element
3170122028;Graphic Coated Sheat
3170122029;Wendeatic Unit
3170122030;Auto Clave Unit
3170122031;Welding Machine
3170122999;Heat Generating Equipment Lainnya
3170123001;Fized Tube Shell Tube HE
3170123002;U- Tube Shell Tube HE
3170123003;Floating Heat Shell Tube HE
3170123004;Bayonet Tube Tube HE
3170123005;Spiral Tube Sell Tube HE
3170123006;Falling Film Shell Tube HE
3170123007;Bent Tube Shell Tube HE
3170123008;Doble Pipe HE
3170123009;Plate Type HE
3170123010;Air Cooled HE
3170123011;Colled Tank
3170123012;Ectemally Colled Tank
3170123013;Jackete Vessel
3170123014;Voeced Circulaton Evaporator
3170123015;Proppeller Calandria Evaporator
3170123016;Natural Circulation Evaporator
3170123017;Horizontal Tube Evaporator
3170123018;Mechanical Draft Cooling Tower
3170123019;Atmosferic Cooling Tower
3170123020;Natural Draft Cooling Tower
3170123021;Spray Pond
3170123022;Cooling Pond
3170123023;Repregeration Machine
3170123999;Heat Transfer Equipment Lainnya
3170124001;Rolling Machine
3170124002;Rolling Leveler Machine
3170124003;Brushing Machine
3170124004;Polishing Machine/Mesin Poles
3170124005;Milling Machine (Mechanical Proces)
3170124006;Powder Press Machine
3170124007;Puching Machine
3170124008;Scissoring Machine
3170124009;Number Stemping Machine
3170124010;Roll Swaning Machine
3170124011;Drilling Machine
3170124012;Engrawing Machine
3170124013;Tuming Lathe (Centre Cambling)
3170124014;Disc Cutting Machine
3170124015;Lever Shear
3170124016;Parallel Shear
3170124017;Rotary Saw
3170124018;Fue Element Machining Equipment
3170124019;Sand Blasting Machine
3170124020;Beryllium Coating Equipment
3170124021;Shearing Machine
3170124022;Brazing Unit
3170124023;Centerlees Grindung Machine
3170124024;Scoabling Lathe
3170124025;Press
3170124026;Survace Grinder
3170124027;Drum Elivator
3170124028;Diel Grinding Machine
3170124029;Equipt For Changing Furace Sin
3170124030;Elektromagnetic Agit
3170124031;Testrollmachine
3170124032;Flow Index Machine
3170124033;Driving Machine
3170124034;Oil and Gas Drilling Equipment
3170124999;Mechanical Proces Lainnya
3170125001;Slap Reaktor
3170125002;Chilindical Reactor
3170125003;Tubular Reactor
3170125004;Parallepiped Reactor
3170125005;Spherical Reactor
3170125999;Chemical Reaktion Equipment Lainnya
3170199001;Compressed Natural Gas (CNG) Conversion Kit
3170199999;Unit Peralatan Proses/Produksi Lainnya
3180101001;Traffic Light
3180101002;Signal Kereta Api
3180101999;Rambu Bersuar Lainnya
3180102001;Rambu Jalan
3180102002;Rambu Papan Tambahan
3180102003;Rambu Cermin
3180102004;Rambu Jembatan
3180102005;Rambu Tanda Ling Delimeter
3180102006;Rambu-rambu Larangan
3180102007;Rambu-rambu Wajib
3180102008;Rambu-rambu Peringatan
3180102009;Rambu-rambu Petunjuk/Penuntun
3180102010;Paku Jalan
3180102011;Guardrail
3180102012;Pagar Jalan dan Taman
3180102013;Traffic Cone
3180102999;Rambu Tidak Bersuar Lainnya
3180199999;Rambu-Rambu Lalu Lintas Darat Lainnya
3180201001;Medium Intensity
3180201002;High Intensity
3180201003;Taxi Way Light
3180201004;Run Way Light
3180201005;Goose Neck
3180201999;Runway/Threshold Light Lainnya
3180202001;2 Bar VASI
3180202002;3 Bar VASI
3180202003;P.A.P.I.S ( Precesion Approach Path Indicator System )
3180202999;Visual Approach Slope Indicator (VASI) Lainnya
3180203001;High Intensity Approach Light
3180203002;Medium Intensity Approach Light
3180203003;Low Intensity Approach Light
3180203004;Sequence Flashing Light
3180203999;Approach Light Lainnya
3180204001;REILS Master Unit
3180204002;REILS Slave Unit
3180204999;Runway Identification Light (REILS) Lainnya
3180205001;Rotating Beacon
3180205002;Illuminated Landing T
3180205003;Illuminated Windcone
3180205004;Sirine (Signal)
3180205005;Obstruction Light
3180205006;Run Way Traffic Light
3180205007;Hazzard Beacon
3180205999;Signal Lainnya
3180206001;Tungsten Halogen Flood Light
3180206002;Sodium High Pressure Flood Light
3180206003;Mercury Flood Light
3180206999;Flood Lights Lainnya
3180299999;Rambu-Rambu Lalu Lintas Udara Lainnya
3180301001;Rambu-Rambu Lalu Lintas Laut
3180301999;Rambu-rambu Lalu Lintas Laut Lainnya
3190101001;Lempar Cakram
3190101002;Lempar Lembing
3190101003;Tolak Peluru
3190101004;Alat Lari Gawang
3190101005;Galah
3190101006;Martil
3190101007;Mistar Lompat Tinggi
3190101008;Matras Lari
3190101009;Start Block
3190101010;Meter Line
3190101011;Bendera Start
3190101012;Pull Master
3190101013;Kostum
3190101014;Bak Lompat Tinggi
3190101015;Bak Lompat Jauh
3190101999;Peralatan Atletik Lainnya
3190102001;Alat Tenis Meja
3190102002;Alat Volley
3190102003;Alat Bilyard
3190102004;Alat Badminton
3190102005;Sepatu Roda
3190102006;Bola Kaki
3190102007;Alat Basket
3190102008;Bola Basket
3190102009;Keranjang Bola/Ring
3190102010;Kostum Basket
3190102011;Kostum Sepak Bola
3190102012;Sepatu Bola + Kaos Kaki
3190102013;Raket Tenis
3190102014;Net Tenis
3190102015;Bola Tenis
3190102016;Root
3190102017;Alat Golf
3190102018;Alat Gateball
3190102999;Peralatan Permainan Lainnya
3190103001;Palang Sejajar
3190103002;Palang Kuda
3190103003;Matras
3190103004;Gelang-Gelang
3190103005;Peralatan Fitnes
3190103006;Kuda Pelana
3190103007;Balance Beem
3190103008;Multi Station
3190103009;Argocycle
3190103010;Treadmill
3190103011;Orbitrek
3190103012;Heng Up Board
3190103013;Sit Up Board
3190103014;Beck Up Board
3190103015;Damble Set
3190103016;Barble Set
3190103017;Rak Damble Set
3190103018;Rak Darble Set
3190103019;Massage Chair
3190103020;Massage Foot
3190103999;Peralatan Senam Lainnya
3190104001;Ski Air
3190104002;Ski Diving
3190104003;Selancar
3190104004;Perahu Karet (Paralatan Olah Raga Air)
3190104005;Perahu Layar
3190104006;Alat Arung Jeram
3190104007;Alat Dayung
3190104008;Kaca Mata Air
3190104009;Full Foot Fin
3190104010;Alat Ukur Kedalaman
3190104011;Bouyance Kompensator
3190104012;HP Kompressor
3190104013;Kompas Selam
3190104014;Pisau Selam
3190104015;Perayu Kayak 1
3190104016;Perayu Kayak 2
3190104017;Perahu Cano Canadian 1
3190104018;Perahu Cano Canadian 2
3190104019;Perahu Tradisional/Perahu Naga
3190104020;Roowing/Single Scool
3190104021;Roowing/Double Scool
3190104022;Papan Jumping + Tali + Helm
3190104023;Papan Slalom + Tali + Helm
3190104024;Papan Trick + Tali + Helm
3190104025;Jamping Track
3190104026;Motor penarik/Speed Boat
3190104027;Pelampung Lintasan
3190104028;Optimist
3190104029;Enterprise
3190104030;Kelas 420
3190104031;Kelas 470
3190104032;Fireball
3190104033;Selancar Angin
3190104034;Hobby Cat
3190104035;Kiil Boat
3190104999;Paralatan Olah Raga Air Lainnya
3190105001;Gantole
3190105002;Balon Udara
3190105003;Payung Udara (Parasut)
3190105004;Alat Terbang Layang
3190105999;Peralatan Olah Raga Udara Lainnya
3190106001;Catur
3190106002;Sarung Tinju
3190106003;Sepeda Olah Raga
3190106005;Alat Samapta
3190106006;Samsak Tinju
3190106007;Tiang Pull Up Portable
3190106008;Meja Sit Up Portable
3190106009;Alat Panahan
3190106999;Peralatan Olah Raga Lainnya
3190107001;Halang Rintang
3200101001;Mesin Laminating Paspor
3200101002;Printer Paspor
3200101003;Printer Passport Polycarbonate Keimigrasian
3200101004;Alat Pemindai Paspor
3200101005;Scanner Keimigrasian
3200101006;Printer Stiker Keimigrasian
3200101007;CCTV - Face Recognition
3200101008;Image Comparator
3200201001;Auto Gate Keimigrasian
3210101001;Peralatan Instalasi Proteksi Kebakaran
3210101999;Peralatan Instalasi Pemadam Kebakaran Lainnya
3210201001;Bollard/Tambatan
3210201002;Fender 
3210201999;Peralatan Instalasi Keselamatan Dermaga Lainnya
4010101001;Bangunan Gedung Kantor Permanen
4010101002;Bangunan Gedung Kantor Semi Permanen
4010101003;Bangunan Gedung Kantor Darurat
4010101004;Rumah Panel
4010101005;Bangunan Gedung Kantor Pengadilan Pajak
4010101006;Bangunan Gedung Kantor Perwakilan Republik Indonesia (PTRI/KBRI)
4010101007;Bangunan Gedung Kantor Perwakilan Republik Indonesia (KJRI)
4010101008;Bangunan Gedung Kantor Perwakilan Republik Indonesia (KRI)
4010101009;Bangunan Gedung Istana Kepresidenan
4010101999;Bangunan Gedung Kantor Lainnya
4010102001;Bangunan Gudang Tertutup Permanen
4010102002;Bangunan Gudang Tertutup Semi Permanen
4010102003;Bangunan Gudang Tertutup Darurat
4010102004;Bangunan Gudang Terbuka Permanen
4010102005;Bangunan Gudang Terbuka Semi Permanen
4010102006;Bangunan Gudang Terbuka Darurat
4010102007;Bangunan Gudang Penyimpanan Limbah Radioaktif Sementara (Intern S
4010102008;Bangunan Gudang Penyimpanan Limbah Radioaktif Permanen
4010102009;Bangunan Gudang Penyimpanan Limbah Radioaktif Aktivitas Tinggi
4010102010;Bangunan Gudang Penyimpanan Limbah Radioaktif Cair
4010102011;Bangunan Gudang Penyimpanan Limbah Radioaktif Padat
4010102012;Bangunan Gudang Penyimpanan Limbah Radioaktif Gas
4010102013;Bangunan Gudang Penyimpanan Limbah Radioaktif Lainnya
4010102999;Bangunan Gudang Lainnya
4010103001;Bangunan Bengkel/Hanggar Permanen
4010103002;Bangunan Bengkel /Hanggar Semi Permanen
4010103003;Bangunan Bengkel /Hanggar Darurat
4010103004;Bangunan Depo Kereta Api
4010103999;Bangunan Gedung Untuk Bengkel/Hanggar Lainnya
4010104001;Gedung Instalasi Studio
4010104002;Gedung Instalasi Pemancar
4010104003;Bangunan Gedung Instalasi Radar
4010104004;Bangunan Gedung Reaktor Nuklir
4010104005;Bangunan Gedung Instalasi Pertahanan dan Keamanan
4010104006;Gedung Iradiator Nuklir
4010104999;Bangunan Gedung Instalasi Lainnya
4010105001;Bangunan Gedung Laboratorium Permanen
4010105002;Bangunan Gedung Laboratorium Semi Permanen
4010105003;Bangunan Gedung Laboratorium Darurat
4010105999;Bangunan Gedung Laboratorium Lainnya
4010106001;Bangunan Rumah Sakit Umum
4010106002;Bangunan Rumah Sakit Khusus
4010106003;Bangunan Rumah Sakit Kusta
4010106004;Bangunan Rumah Sakit Jiwa
4010106005;Bangunan Rumah Sakit Paru-Paru
4010106006;Bangunan Rumah Sakit Gigi
4010106007;Bangunan Rumah Sakit Jantung
4010106008;Bangunan Rumah Sakit Kanker
4010106009;Bangunan Rumah Sakit Bersalin Dan Lain-Lain
4010106010;Bangunan Klinik/Puskesmas
4010106011;Bangunan Rumah Sakit Hewan
4010106012;Bangunan Puskesmas Pembantu
4010106013;Bangunan Tempat Praktek Dokter
4010106014;Bangunan Tempat Praktek Bidan
4010106015;Bangunan Posyandu
4010106016;Bangunan Polindes (Pondok Bersalin Desa)
4010106017;Banguan Apotik
4010106018;Bangunan Toko khusus obat/jamu
4010106999;Bangunan Kesehatan Lainnya
4010107001;Bangunan Oceanarium/Observatorium Permanen
4010107002;Bangunan Oceanarium/Observatorium Semi Permanen
4010107003;Bangunan Oceanarium/Observatorium Darurat
4010107999;Bangunan Oceanarium/Observatorium Lainnya
4010108001;Bangunan Gedung Tempat Ibadah Permanen
4010108002;Bangunan Gedung Tempat Ibadah Semi Permanen
4010108003;Bangunan Gedung Tempat Ibadah Darurat
4010108999;Bangunan Gedung Tempat Ibadah Lainnya
4010109001;Bangunan Gedung Pertemuan Permanen
4010109002;Bangunan Gedung Pertemuan Semi Permanen
4010109003;Bangunan Gedung Pertemuan Darurat
4010109999;Bangunan Gedung Tempat Pertemuan Lainnya
4010110001;Bangunan Gedung Pendidikan Permanen
4010110002;Bangunan Gedung Pendidikan Semi Permanen
4010110003;Bangunan Gedung Pendidikan Darurat
4010110004;Bangunan Gedung Pendidikan dan Latihan
4010110999;Bangunan Gedung Tempat Pendidikan Lainnya
4010111001;Gedung Olah Raga Tetutup Permanen
4010111002;Gedung Olah Raga Tertutup Semi Permanen
4010111003;Gedung Olah Raga Tertutup Darurat
4010111004;Bangunan Olah Raga Terbuka Permanen
4010111005;Bangunan Olah Raga Terbuka Semi Permanen
4010111006;Bangunan Olah Raga Terbuka Darurat
4010111007;Bangunan Gedung Olah Raga Kolam Renang
4010111999;Bangunan Gedung Tempat Olah Raga Lainnya
4010112001;Gedung Pertokoan/Koperasi/Pasar Permanen
4010112002;Gedung Pertokoan/Koperasi/Pasar Semi Permanen
4010112003;Gedung Pertokoan/Koperasi/Pasar Darurat
4010112004;Bangunan Kantin
4010112999;Bangunan Gedung Pertokoan/Koperasi/Pasar Lainnya
4010113001;Gedung Pos Jaga Permanen
4010113002;Gedung Pos Jaga Semi Permanen
4010113003;Gedung Pos Jaga Darurat
4010113004;Gedung Menara Peninjau Permanen
4010113005;Gedung Menara Peninjau Semi Permanen
4010113006;Gedung Menara Peninjau Darurat
4010113007;Gedung Pos Pamtas Permanen
4010113008;Gedung Pos Pamtas Semi Permanen
4010113009;Gedung Pos Pamtas Darurat
4010113999;Bangunan Gedung Untuk Pos Jaga Lainnya
4010114001;Gedung Garasi/Pool Permanen
4010114002;Gedung Garasi/Pool Semi Permanen
4010114003;Gedung Garasi/Pool Darurat
4010114999;Bangunan Gedung Garasi/Pool Lainnya
4010115001;Gedung Pemotong Hewan Permanen
4010115002;Gedung Pemotong Hewan Semi Permanen
4010115003;Gedung Pemotong Hewan Darurat
4010115999;Bangunan Gedung Pemotong Hewan Lainnya
4010116001;Bangunan Gedung Perpustakaan Permanen
4010116002;Bangunan Gedung Perpustakaan Semi Permanen
4010116003;Bangunan Gedung Perpustakaan Darurat
4010116999;Bangunan Gedung Perpustakaan Lainnya
4010117001;Bangunan Gedung Musium Permanen
4010117002;Bangunan Gedung Musium Semi Permanen
4010117003;Bangunan Gedung Musium Darurat
4010117999;Bangunan Gedung Musium Lainnya
4010118001;Bangunan Gedung Terminal/Pelabuhan/Bandara Permanen
4010118002;Bangunan Gedung Terminal/Pelabuhan/Bandara Semi Permanen
4010118003;Bangunan Gedung Terminal/Pelabuhan/Bandara Darurat
4010118004;Bangunan Halte/Shelter
4010118005;Bangunan Marshalling Area
4010118999;Bangunan Gedung Terminal/Pelabuhan/Bandara Lainnya
4010119001;Bangunan Pengujian Kelaikan Permanen
4010119002;Bangunan Pengujian Kelaikan Semi Permanen
4010119003;Bangunan Pengujian Kelaikan Darurat
4010119999;Bangunan Pengujian Kelaikan Lainnya
4010120001;Bangunan Blok Hunian LP Kelas I
4010120002;Bangunan Blok Hunian LP Kelas II
4010120003;Bangunan Blok Hunian Lembaga Pembinaan Khusus Anak
4010120004;Bangunan Blok Hunian Lembaga Penempatan Anak Sementara
4010120005;Bangunan Penunjang/Kantor Teknis Lembaga Pemasyarakatan
4010120006;Bangunan Penunjang/Kantor Teknis Lembaga Pembinaan Khusus Anak
4010120999;Bangunan Gedung Lembaga Pemasyarakatan Lainnya
4010121001;Bangunan Blok Hunian Rutan Kelas I
4010121002;Bangunan Blok Hunian Rutan Kelas II
4010121003;Gedung Tahanan Karantina
4010121004;Bangunan Penunjang/Kantor Teknis Rumah Tahanan Negara
4010121005;Bangunan Penunjang/Kantor Teknis Lembaga Penempatan Anak Sementara
4010121999;Bangunan Rumah Tahanan Lainnya
4010122001;Bangunan Gedung Krematorium Permanen
4010122002;Bangunan Gedung Krematorium Semi Permanen
4010122003;Bangunan Gedung Krematorium Darurat
4010122999;Bangunan Gedung Krematorium Lainnya
4010123001;Bangunan Pembakaran Bangkai Hewan Permanen
4010123002;Bangunan Pembakaran Bangkai Hewan Semi Permanen
4010123003;Bangunan Pembakaran Bangkai Hewan Darurat
4010123999;Bangunan Pembakaran Bangkai Hewan Lainnya
4010124001;Bangunan Tempat Sidang/Zitting Plaat
4010124002;Bangunan Gedung Kantor Pengadilan Tingkat Banding
4010124003;Bangunan Gedung Kantor Pengadilan Negeri Kelas I A Khusus
4010124004;Bangunan Gedung Kantor Pengadilan Negeri Kelas I A
4010124005;Bangunan Gedung Kantor Pengadilan Negeri Kelas IB
4010124006;Bangunan Gedung Kantor Pengadilan Negeri Kelas II
4010124007;Bangunan Gedung Kantor Pengadilan Agama Kelas IA
4010124008;Bangunan Gedung Kantor Pengadilan Agama Kelas IB
4010124009;Bangunan Gedung Kantor Pengadilan Agama Kelas II
4010124010;Bangunan Gedung Kantor Mahkamah Syar'iyah Kelas IA
4010124011;Bangunan Gedung Kantor Mahkamah Syar'iyah Kelas IB
4010124012;Bangunan Gedung Kantor Mahkamah Syar'iyah Kelas II
4010124013;Bangunan Gedung Kantor Pengadilan Militer Tipe A
4010124014;Bangunan Gedung Kantor Pengadilan Militer Tipe B
4010124015;Bangunan Gedung Kantor Pengadilan Tata Usaha Negara Tipe A
4010124016;Bangunan Gedung Kantor Pengadilan Tata Usaha Negara Tipe B
4010124017;Bangunan Gedung Kantor Pengadilan Tata Usaha Negara Tipe C
4010124999;Bangunan Tempat Persidangan Lainnya
4010125001;Bangunan Lantai Jemur Permanen
4010125002;Bangunan Lantai Jemur Semi Permanen
4010125003;Bangunan Lantai Jemur Darurat
4010125004;Selasar
4010125005;Kanopi
4010125006;Bangunan Gazebo
4010125007;Ampitheater
4010125008;Bangunan Lapangan Penimbunan Barang
4010125999;Bangunan Terbuka Lainnya
4010126001;Bangunan Penampung Sekam Permanen
4010126002;Bangunan Penampung Sekam Semi Permanen
4010126003;Bangunan Penampung Sekam Darurat
4010126999;Bangunan Penampung Sekam Lainnya
4010127001;Bangunan TPI Permanen
4010127002;Bangunan TPI Semi Permanen
4010127003;Bangunan TPI Darurat
4010127999;Bangunan Tempat Pelelangan Ikan (TPI) Lainnya
4010128001;Bangunan Industri Makanan
4010128002;Bangunan Industri Minuman
4010128003;Bangunan Industri alat RT
4010128004;Bangunan Industri Pakaian/Garment
4010128005;Bangunan Industri Baja/Besi/Logam
4010128006;Bangunan Industri Pengemasan
4010128007;Bangunan Industri Bengkel
4010128008;Bangunan Industri Penyulingan Minyak
4010128009;Bangunan Industri Kimia Dan Pupuk
4010128010;Bangunan Industri Obat-Obatan
4010128011;Bangunan Industri Semen
4010128012;Bangunan Industri Batu-Bata/Batako
4010128013;Bangunan Industri Genteng
4010128014;Bangunan Industri Percetakan
4010128015;Bangunan Industri Tekstil
4010128016;Bangunan Industri Alat Olah Raga
4010128017;Bangunan Industri Kendaraan/Otomotif
4010128018;Bangunan Industri Persenjataan
4010128019;Bangunan Industri Kapal Udara
4010128020;Bangunan Industri Kapal Laut
4010128021;Bangunan Industri Kereta Api
4010128022;Bangunan Industri Keramik/Marmer
4010128023;Bangunan Pabrik Es
4010128024;Bangunan Pasar Ikan Higienis/ PIH
4010128025;Bangunan Depo Pasar Ikan
4010128026;Bangunan Pasar/ Raiser Ikan Hias
4010128027;Bangunan Industri Jasa
4010128999;Bangunan Industri Lainnya
4010129001;Bangunan Untuk Kandang
4010129002;Bangunan Kolam/Bak Ikan
4010129003;Bangunan Pembesar Ikan
4010129999;Bangunan Peternakan/Perikanan Lainnya
4010130001;Bangunan Gedung Tempat Kerja Lainnya Permanen
4010130002;Bangunan Gedung Tempat Kerja Lainnya Semi Permanen
4010130003;Bangunan Gedung Tempat Kerja Lainnya Darurat
4010130004;Gedung Pengujian Kendaraan Lainnya
4010130005;Bangunan Rumah Genset
4010130006;Bangunan Rumah Tangki Solar/Bensin
4010130007;Bangunan Dapur
4010130008;Bangunan Ruang Makan
4010130009;Bangunan Latihan
4010130999;Bangunan Lainnya
4010131001;Bunker Seismik Vault
4010131002;Bangunan Seismik Vault di Atas Tanah
4010131003;Bangunan Magnet Bumi
4010131004;Bangunan Pilar Gaya Berat
4010131005;Bangunan Teropong Bintang Transit
4010131006;Bangunan Rukyat Hilal
4010131007;Bangunan Variometer Hut
4010131008;Bangunan Absolut Hut
4010131999;Bangunan Peralatan Geofisika Lainnya
4010132001;Bangunan Tempat Parkir
4010132002;Bangunan Tempat Bermain Anak
4010132003;Bangunan Penerangan Jalan
4010132004;Bangunan Penerangan Taman
4010132999;Bangunan Fasilitas Umum Lainnya
4010133001;Bangunan Parkir Terbuka Permanen
4010133002;Bangunan Parkir Terbuka Semi Permanen
4010133003;Bangunan Parkir Terbuka Darurat
4010133004;Bangunan Parkir Tertutup Permanen
4010133005;Bangunan Parkir Tertutup Semi Permanen
4010133006;Bangunan Parkir Tertutup Darurat
4010133999;Bangunan Parkir Lainnya
4010134001;Taman Permanen
4010134002;Taman Semi Permanen
4010134999;Taman Lainnya
4010135001;Bangunan Gedung Konsesi Jasa
4010135002;Bangunan Gedung Terminal/Pelabuhan/ Bandara Konses
4010136001;Bangunan Gedung Arsip Permanen
4010136002;Bangunan Gedung Arsip Semi Permanen
4010136003;Bangunan Gedung Arsip Darurat
4010136999;Bangunan Gedung Arsip Lainnya
4010199999;Bangunan Gedung Tempat Kerja Lainnya
4010201001;Rumah Negara Golongan I Tipe A Permanen
4010201002;Rumah Negara Golongan I Tipe A Semi Permanen
4010201003;Rumah Negara Golongan I Tipe A Darurat
4010201004;Rumah Negara Golongan I Tipe B Permanen
4010201005;Rumah Negara Golongan I Tipe B Semi Permanen
4010201006;Rumah Negara Golongan I Tipe B Darurat
4010201007;Rumah Negara Golongan I Tipe C Permanen
4010201008;Rumah Negara Golongan I Tipe C Semi Permanen
4010201009;Rumah Negara Golongan I Tipe C Darurat
4010201010;Rumah Negara Golongan I Tipe D Permanen
4010201011;Rumah Negara Golongan I Tipe D Semi Permanen
4010201012;Rumah Negara Golongan I Tipe D Darurat
4010201013;Rumah Negara Golongan I Tipe E Permanen
4010201014;Rumah Negara Golongan I Tipe E Semi Permanen
4010201015;Rumah Negara Golongan I Tipe E Darurat
4010201999;Rumah Negara Golongan I Lainnya
4010202001;Rumah Negara Golongan II Tipe A Permanen
4010202002;Rumah Negara Golongan II Tipe A Semi Permanen
4010202003;Rumah Negara Golongan II Tipe A Darurat
4010202004;Rumah Negara Golongan II Tipe B Permanen
4010202005;Rumah Negara Golongan II Tipe B Semi Permanen
4010202006;Rumah Negara Golongan II Tipe B Darurat
4010202007;Rumah Negara Golongan II Tipe C Permanen
4010202008;Rumah Negara Golongan II Tipe C Semi Permanen
4010202009;Rumah Negara Golongan II Tipe C Darurat
4010202010;Rumah Negara Golongan II Tipe D Permanen
4010202011;Rumah Negara Golongan II Tipe D Semi Permanen
4010202012;Rumah Negara Golongan II Tipe D Darurat
4010202013;Rumah Negara Golongan II Tipe E Permanen
4010202014;Rumah Negara Golongan II Tipe E Semi Permanen
4010202015;Rumah Negara Golongan II Tipe E Darurat
4010202016;Rumah Negara Golongan II Berupa Mess/Asrama
4010202999;Rumah Negara Golongan II Lainnya
4010203001;Rumah Negara Golongan III Tipe A Permanen
4010203002;Rumah Negara Golongan III Tipe A Semi Permanen
4010203003;Rumah Negara Golongan III Tipe A Darurat
4010203004;Rumah Negara Golongan III Tipe B Permanen
4010203005;Rumah Negara Golongan III Tipe B Semi Permanen
4010203006;Rumah Negara Golongan III Tipe B Darurat
4010203007;Rumah Negara Golongan III Tipe C Permanen
4010203008;Rumah Negara Golongan III Tipe C Semi Permanen
4010203009;Rumah Negara Golongan III Tipe C Darurat
4010203010;Rumah Negara Golongan III Tipe D Permanen
4010203011;Rumah Negara Golongan III Tipe D Semi Permanen
4010203012;Rumah Negara Golongan III Tipe D Darurat
4010203013;Rumah Negara Golongan III Tipe E Permanen
4010203014;Rumah Negara Golongan III Tipe E Semi Permanen
4010203015;Rumah Negara Golongan III Tipe E Darurat
4010203999;Rumah Negara Golongan III Lainnya
4010204001;Mess/Wisma/Bungalow/Tempat Peristirahatan Permanen
4010204002;Mess/Wisma/Bungalow/Tempat Peristirahatan Semi Permanen
4010204003;Mess/Wisma/Bungalow/Tempat Peristirahatan Darurat
4010204004;Wisma Kepala Perwakilan Republik Indonesia (PTRI/KBRI)
4010204005;Wisma Kepala Perwakilan Republik Indonesia (DCM/KJRI)
4010204006;Wisma Kepala Perwakilan Republik Indonesia (KRI)
4010204999;Mess/Wisma/Bungalow/Tempat Peristirahatan Lainnya
4010205001;Asrama Permanen
4010205002;Asrama Semi Permanen
4010205003;Asrama Darurat
4010205004;Bangunan Ramah Bencana
4010205999;Asrama Lainnya
4010206001;Hotel Permanen
4010206002;Hotel Semi Permanen
4010206999;Hotel Lainnya
4010207001;Motel Permanen
4010207002;Motel Semi Permanen
4010207999;Motel Lainnya
4010208001;Flat/Rumah Susun Permanen
4010208002;Flat/Rumah Susun Semi Permanen
4010208003;Rumah Susun Umum
4010208004;Rumah Susun Khusus
4010208005;Rumah Susun Negara
4010208999;Flat/Rumah Susun Lainnya
4010209001;Rumah Negara dalam proses penggolongan A
4010209002;Rumah Negara dalam proses penggolongan B
4010209003;Rumah Negara dalam proses penggolongan C
4010209004;Rumah Negara dalam proses penggolongan D
4010209005;Rumah Negara dalam proses penggolongan E
4010209999;Rumah Negara Dalam Proses Penggolongan Lainnya
4010210001;Panti Asuhan
4010210999;Panti Asuhan Lainnya
4010211001;Apartemen
4010211999;Apartemen Lainnya
4010212001;Rumah Sederhana Sehat
4010212002;Rumah Sederhana
4010212003;Rumah Khusus
4010212999;Rumah Tidak Bersusun Lainnya
4010299999;Bangunan Gedung Tempat Tinggal Lainnya
4020101001;Candi
4020101999;Candi Lainnya
4020102001;Tugu Kemerdekaan
4020102002;Tugu Pembangunan
4020102999;Tugu Peringatan Lainnya
4020103001;Istana Peninggalan
4020103002;Rumah Adat
4020103003;Rumah Peninggalan Sejarah
4020103004;Makam Bersejarah
4020103005;Kijing Makam Pahlawan
4020103999;Bangunan Peninggalan Lainnya
4020199999;Candi/Tugu Peringatan/Prasasti Lainnya
4030101001;Menara Suar Listrik Diesel
4030101002;Menara Suar Listrik Non Diesel
4030101003;Rambu Suar
4030101004;Pelampung Suar
4030101005;Rambu Tanda Silang
4030101999;Bangunan Menara Perambuan Penerangan Pantai Lainnya
4030102001;Anak Pelampung
4030102002;Rambu Berpuncak
4030102999;Bangunan Perambuan Penerangan Pantai Lainnya
4030103001;Bangunan Menara Telpon
4030103002;Bangunan Menara Radio
4030103003;Bangunan Menara Televisi
4030103004;Bangunan Menara Pengatur Lalulintas Udara
4030103005;Bangunan Menara Antena Microwave/Parabolic
4030103999;Bangunan Menara Telekomunikasi Lainnya
4030104001;Bangunan Menara Pengawas Permanen
4030104002;Bangunan Menara Pengawas Semi Permanen
4030104003;Bangunan Menara Pengawas Semi Darurat
4030104999;Bangunan Menara Pengawas Lainnya
4030105001;Bangunan Menara Telekomunikasi Konsesi Jasa
4030199999;Bangunan Menara Perambuan Lainnya
4040101001;Tugu/Tanda Batas Administrasi Negara
4040101002;Tugu/Tanda Batas Administrasi Propinsi
4040101003;Tugu/Tanda Batas Administrasi Kabupaten
4040101004;Tugu/Tanda Batas Administrasi Kotamadya
4040101005;Tugu/Tanda Batas Administrasi Kota Administratif
4040101006;Tugu/Tanda Batas Administrasi Kecamatan
4040101007;Tugu/Tanda Batas Administrasi Desa
4040101008;Tugu/Tanda Batas Administrasi Kelurahan
4040101009;Tugu/Tanda Batas Administrasi Kepemilikan
4040101010;Tugu/Tanda Batas Damija (Daerah Milik Jalan)
4040101011;Tugu/Tanda Batas Damaja (Daerah Manfaat Jalan)
4040101999;Tugu/Tanda Batas Administrasi Lainnya
4040102001;Jaring Kontrol Horisontal
4040102002;Jaring Kontrol Vertikal
4040102003;Jaring Kontrol Gaya Berat
4040102004;Jaring Kontrol Pasang Surut Paras Muka Laut
4040102005;Jaring Kontrol Pasang Surut Sungai Dan Danau
4040102006;Jaring Kontrol Pasang Surut Bumi
4040102007;Jaring Kontrol Navigasi
4040102008;Tugu/Patok Kontrol Penurunan Permukaan Tanah (diatas 100 m)
4040102009;Tugu/Patok Kontrol Penurunan Permukaan Tanah (50 -100 m)
4040102010;Tugu/Patok Kontrol Penurunan Permukaan Tanah (10 -49 m)
4040102999;Tugu/Tanda Jaring Kontrol Geodesi Lainnya
4040103001;Kerangka Dasar Kadastral Orde 2
4040103002;Kerangka Dasar Kadastral Orde 3
4040103003;Kerangka Dasar Kadastral Orde 4
4040103999;Kerangka Dasar Kadastral Lainnya
4040104001;Pagar Permanen
4040104002;Pagar Semi Permanen
4040104003;Pagar Darurat
4040104004;Gapura
4040104005;Bangunan Papan Nama
4040104999;Pagar Lainnya
4040199999;Tugu/Tanda Batas Lainnya
5010101001;Jalan Nasional Arteri
5010101002;Jalan Nasional Kolektor
5010101003;Jalan Nasional Bernilai Strategis Nasional
5010101999;Jalan Nasional Lainnya
5010102001;Jalan Propinsi Arteri
5010102002;Jalan Propinsi Kolektor
5010102003;Jalan Propinsi Lokal
5010102004;Jalan Propinsi Bernilai Strategis Propinsi
5010102999;Jalan Propinsi Lainnya
5010103001;Jalan Kabupaten Arteri
5010103002;Jalan Kabupaten Kolektor
5010103003;Jalan Kabupaten Lokal
5010103004;Jalan Kabupaten Bernilai Strategis Kabupaten
5010103999;Jalan Kabupaten Lainnya
5010104001;Jalan Kotamadya Arteri
5010104002;Jalan Kotamadya Kolektor
5010104003;Jalan Kotamadya Lokal
5010104999;Jalan Kotamadya Lainnya
5010105001;Jalan Desa
5010105999;Jalan Desa Lainnya
5010106001;Jalan Tol
5010106999;Jalan Tol Lainnya
5010107001;Jalan Kereta Api Bantalan Besi
5010107002;Jalan Kereta Api Bantalan Beton
5010107003;Jalan Kereta Api Bantalan Kayu
5010107004;Jalan Kereta Api Bantalan Beton untuk Lengkung
5010107005;Jalan Kereta Api Bantalan Beton untuk Wesel
5010107006;Jalan Kereta Api Bantalan Kayu Standar
5010107007;Jalan Kereta Api Bantalan Kayu Wesel
5010107008;Jalan Kereta Api Bantalan Kayu Jembatan
5010107999;Jalan Kereta Api Lainnya
5010108001;Landasan Pacu (Runway) Pesawat Terbang Permukaan Beton
5010108002;Landasan Pacu (Runway) Pesawat Terbang Permukaan Aspal
5010108003;Landasan Pacu (Runway) Pesawat Terbang Permukaan Batu Karang
5010108004;Landasan Pacu (Runway) Pesawat Terbang Permukaan Rumput
5010108005;Helipad
5010108999;Landasan Pacu Pesawat Terbang Lainnya
5010109001;Jalan Khusus Inspeksi
5010109002;Jalan Khusus Kompleks
5010109003;Jalan Khusus Proyek
5010109004;Jalan Khusus Quarry
5010109005;Jalan Khusus Lori
5010109006;Jalan Khusus Badan Hukum
5010109007;Jalan Khusus Perorangan
5010109008;Jalan Khusus Lainnya
5010109009;Jalan Khusus Pejalan Kaki (Trotoar)
5010109010;Taxy Way
5010109011;Apron
5010109999;Lainnya (Jalan Khusus)
5010110001;Jalan Tol Konsesi Jasa
5010110002;Jalan Kereta Api Konsesi Jasa
5010110003;Landasan Pacu Lapangan Terbang Konsesi Jasa
5010199999;Jalan Lainnya
5010201001;Jembatan Pada Jalan Nasional Arteri
5010201002;Jembatan Pada Jalan Nasional Kolektor
5010201003;Jembatan Pada Jalan Nasional Bernilai Strategis Nasional
5010201999;Jembatan Pada Jalan Nasional Lainnya
5010202001;Jembatan Pada Jalan Propinsi Arteri
5010202002;Jembatan Pada Jalan Propinsi Kolektor
5010202003;Jembatan Pada Jalan Propinsi Lokal
5010202004;Jembatan Pada Jalan Propinsi Bernilai Strategis Propinsi
5010202999;Jembatan Pada Jalan Propinsi Lainnya
5010203001;Jembatan Pada Jalan Kabupaten Arteri
5010203002;Jembatan Pada Jalan Kabupaten Kolektor
5010203003;Jembatan Pada Jalan Kabupaten Lokal
5010203004;Jembatan Pada Jalan Kabupaten Strategis Kabupaten
5010203999;Jembatan Pada Jalan Kabupaten Lainnya
5010204001;Jembatan Pada Jalan Kotamadya Arteri
5010204002;Jembatan Pada Jalan Kotamadya Kolektor
5010204003;Jembatan Pada Jalan Kotamadya Lokal
5010204999;Jembatan Pada Jalan Kotamadya Lainnya
5010205001;Jembatan Pada Jalan Desa
5010205999;Jembatan Pada Jalan Desa Lainnya
5010206001;Jembatan Pada Jalan Tol
5010206999;Jembatan Pada Jalan Tol Lainnya
5010207001;Jembatan Pada Jalan Kereta Api Bantalan Besi
5010207002;Jembatan Pada Jalan Kereta Api Bantalan Beton
5010207003;Jembatan Pada Jalan Kereta Api Bantalan Kayu
5010207999;Jembatan Pada Jalan Kereta Api Lainnya
5010208001;Jembatan Pada Landasan Pacu Pesawat Terbang Permukaan Beton
5010208002;Jembatan Pada Landasan Pacu Pesawat Terbang Permukaan Aspal
5010208003;Jembatan Pada Landasan Pacu Pesawat Terbang Permukaan Rumput
5010208999;Jembatan Pada Landasan Pacu Pesawat Terbang Lainnya
5010209001;Jembatan Pada Jalan Khusus Inspeksi
5010209002;Jembatan Pada Jalan Khusus Kompleks
5010209003;Jembatan Pada Jalan Khusus Proyek
5010209004;Jembatan Pada Jalan Khusus Quarry
5010209005;Jembatan Pada Jalan Khusus Lori
5010209006;Jembatan Pada Jalan Khusus Badan Hukum
5010209007;Jembatan Pada Jalan Khusus Perorangan
5010209999;Jembatan Pada Jalan Khusus Lainnya
5010210001;Jembatan Penyeberangan Orang
5010210002;Jembatan Penyeberangan Kendaraan
5010210003;Jembatan Fly Over
5010210004;Jembatan Inter Change
5010210005;Jembatan Gantung
5010210999;Jembatan Penyeberangan Lainnya
5010211001;Dermaga
5010211002;Kade
5010211003;Embarkasi/Debarkasi
5010211004;Jembatan Pantai
5010211005;Slipway/Dock Tarik
5010211006;Plat Pendaratan/Beaching Plate
5010211007;Causeway
5010211008;Trestle
5010211009;Dolphin (Mooring Dolphin dan/atau Breasting Dolphin) 
5010211010;Dermaga Apung
5010211999;Jembatan Labuh/Sandar Pada Terminal Lainnya
5010212001;Jembatan Timbang
5010212002;Jembatan KIR/Pengujian
5010212999;Jembatan Pengukur Lainnya
5010213001;Jembatan pada Jalan Tol Konsesi Jasa
5010299999;Jembatan Lainnya
5020101001;Waduk Dengan Bendungan, Tanggul, Menara Pengambilan Pelimpah Ban
5020101002;Waduk Dengan Bendungan, Tanggul Dan Menara Pengambilan
5020101003;Waduk Dengan Menara Pengambilan
5020101004;Waduk Dengan Tanggul, Dan Pintu Air/Menara Pengambilan
5020101005;Waduk Dengan Tanggul Dan Pintu Pengukur Waduk Lapangan
5020101999;Bangunan Waduk Irigasi Lainnya
5020102001;Bendung
5020102002;Bendung Dengan Pintu Bilas
5020102003;Bendung Dengan Pompa
5020102004;Bangunan Pengambilan Bebas
5020102005;Bangunan Pengambilan Bebas Dgn Pompa (Bgnan Pengambilan Irigasi)
5020102006;Sumur Dengan Pompa (Bangunan Pengambilan Irigasi)
5020102999;Bangunan Pengambilan Irigasi Lainnya
5020103001;Saluran Muka (Bangunan Pembawa Irigasi)
5020103002;Saluran Induk (Bangunan Pembawa Irigasi)
5020103003;Saluran Sekunder (Bangunan Pembawa Irigasi)
5020103004;Saluran Tersier (Bangunan Pembawa Irigasi)
5020103005;Saluran Kwarter
5020103006;Saluran Pasang Tertutup/Terowongan
5020103007;Saluran Suplesi
5020103008;Sekat Kanal/Canal Blocking
5020103999;Bangunan Pembawa Irigasi Lainnya
5020104001;Saluran Induk Pembuang (Bangunan Pembuang Irigasi)
5020104002;Saluran Sekunder Pembuang (Bangunan Pembuang Irigasi)
5020104003;Saluran Tersier Pembuang (Bangunan Pembuang Irigasi)
5020104999;Bangunan Pembuang Irigasi Lainnya
5020105001;Tanggul Banjir (Bangunan Pengaman Irigasi)
5020105002;Bangunan Pintu Air/Klep (Bangunan Pengaman Irigasi)
5020105999;Bangunan Pengaman Irigasi Lainnya
5020106001;Bangunan Bagi
5020106002;Bangunan Bagi Dan Sadap (Bangunan Pelengkap Irigasi)
5020106003;Bangunan Sadap (Bangunan Pelengkap Irigasi)
5020106004;Bangunan Got Miring
5020106005;Bangunan Terjun (Bangunan Pelengkap Irigasi)
5020106006;Bangunan Talang (Bangunan Pelengkap Irigasi)
5020106007;Bangunan Syphon (Bangunan Pelengkap Irigasi)
5020106008;Bangunan Gorong-Gorong (Bangunan Pelengkap Irigasi)
5020106009;Bangunan Pelimpah Sampah
5020106010;Bangunan Pengeluaran/Pintu
5020106011;Bangunan Box Tersier (Bangunan Pelengkap Irigasi)
5020106012;Bangunan Pengukur
5020106013;Bangunan Mandi Hewan
5020106014;Bangunan Pertemuan Saluran
5020106015;Bangunan Pelengkap Dalam Petak Tersier
5020106016;Bangunan Jembatan (Bangunan Pelengkap Irigasi)
5020106017;Bangunan Talud Penahan
5020106999;Bangunan Pelengkap Irigasi Lainnya
5020107001;Bangunan Sawah Irigasi Tehnis
5020107002;Bangunan Sawah Irigasi Semi Tehnis
5020107003;Bangunan Sawah Irigasi Non Tehnis
5020107999;Bangunan Sawah Irigasi Lainnya
5020199999;Bangunan Air Irigasi Lainnya
5020201001;Waduk Pasang Surut
5020201999;Bangunan Waduk Pasang Surut Lainnya
5020202001;Bangunan Bendung Dengan Pompa
5020202002;Bangunan Pengambilan Bebas Dgn Pompa (Bgnan Pengambilan Psg Surut
5020202999;Bangunan Pengambilan Pasang Surut Lainnya
5020203001;Saluran Muka (Bangunan Pembawa Pasang Surut)
5020203002;Saluran Induk (Bangunan Pembawa Pasang Surut)
5020203003;Saluran Sekunder (Bangunan Pembawa Pasang Surut)
5020203004;Saluran Tersier (Bangunan Pembawa Pasang Surut)
5020203005;Saluran Penyimpan Air
5020203006;Saluran Lalu Lintas Air
5020203999;Bangunan Pembawa Pasang Surut Lainnya
5020204001;Saluran Induk Pembuang (Saluran Pembuang Pasang Surut)
5020204002;Saluran Sekunder Pembuang (Saluran Pembuang Pasang Surut)
5020204003;Saluran Tersier Pembuang (Saluran Pembuang Pasang Surut)
5020204004;Saluran Pengumpul Air
5020204999;Saluran Pembuang Pasang Surut Lainnya
5020205001;Bangunan Pintu Air/Klep (Bangunan Pengaman Pasang Surut)
5020205002;Bangunan Pemasukan/Pembuang
5020205003;Kolam Pasang
5020205999;Bangunan Pengaman Pasang Surut Lainnya
5020206001;Bangunan Jembatan (Bangunan Pelengkap Pasang Surut)
5020206002;Bangunan Jembatan Penghalang (Bangunan Pelengkap Pasang Surut)
5020206003;Bangunan Penutup Penangkis Kotoran
5020206004;Bangunan Pengukur Muka Air (Bangunan Pelengkap Pasang Surut)
5020206005;Bangunan Pengukur Curah Hujan (Bangunan Pelengkap Pasang Surut)
5020206999;Bangunan Pelengkap Pasang Surut Lainnya
5020207001;Bangunan Sawah Pasang Surut Teknis
5020207002;Bangunan Sawah Pasang Surut Semi Teknis
5020207003;Bangunan Sawah Pasang Surut Non Teknis
5020207999;Bangunan Sawah Pasang Surut Lainnya
5020299999;Bangunan Pengairan Pasang Surut Lainnya
5020301001;Bangunan Waduk
5020301999;Bangunan Waduk Pengembangan Rawa Lainnya
5020302001;Waduk Pengambilan Rawa
5020302999;Bangunan Pengambilan Pengembangan Rawa Lainnya
5020303001;Saluran Muka (Bangunan Pembawa Pengembangan Rawa)
5020303002;Saluran Induk (Bangunan Pembawa Pengembangan Rawa)
5020303003;Saluran Sekunder (Bangunan Pembawa Pengembangan Rawa)
5020303004;Saluran Tersier (Bangunan Pembawa Pengembangan Rawa)
5020303999;Bangunan Pembawa Pengembangan Rawa Lainnya
5020304001;Saluran Induk Pembuang (Bangunan Pembuang Pengembangan Rawa)
5020304002;Saluran Sekunder Pembuang (Bangunan Pembuang Pengembangan Rawa)
5020304003;Saluran Tersier Pembuang (Bangunan Pembuang Pengembangan Rawa)
5020304999;Bangunan Pembuang Pengembangan Rawa Lainnya
5020305001;Tanggul Keliling
5020305002;Bangunan Pintu Air/Klep (Bangunan Pengaman Pengembangan Rawa)
5020305999;Bangunan Pengaman Pengembangan Rawa Lainnya
5020306001;Bangunan Bagi Dan Sadap (Bangunan Pelengkap Pengembangan Rawa)
5020306002;Bangunan Sadap (Bangunan Pelengkap Pengembangan Rawa)
5020306003;Bangunan Terjun (Bangunan Pelengkap Pengembangan Rawa)
5020306004;Bangunan Syphon (Bangunan Pelengkap Pengembangan Rawa)
5020306005;Bangunan Gorong-Gorong (Bangunan Pelengkap Pengembangan Rawa)
5020306006;Bangunan Jembatan (Bangunan Pelengkap Pengembangan Rawa)
5020306007;Bangunan Jembatan Penghalang (Bgnan Pelengkap Pengembangan Rawa)
5020306008;Bangunan Pengukur Muka Air (Bangunan Pelengkap Pengembangan Rawa)
5020306009;Bangunan Pengukur Curah Hujan (Bgnan Pelengkap Pengembangan Rawa)
5020306010;Bangunan Penutup Sungai
5020306011;Bangunan Stasiun Pompa Pemasukan/Pembuang
5020306999;Bangunan Pelengkap Pengembangan Rawa Lainnya
5020307001;Bangunan Sawah Rawa Teknis
5020307002;Bangunan Sawah Rawa Semi Teknis
5020307003;Bangunan Sawah Rawa Non Teknis
5020307999;Bangunan Sawah Pengembangan Rawa Lainnya
5020399999;Bangunan Pengembangan Rawa Dan Polder Lainnya
5020401001;Banguna Wasuk Pengaman Sungai/Pantai
5020401002;Waduk Dengan Tanggul, Dan Pintu Pembuang (Bangunan Pengaman Sunga
5020401003;Bangunan Sirine Tsunami
5020401004;Shelter Monitoring Tsunami
5020401999;Bangunan Pengaman Sungai/Pantai & Penanggulangan Bencana Alam Lai
5020402001;Bangunan Pengambilan Pengamanan Sungai
5020402002;Bangunan Pengambilan Pengamanan Pantai
5020402999;Bangunan Pengambilan Pengaman Sungai/Pantai Lainnya
5020403001;Bangunan Pembawa Pengaman Sungai
5020403002;Bangunan Pembawa Pengaman Pantai
5020403999;Bangunan Pembawa Pengaman Sungai/Pantai Lainnya
5020404001;Saluran Banjir
5020404002;Saluran Drainage
5020404999;Bangunan Pembuang Pengaman Sungai Lainnya
5020405001;Tanggul Banjir (Bangunan Pengaman Pengamanan Sungai/pantai)
5020405002;Pintu Pengatur Banjir
5020405003;Coupure/Sodetan
5020405004;Kantong Pasir/Lahar/Lumpur (Bangunan Pengaman Pengamanan Sungai/P
5020405005;Chekdam/Penahan Sedimen
5020405006;Krib Pengaman Sungai/Pantai
5020405007;Bangunan Penguat Tebing/Pantai
5020405008;Bangunan Pelimpah Banjir
5020405009;Dam Konsolidasi
5020405010;Peralatan Saringan Sampah ( Pond Screen )
5020405011;Klep Pengatur Banjir
5020405012;Bangunan Pemecah Gelombang
5020405013;Bangunan Pelantaran Pantai
5020405014;Bangunan Pengatur Banjir
5020405999;Bangunan Pengaman Pengamanan Sungai/Pantai Lainnya
5020406001;Bangunan Syphon (Bangunan Pelengkap Pengaman Sungai)
5020406002;Bangunan Gorong-Gorong (Bangunan Pelengkap Pengaman Sungai)
5020406003;Bangunan Jembatan (Bangunan Pelengkap Pengaman Sungai)
5020406004;Bangunan Pengukur Muka Air (Bangunan Pelengkap Pengaman Sungai)
5020406005;Bangunan Pengukur Curah Hujan (Bgnan Pelengkap Pengaman Sungai)
5020406006;Stasiun Pos Penjaga/Pengamat
5020406007;Bangunan Dermaga
5020406008;Bangunan Stasiun Pompa Pembuang
5020406009;Warning System
5020406999;Bangunan Pelengkap Pengaman Sungai Lainnya
5020499999;Bangunan Pengaman Sungai/pantai & Penanggulangan Bencana Alam Lai
5020501001;Embung/Waduk Lapangan
5020501999;Bangunan Waduk Pengembangan Sumber Air Lainnya
5020502001;Sumur Dengan Pompa (Bangunan Pengambilan Pengembangan Sumber Air)
5020502002;Sumur Artetis
5020502999;Bangunan Pengambilan Pengembangan Sumber Air Lainnya
5020503001;Saluran Tersier (Bangunan Pembawa Pengembangan Sumber Air)
5020503002;Saluran Kuartier
5020503999;Bangunan Pembawa Pengembangan Sumber Air Lainnya
5020504001;Saluran Pembuang
5020504999;Bangunan Pembuang Pengembangan Sumber Air Lainnya
5020505001;Bak Penampung/Kolam/ Menara Penampungan
5020505002;Bangunan Klimatologi
5020505003;Bangunan Hidrometri
5020505004;Sumur Pengamatan
5020505999;Bangunan Pengaman Pengembangan Sumber Air Lainnya
5020506001;Bangunan Terjun (Bangunan Pelengkap Pengembangan Sumber Air)
5020506002;Bangunan Talang (Bangunan Pelengkap Pengembangan Sumber Air)
5020506003;Bangunan Syphon (Bangunan Pelengkap Pengembangan Sumber Air)
5020506004;Bangunan Gorong-Gorong (Bgnan Pelengkap Pengembangan Sumber Air)
5020506005;Bangunan Box Tersier (Bangunan Pelengkap Pengembangan Sumber Air)
5020506006;Bangunan Jembatan (Bangunan Pelengkap Pengembangan Sumber Air)
5020506007;Bangunan V-Notch Weir
5020506999;Bangunan Pelengkap Pengembangan Sumber Air Lainnya
5020507001;Bangunan Sawah Irigasi Air Tanah Teknis
5020507002;Bangunan Sawah Irigasi Air Tanah Semi Teknis
5020507003;Bangunan Sawah Irigasi Air Tanah Non Teknis
5020507999;Bangunan Sawah Irigasi Air Tanah Lainnya
5020599999;Bangunan Pengembangan Sumber Air Dan Air Tanah Lainnya
5020601001;Waduk Penyimpanan Air Baku
5020601002;Waduk Penyimpanan Air Hujan
5020601003;Bak Penyimpanan/Tower Air Baku
5020601999;Bangunan Waduk Air Bersih/Air Baku Lainnya
5020602001;Bangunan Pengambilan Dari Waduk
5020602002;Bangunan Pengambilan Dari Sungai
5020602003;Bangunan Pengambilan Dari Danau
5020602004;Bangunan Pengambilan Dari Rawa
5020602005;Bangunan Pengambilan Dari Air Laut
5020602006;Bangunan Pengambilan Dari Sumber Air
5020602007;Bangunan Pengambilan Dari Sumur Artetis
5020602999;Bangunan Pengambilan Air Bersih/Air Baku Lainnya
5020603001;Saluran Pembawa Air Baku Terbuka
5020603002;Saluran Pembawa Air Baku Tertutup
5020603999;Bangunan Pembawa Air Bersih/Air Baku Lainnya
5020604001;Saluran Pembuang Air Cucian Air Baku
5020604002;Saluran Pembuang Air Cucian Instalasi
5020604999;Bangunan Pembuang Air Bersih/Air Baku Lainnya
5020605001;Bangunan Talang (Bangunan Pelengkap Air Bersih/air Baku)
5020605002;Bangunan Syphon (Bangunan Pelengkap Air Bersih/air Baku)
5020605003;Bangunan Gorong-Gorong (Bangunan Pelengkap Air Bersih/air Baku)
5020605004;Bangunan Jembatan (Bangunan Pelengkap Air Bersih/air Baku)
5020605005;Bangunan Penampung Air Baku
5020605006;Bangunan Hidran Umum
5020605007;Bangunan Mandi Cuci Kakus (MCK)
5020605008;Bangunan Menara/Bak Penampung/Reservoir Air Minum
5020605009;Bangunan Buster Pump
5020605999;Bangunan Pelengkap Air Bersih/Air Baku Lainnya
5020699999;Bangunan Air Bersih/air Baku Lainnya
5020701001;Saluran Pengumpul Air Hujan
5020701002;Saluran Pengumpul Air Buangan Domestik
5020701003;Saluran Pengumpul Air Buangan Industri
5020701004;Saluran Pengumpul Air Buangan Pertanian
5020701999;Bangunan Pembawa Air Kotor Lainnya
5020702001;Waduk Air Hujan
5020702002;Waduk Air Buangan Domestik
5020702003;Waduk Air Buangan Industri
5020702004;Waduk Air Buangan Pertanian
5020702999;Bangunan Waduk Air Kotor Lainnya
5020703001;Saluran Pembuang Air Buangan Air Hujan
5020703002;Saluran Pembuang Air Buangan Domestik
5020703003;Saluran Pembuang Air Buangan Air Industri
5020703004;Saluran Pembuang Air Buangan Air Pertanian
5020703999;Bangunan Pembuang Air Kotor Lainnya
5020704001;Bangunan Pompa Air Hujan
5020704002;Bangunan Pompa Air Buangan Domestik
5020704003;Bangunan Pompa Air Buangan Industri
5020704004;Bangunan Pompa Air Buangan Pertanian
5020704999;Bangunan Pengaman Air Kotor Lainnya
5020705001;Bangunan Talang (Bangunan Pelengkap Air Kotor)
5020705002;Bangunan Syphon (Bangunan Pelengkap Air Kotor)
5020705003;Bangunan Gorong-Gorong (Bangunan Pelengkap Air Kotor)
5020705004;Bangunan Jembatan (Bangunan Pelengkap Air Kotor)
5020705005;Bangunan Bak Kontrol/Man Hole
5020705006;Saluran Air Kotor Sambungan Dari Rumah
5020705007;Bangunan (Box) Culvert
5020705008;Multiple Pipa Arches
5020705009;Bangunan Plat Deker
5020705999;Bangunan Pelengkap Air Kotor Lainnya
5020799999;Bangunan Air Kotor Lainnya
5030101001;Instalasi Air Permukaan Kapasitas Kecil
5030101002;Instalasi Air Permukaan Kapasitas Sedang
5030101003;Instalasi Air Permukaan Kapasitas Besar
5030101999;Instalasi Air Permukaan Lainnya
5030102001;Instalasi Air Sumber / Mata Air Kapasitas Kecil
5030102002;Instalasi Air Sumber / Mata Air Kapasitas Sedang
5030102003;Instalasi Air Sumber / Mata Air Kapasitas Besar
5030102999;Instalasi Air Sumber / Mata Air Lainnya
5030103001;Instalasi Air Tanah Dalam Kapasitas Kecil
5030103002;Instalasi Air Tanah Dalam Kapasitas Sedang
5030103003;Instalasi Air Tanah Dalam Kapasitas Besar
5030103999;Instalasi Air Tanah Dalam Lainnya
5030104001;Instalasi Air Tanah Dangkal Kapasitas Kecil
5030104002;Instalasi Air Tanah Dangkal Kapasitas Sedang
5030104003;Instalasi Air Tanah Dangkal Kapasitas Besar
5030104999;Instalasi Air Tanah Dangkal Lainnya
5030105001;Sistem Pengolahan Air Sederhana (SIPAS)
5030105002;Jaringan Rumah Tangga (JARUT)
5030105003;Penampungan Air Hujan (PAH)
5030105004;Sumur Gali (SGL)
5030105005;Sumur Resapan
5030105006;Irigasi Tetes
5030105999;Instalasi Air Bersih / Air Baku Lainnya Lainnya
5030199999;Instalasi Air Bersih / Air Baku Lainnya
5030201001;Instalasi Air Buangan Domestik Kapasitas Kecil
5030201002;Instalasi Air Buangan Domestik Kapasitas Sedang
5030201003;Instalasi Air Buangan Domestik Kapasitas Besar
5030201999;Instalasi Air Buangan Domestik Lainnya
5030202001;Instalasi Air Buangan Industri Kapasitas Kecil
5030202002;Instalasi Air Buangan Industri Kapasitas Sedang
5030202003;Instalasi Air Buangan Industri Kapasitas Besar
5030202999;Instalasi Air Buangan Industri Lainnya
5030203001;Instalasi Air Buangan Pertanian Kapasitas Kecil
5030203002;Instalasi Air Buangan Pertanian Kapasitas Sedang
5030203003;Instalasi Air Buangan Pertanian Kapasitas Besar
5030203999;Instalasi Air Buangan Pertanian Lainnya
5030299999;Instalasi Air Kotor Lainnya
5030301001;Instalasi Pengolahan Sampah Organik Sistem Pembakaran
5030301002;Instalasi Pengolahan Sampah Organik Sistem Kompos
5030301003;Instalasi Pengolahan Sampah Organik Sistem Penimbunan
5030301999;Instalasi Pengolahan Sampah Organik Lainnya
5030302001;Instalasi Pengolahan Sampah Non Organik Daur Ulang Logam
5030302002;Instalasi Pengolahan Sampah Non Organik Daur Ulang Non Logam
5030302999;Instalasi Pengolahan Sampah Non Organik Lainnya
5030303001;Bangunan Tempat Penampung Sampah Rumah Tangga
5030303002;Bangunan Tempat Menampung Sampah Lingkungan
5030303999;Bangunan Penampung Sampah Lainnya
5030399999;Instalasi Pengolahan Sampah Lainnya
5030401001;Instalasi Pengolahan Bahan Bangunan Percontohan Pengawetan Kayu
5030401002;Instalasi Pengolahan Bahan Bangunan Percontohan Pengeringan Kayu
5030401003;Instalasi Pengolahan Bahan Bangunan Percontohan Pengerjaan Kayu
5030401004;Instalasi Pengolahan Bahan Bangunan Percontohan Perkapuran
5030401005;Instalasi Pengolahan Bahan Bangunan Percontohan Pembuatan Batu
5030401006;Instalasi Pengolahan Bahan Bangunan Percontohan Pembuatan Agrega
5030401999;Instalasi Pengolahan Bahan Bangunan Percontohan Lainnya
5030402001;Instalasi Pengolahan Bahan Bangunan Perintis Pengawetan Kayu
5030402002;Instalasi Pengolahan Bahan Bangunan Perintis Pengeringan Kayu
5030402003;Instalasi Pengolahan Bahan Bangunan Perintis Pengerjaan Kayu
5030402004;Instalasi Pengolahan Bahan Bangunan Perintis Perkapuran
5030402005;Instalasi Pengolahan Bahan Bangunan Perintis Pembuatan Batu Ceta
5030402006;Instalasi Pengolahan Bahan Bangunan Perintis Pembuatan Agregat
5030402999;Instalasi Pengolahan Bahan Bangunan Perintis Lainnya
5030403001;Instalasi Pengolahan Bahan Bangunan Terapan
5030403999;Instalasi Pengolahan Bahan Bangunan Terapan Lainnya
5030499999;Instalasi Pengolahan Bahan Bangunan Lainnya
5030501001;Instalasi PLTA Kapasitas Kecil
5030501002;Instalasi PLTA Kapasitas Sedang
5030501003;Instalasi PLTA Kapasitas Besar
5030501999;Instalasi Pembangkit Listrik Tenaga Air (PLTA) Lainnya
5030502001;Instalasi PLTD Kapasitas Kecil
5030502002;Instalasi PLTD Kapasitas Sedang
5030502003;Instalasi PLTD Kapasitas Besar
5030502999;Instalasi Pembangkit Listrik Tenaga Diesel (PLTD) Lainnya
5030503001;Instalasi PLTM Kapasitas Kecil
5030503002;Instalasi PLTM Kapasitas Sedang
5030503003;Instalasi PLTM Kapasitas Besar
5030503999;Instalasi Pembangkit Listrik Tenaga Mikro Hidro (PLTM) Lainnya
5030504001;Instalasi PLTAN Kapasitas Kecil
5030504002;Instalasi PLTAN Kapasitas Sedang
5030504003;Instalasi PLTAN Kapasitas Besar
5030504999;Instalasi Pembangkit Listrik Tenaga Angin (PLTAN) Lainnya
5030505001;Instalasi PLTU Kapasitas Kecil
5030505002;Instalasi PLTU Kapasitas Sedang
5030505003;Instalasi PLTU Kapasitas Besar
5030505999;Instalasi Pembangkit Listrik Tenaga Uap (PLTU) Lainnya
5030506001;Instalasi PLTN Kapasitas Kecil
5030506002;Instalasi PLTN Kapasitas Sedang
5030506003;Instalasi PLTN Kapasitas Besar
5030506999;Instalasi Pembangkit Listrik Tenaga Nuklir (PLTN) Lainnya
5030507001;Instalasi PLTG Kapasitas Kecil
5030507002;Instalasi PLTG Kapasitas Sedang
5030507003;Instalasi PLTG Kapasitas Besar
5030507999;Instalasi Pembangkit Listrik Tenaga Gas (PLTG) Lainnya
5030508001;Instalasi PLTP Kapasitas Kecil
5030508002;Instalasi PLTP Kapasitas Sedang
5030508003;Instalasi PLTP Kapasitas Besar
5030508999;Instalasi Pembangkit Listrik Tenaga Panas Bumi (PLTP) Lainnya
5030509001;Instalasi PLTS Kapasitas Kecil
5030509002;Instalasi PLTS Kapasitas Sedang
5030509003;Instalasi PLTS Kapasitas Besar
5030509999;Instalasi Pembangkit Listrik Tenaga Surya (PLTS) Laiinnya
5030510001;Instalasi PLTB Kapasitas Kecil
5030510002;Instalasi PLTB Kapasitas Sedang
5030510003;Instalasi PLTB Kapasitas Besar
5030510999;Instalasi Pembangkit Listrik Tenaga Biogas (PLTB) Lainnya
5030511001;Instalasi PLTSM Kapasitas Kecil
5030511002;Instalasi PLTSM Kapasitas Sedang
5030511003;Instalasi PLTSM Kapasitas Besar
5030511999;Instalasi Pembangkit Listrik Tenaga Samudera / Gelombang Samudera
5030599999;Instalasi Pembangkit Listrik Lainnya
5030601001;Instalasi Gardu Listrik Induk Kapasitas Kecil
5030601002;Instalasi Gardu Listrik Induk Kapasitas Sedang
5030601003;Instalasi Gardu Listrik Induk Kapasitas Besar
5030601999;Instalasi Gardu Listrik Induk Lainnya
5030602001;Instalasi Gardu Listrik Distribusi Kapasitas Kecil
5030602002;Instalasi Gardu Listrik Distribusi Kapasitas Sedang
5030602003;Instalasi Gardu Listrik Distribusi Kapasitas Besar
5030602999;Instalasi Gardu Listrik Distribusi Lainnya
5030603001;Instalasi Pusat Pengatur Listrik Kapasitas Kecil
5030603002;Instalasi Pusat Pengatur Listrik Kapasitas Sedang
5030603003;Instalasi Pusat Pengatur Listrik Kapasitas Besar
5030603999;Instalasi Pusat Pengatur Listrik Lainnya
5030699999;Instalasi Gardu Listrik Lainnya
5030701001;Instalasi Radar
5030701002;Instalasi Perkubuan
5030701003;Instalasi Peluru Kendali (Rudal)
5030701004;Instalasi Komunikasi Elektronik (KOMLEK)
5030701005;Instalasi Benteng
5030701999;Instalasi Pertahanan Di Darat Lainnya
5030799999;Instalasi Pertahanan Lainnya
5030801001;Instalasi Gardu Gas LPG
5030801002;Instalasi Gardu Gas LNG
5030801999;Instalasi Gardu Gas Lainnya
5030802001;Instalasi Jaringan Pipa Gas Primer
5030802002;Instalasi Jaringan Pipa Gas Sekunder
5030802999;Instalasi Jaringan Pipa Gas Lainnya
5030803001;Instalasi Pengolahan Gas Aga
5030803002;Instalasi Pengolahan Gas Propax
5030803999;Instalasi Pengolahan Gas Lainnya
5030899999;Instalasi Gas Lainnya
5030901001;Instalasi Penangkal Petir Manual
5030901002;Instalasi Penangkal Petir Komputerisasi
5030901999;Instalasi Pengaman Penangkal Petir Lainnya
5030902001;Instalasi Elemen Bahan
5030902002;Instalasi Produksi Elemen Bahan Reaktor Nuklir
5030902003;Instalasi Elemen Bakar Eksperimental
5030902004;Instalasi Radio Metalurgi
5030902005;Instalasi Pemurnian Uranium
5030902006;Instalasi Electron Beam Machine
5030902007;Instalasi Irradiator
5030902999;Instalasi Reaktor Nuklir Lainnya
5030903001;Instalasi Pengolahan Limbah Radio Aktif Cair
5030903002;Instalasi Pengolahan Limbah Radio Aktif Padat
5030903003;Instalasi Pengolahan Limbah Radio Aktif Gas
5030903999;Instalasi Pengolahan Limbah Radio Aktif Lainnya
5030999999;Instalasi Pengaman Lainnya
5031001001;Instalasi Generating Set
5031001002;Instalasi AC
5031001003;Instalasi Building Automation System (BAS)
5031001004;Instalasi Komputer
5031001999;Instalasi Lain-lain
5040101001;Jaringan Pembawa Kapasitas Kecil
5040101002;Jaringan Pembawa Kapasitas Sedang
5040101003;Jaringan Pembawa Kapasitas Besar
5040101999;Jaringan Pembawa Lainnya
5040102001;Jaringan Induk Distribusi Kapasitas Kecil
5040102002;Jaringan Induk Distribusi Kapasitas Sedang
5040102003;Jaringan Induk Distribusi Kapasitas Besar
5040102999;Jaringan Induk Distribusi Lainnya
5040103001;Jaringan Cabang Distribusi Kapasitas Kecil
5040103002;Jaringan Cabang Distribusi Kapasitas Sedang
5040103003;Jaringan Cabang Distribusi Kapasitas Besar
5040103999;Jaringan Cabang Distribusi Lainnya
5040104001;Jaringan Sambungan Ke Rumah Kapasitas Kecil
5040104002;Jaringan Sambungan Ke Rumah Kapasitas Sedang
5040104003;Jaringan Sambungan Ke Rumah Kapasitas Besar
5040104999;Jaringan Sambungan Ke Rumah Lainnya
5040199999;Jaringan Air Minum Lainnya
5040201001;Jaringan Transmisi Tegangan Diatas 300 KVA
5040201002;Jaringan Transmisi Tegangan 100 S/D 300 KVA
5040201003;Jaringan Transmisi Tegangan Dibawah 100 KVA
5040201999;Jaringan Transmisi Lainnya
5040202001;Jaringan Distribusi Tegangan Diatas 20 KVA
5040202002;Jaringan Distribusi Tegangan 1 S/D 20 KVA
5040202003;Jaringan Distribusi Tegangan Dibawah 1 KVA
5040202999;Jaringan Distribusi Lainnya
5040299999;Jaringan Listrik Lainnya
5040301001;Jaringan Telepon Diatas Tanah Kapasitas Kecil
5040301002;Jaringan Telepon Diatas Tanah Kapasitas Sedang
5040301003;Jaringan Telepon Diatas Tanah Kapasitas Besar
5040301999;Jaringan Telepon Diatas Tanah Lainnya
5040302001;Jaringan Telepon Dibawah Tanah Kapasitas Kecil
5040302002;Jaringan Telepon Dibawah Tanah Kapasitas Sedang
5040302003;Jaringan Telepon Dibawah Tanah Kapasitas Besar
5040302999;Jaringan Telepon Dibawah Tanah Lainnya
5040303001;Jaringan Telepon Didalam Air Kapasitas Kecil
5040303002;Jaringan Telepon Didalam Air Kapasitas Sedang
5040303003;Jaringan Telepon Didalam Air Kapasitas Besar
5040303999;Jaringan Telepon Didalam Air Lainnya
5040304001;Jaringan Satelit
5040304002;Jaringan Radio
5040304999;Jaringan Dengan Media Udara Lainnya
5040305001;Kabel Serat Optik Konsesi Jasa
5040305002;Jaringan Satelit Konsesi Jasa
5040399999;Jaringan Telepon Lainnya
5040401001;Jaringan Pipa Baja
5040401999;Jaringan Pipa Gas Transmisi Lainnya
5040402001;Jaringan Pipa Distribusi Tekanan Tinggi
5040402002;Jaringan Pipa Distribusi Tekanan Menengah Pipa Baja
5040402003;Jaringan Pipa Distribusi Tekanan Menengah Pipa PE
5040402004;Jaringan Pipa Distribusi Tekanan Rendah Pipa Baja
5040402005;Jaringan Pipa Distribusi Tekanan Rendah Pipa PC
5040402999;Jaringan Pipa Distribusi Lainnya
5040403001;Jaringan Pipa Dinas Pipa Baja
5040403002;Jaringan Pipa Dinas Pipa PE
5040403999;Jaringan Pipa Dinas Lainnya
5040404001;Jaringan BBM Bensin
5040404002;Jaringan BBM Solar
5040404003;Jaringan BBM Minyak Tanah
5040404999;Jaringan BBM Lainnya
5040499999;Jaringan Gas Lainnya
6010101001;Monografi
6010101002;Referensi
6010101003;Buku
6010101999;Buku Lainnya
6010102001;Surat Kabar
6010102002;Majalah
6010102003;Buletin
6010102004;Laporan
6010102999;Serial Lainnya
6010199999;Bahan Perpustakaan Tercetak Lainnya
6010201001;Kaset
6010201002;Video
6010201003;CD/VCD/DVD/LD
6010201004;Pita Film
6010201005;Pita Suara
6010201006;Piringan Hitam
6010201028;Peta Digital
6010201999;Audio Visual Lainnya
6010202001;Mikrofilm
6010202002;Mikrofisch
6010202003;Slide
6010202999;Bentuk Mikro/Mikroform Lainnya
6010299999;Bahan Perpustakaan Terekam Dan Bentuk Mikro Lainnya
6010301001;Peta (Map)
6010301002;Atlas
6010301003;Blue Print
6010301004;Bola Dunia (Globe)
6010301005;Peta Dasar Pertanahan (Citra Satelit atau Foto udara)
6010301006;Peta Dasar Pendaftaran
6010301007;Peta Indeks (Peta Koridor Batas)
6010301008;Peta Gambaran Umum Penguasaan Tanah
6010301009;Peta Penggunaan Tanah
6010301010;Peta Kemampuan Tanah
6010301011;Peta Pemanfaatan Tanah
6010301012;Peta Wilayah Tanah Usaha
6010301013;Peta Pemilikan Tanah
6010301014;Peta Sosial Ekonomi
6010301015;Peta Pertanahan Wilayah Pesisir
6010301016;Peta Pertanahan Perbatasan
6010301017;Peta Pertanahan Bidang Tanah
6010301018;Peta Pendaftaran
6010301019;Peta Sebaran Hak Tanah
6010301020;Peta Titik Dasar Teknik
6010301021;Peta Indikatif Batas Kawasan dan Wilayah Administrasi
6010301022;Peta Administrasi dan Tempat-Tempat Penting
6010301023;Peta Inventarisasi Penguasaan, Pemilikan, Penggunaan dan Pemanfaatan Tanah (IP4T)
6010301024;Peta Neraca Penatagunaan Tanah Nasional
6010301025;Peta Neraca Penatagunaan Tanah Regional
6010301026;Peta Neraca Penatagunaan Tanah Sektoral
6010301027;Peta Analisa Penatagunaan Tanah
6010301028;Peta Monitoring G25 Alih Guna Tanah
6010301029;Peta Pertanahan Wilayah Pesisir, Pulau- pulau Kecil, Perbatasan dan Wilayah Tertentu (WP3WT)
6010301030;Peta Potensi Objek Konsolidasi Tanah
6010301999;Bahan Kartografi Lainnya
6010302001;Naskah/Manuskrip Berbahan Kertas
6010302002;Naskah/Manuskrip Berbahan Daun
6010302003;Naskah/Manuskrip Berbahan Kayu
6010302004;Naskah/Manuskrip Berbahan Bambu
6010302005;Naskah/Manuskrip Berbahan Kulit Kayu
6010302006;Naskah/Manuskrip Berbahan Kulit Binatang
6010302007;Naskah/Manuskrip Berbahan Tulang/Tanduk
6010302008;Naskah/Manuskrip Berbahan Tempurung
6010302999;Naskah/Manuskrip Berbahan Lainnya
6010303001;Lukisan Kanvas
6010303002;Lukisan Batu, Keramik, Kayu, dll
6010303003;Ukiran Kayu dan sejenisnya
6010303004;Ukiran Logam dan sejenisnya
6010303005;Ukiran Batu dan sejenisnya
6010303999;Ukiran dan Lukisan Lainnya
6010399999;Kartografi, Naskah Dan Lukisan Lainnya
6020101001;Alat Musik Tradisional/Daerah
6020101002;Alat Musik Modern/Band
6020101999;Alat Musik Lainnya
6020102001;Lukisan Cat Air
6020102002;Sulaman / Tempelan
6020102003;Lukisan Cat Minyak
6020102004;Lukisan Bulu
6020102005;Seni Relief
6020102999;Lukisan Lainnya
6020103001;Wayang Golek
6020103002;Wayang Kulit
6020103003;Alat Membatik
6020103999;Alat Peraga Kesenian Lainnya
6020199999;Barang Bercorak Kesenian Lainnya
6020201001;Pahatan Batu
6020201002;Pahatan Kayu
6020201003;Pahatan Logam
6020201999;Pahatan Lainnya
6020202001;Maket/Miniatur/Replika
6020202002;Foto Dokumen
6020202003;Naskah Kuno
6020202004;Mata Uang/ Numismatik
6020202005;Perhiasan
6020202006;Barang Keramik/ Gerabah
6020202007;Arca/ Patung
6020202008;Benda Kuno/ Unik
6020202009;Fosil
6020202010;Mumy
6020202999;Maket Dan Foto Dokumen Lainnya
6020203001;Artefak Batuan
6020203002;Artefak Kayu
6020203003;Artefak Logam
6020203004;Artefak Tanah Liat
6020204001;Etnografi Batuan
6020204002;Etnografi Kayu
6020204003;Etnografi Logam
6020204004;Etnografi Tanah Liat
6020299999;Alat Bercorak Kebudayaan Lainnya
6020301001;Piala
6020301002;Medali
6020301003;Piagam
6020301999;Tanda Penghargaan Lainnya
6020399999;Tanda Penghargaan Bidang Olah Raga Lainnya
6030101001;Anjing Pelacak
6030101002;Anjing Penjaga
6030101999;Hewan Pengaman Lainnya
6030102001;Gajah
6030102002;Kuda (Hewan Pengangkut)
6030102999;Hewan Pengangkut Lainnya
6030199999;Hewan Piaraan Lainnya
6030201001;Babi
6030201002;Domba
6030201003;Kambing
6030201004;Kerbau
6030201005;Sapi Potong
6030201006;Indukan Babi Jantan
6030201007;Indukan Babi Betina
6030201008;Indukan Domba Jantan
6030201009;Indukan Domba Betina
6030201010;Indukan Kerbau Jantan
6030201011;Indukan Kerbau Betina
6030201012;Indukan Kambing Jantan
6030201013;Indukan Kambing Betina 
6030201014;Indukan Sapi Potong Jantan
6030201015;Indukan Sapi Potong Betina
6030201999;Ternak Potong Lainnya
6030202001;Sapi Perah
6030202002;Domba Perah
6030202003;Kambing Perah
6030202004;Kerbau Perah
6030202999;Ternak Perah Lainnya
6030203001;Ayam
6030203002;Burung
6030203003;Itik
6030203004;Ayam Petelur
6030203005;Indukan Ayam Kampung Jantan
6030203006;Indukan Ayam Kampung Betina
6030203007;Indukan Itik Jantan 
6030203008;Indukan Itik Betina
6030203999;Ternak Unggas Lainnya
6030299999;Ternak Lainnya
6030301001;Hewan Lainnya
6040101001;Ikan Air Tawar Budidaya
6040101002;Ikan Air Laut Budidaya
6040101003;Ikan Air Payau Budidaya
6040101004;Ikan Hias Air Tawar Budidaya
6040101005;Ikan Hias Air Payau/Laut Budidaya
6040101999;Ikan Budidaya Lainnya
6040201001;Udang
6040201002;Rajungan
6040201003;Kepiting
6040201999;Crustea (Udang, Rajungan, Kepiting, dan Sebangsanya) Lainnya
6040301001;Kerang
6040301002;Tiram
6040301003;Cumi-Cumi
6040301004;Gurita
6040301005;Siput
6040301999;Mollusca (kerang, Tiram, Cumi-cumi, Gurita, Siput, Dan Sebangsany
6040401001;Ubur-Ubur Budidaya
6040401999;Coelenterata (ubur-ubur Dan Sebangsanya) Lainnya
6040501001;Teripang
6040501002;Bulu Babi
6040501999;Echinodermata (tripang, Bulu Babi, Dan Sebangsanya) Lainnya
6040601001;Kodok
6040601002;Sebangsa Kodok
6040601999;Amphibia (kodok Dan Sebangsanya) Lainnya
6040701001;Penyu
6040701002;Kura-Kura
6040701003;Biawak
6040701004;Ular Air
6040701999;Reptilia (buaya, Penyu, Kura-kura, Biawak, Ular Air, Dan Sebangsa
6040801001;Paus
6040801002;Lumba-Lumba
6040801003;Pesut
6040801004;Duyung
6040801999;Mammalia (paus, Lumba-lumba, Pesut, Duyung, Dan Sebangsanya) Lain
6040901001;Rumput Laut
6040901002;Tumbuh-Tumbuhan Lain yang Hidup di dalam Air
6040901999;Algae (rumput Laut Dan Tumbuh-tumbuhan Lain Yang Hidup Di Dalam A
6041001001;Biota Perairan Lainnya
6050101001;Tanaman Keras
6050101002;Tanaman Industri
6050101003;Tanaman Perkebunan
6050101004;Tanaman Hortikultura
6050101005;Tanaman Pangan
6050101006;Tanaman Hias
6050101007;Tanaman Obat
6050101008;Tanaman Plasma
6050101999;Tanaman Lainnya
6060101001;Hewan Koleksi Hidup
6060101002;Hewan Koleksi Diawetkan Kering
6060101003;Hewan koleksi diawetkan basah
6060101999;Hewan Koleksi Lainnya
6060102001;Biota Perairan Koleksi Hidup
6060102002;Biota Perairan Koleksi Diawetkan Kering
6060102003;Biota perairan koleksi diawetkan basah
6060102999;Biota Perairan Koleksi Lainnya
6060103001;Tanaman Koleksi Hidup
6060103002;Tanaman Koleksi Diawetkan Kering
6060103003;Tanaman koleksi diawetkan basah
6060103004;Preparat awetan tumbuhan
6060103005;Gambar tumbuhan/botani
6060103006;Artefakta etnobotani
6060103999;Tanaman Koleksi Lainnya
6060104001;Bakteri
6060104002;Khamir
6060104003;Fungi
6060104004;Archea
6060104005;Aktinomycetes
6060104006;Bacteriophage
6060104007;Alga
6060104999;Mikroba koleksi lainnya
6060105001;Beku
6060105002;Sedimen
6060105003;Metamor
6060105004;Mineral
6060105005;Batuan
6060105999;Bantuan koleksi lainnya
6060106001;Fosil
6060106002;Fosil Buah
6060106003;Fosil Batang
6060106004;Fosil Daun
6060106005;Fosil Bunga
6060106006;Moluska
6060106007;Aves
6060106008;Amphibi
6060106009;Replika
6060106010;Mamalia
6060106011;Pisces
6060106012;Reptil
6060106013;Fosil Tidak Diketahui
6060106999;Fosil lainnya
6060199999;Barang koleksi non budaya lainnya
6070101001;Tanah Dalam Renovasi
6070201001;Peralatan dan Mesin Dalam Renovasi
6070301001;Gedung dan Bangunan Dalam Renovasi
6070401001;Jalan, Irigasi, dan jaringan Dalam Renovasi
6070501001;Aset Tetap Lainnya Dalam Renovasi
6080101001;Anjing Pendeteksi Barang Terlarang (Hewan Khusus Aset Tetap Lainnya)
6080101002;Anjing Pelacak Pencarian dan Penyelamatan (Hewan Khusus Aset Tetap Lainnya)
6080101003;Anjing Pengendalian Massa (Hewan Khusus Aset Tetap Lainnya)
6080101999;Hewan Pendeteksi dan Pengendalian Lainnya
7010101001;Tanah Dalam Pengerjaan
7010101002;Peralatan dan Mesin Dalam Pengerjaan
7010101003;Gedung dan Bangunan Dalam Pengerjaan
7010101004;Jalan, Irigasi, dan jaringan Dalam Pengerjaan
7010101005;Aset Tetap Lainnya Dalam Pengerjaan
7010101006;Irigasi Dalam Pengerjaan
7010101007;Jaringan Dalam Pengerjaan
7010102001;Tanah Konsesi Jasa Dalam Pengerjaan
7010102002;Peralatan dan Mesin Konsesi Jasa Dalam Pengerjaan
7010102003;Gedung dan Bangunan Konsesi Jasa Dalam Pengerjaan
7010102004;Jalan, Irigasi dan Jaringan Konsesi Jasa Dalam Pen
7010102005;Aset Tetap Lainnya Konsesi Jasa Dalam Pengerjaan
7010102999;Konstruksi Dalam Pengerjaan Lainnya Konsesi Jasa
8010101001;Software Komputer
8010101002;Lisensi
8010101003;Francise
8010101004;Hak Cipta atas Ciptaan Gol. I
8010101005;Hak Paten Sederhana
8010101006;Hak Lainnya
8010101007;Hasil Kajian/Penelitian
8010101008;Hak Cipta atas Ciptaan Gol. II
8010101009;Hak Cipta Karya Seni Terapan
8010101010;Hak Ekonomi Pelaku Pertunjukan
8010101011;Hak Ekonomi Produser Fonogram
8010101012;Hak Ekonomi Lembaga Penyiaran
8010101013;Paten Biasa
8010101014;Merek
8010101015;Desain Industri
8010101016;Rahasia Dagang
8010101017;Desain Tata Letak Sirkuit Terpadu
8010101018;Perlindungan Varietas Tanaman Semusim
8010101019;Perlindungan Varietas Tanaman Tahunan
8010101020;Indikasi Geografis
8010101021;Indikasi Asal
8010101022;Hak Prioritas Pendaftaran Hak Atas Kekayaan Intelektual
8010101023;Aset Lainnya Yang Belum Dialokasikan
8010101024;Aset Lainnya Yang Sudah Dikerjasamakan/Digunakan
8010101025;Data Citra Satelit
8010101026;Peta RBI Skala Kecil (1:1.000.000,1:500.000,1:250.000)
8010101027;Peta RBI Skala Menengah (1:100.000,1:50.000,1:25.000)
8010101028;Peta RBI Skala Besar (1:10.000,1:5.000,1:2.500)
8010101029;Peta LLN Skala Kecil (1:500.000,1:250.000)
8010101030;Peta LLN Skala Menengah (1:50.000)
8010101031;Peta LPI Skala Kecil (1:250.000)
8010101032;Peta LPI Skala Menengah (1:50.000,1:25.000)
8010101033;Peta LPI Skala Besar (1:10.000)
8010101034;Peta Batas Wilayah Administrasi
8010101035;Peta Delineasi Batas Wilayah Admisitrasi
8010101036;Peta Batas Negara
8010101037;Data Pasang Surut
8010101038;Data GNSS
8010101039;Data Gaya Berat
8010101040;Data Pengukuran Sifat Datar Teliti
8010101041;Citra Satelit Resolusi Tinggi (4 meter atau Lebih Halus)
8010101042;Citra Satelit Resolusi Sedang (Lebih Kasar Dari 4 Meter)
8010101043;Foto Udara
8010101044;Peta Tematik Morfometri
8010101045;Peta Tematik Penutup Lahan
8010101046;Peta Tematik Sistem Lahan
8010101047;Peta Tematik Lainnya
8010101048;Atlas
8010101049;Electric Navigation Chart (ENC)
8010101050;Buku Digital
8010101051;Koran Digital
8010101052;Jurnal Digital
8010101053;Majalah Digital
8010101054;Nama Rupabumi Baku
8010101055;Titik Kontrol Tanah
8010101056;Digital Elevation Model (DEM)
8010101057;Orthofoto
8010101058;Light Detection and Ranging (LiDAR) Terklasifikasi
8010101059;Airborne RADAR Skala 1:5.000 dan/atau 1:10.000
8010101060;Airborne RADAR Skala 1:25.000 dan/atau 1:50.000
8010101061;Spaceborne RADAR Skala 1:25.000 dan/atau 1:50.000
8010101062;Data Koordinat Batas Wilayah Negara
8010101063;Data Koordinat Batas Wilayah Administrasi
8010101064;Data Model Geoid
8010101065;Data Garis Pantai
8010101066;Hipsografi Laut
8010101067;Kapasitas Satelit
8010101068;Peta Nilai Bidang Tanah
8010101069;Peta Pertimbangan Teknis Pertanahan
8010101070;Peta Inventarisasi Tanah Kritis
8010101071;Peta Dasar Pertanahan
8010101072;Peta Lahan Baku Sawah Nasional
8010101073;Peta Data Potensi WP3WT
8010101074;Peta Lokasi Pengembangan Pertanahan
8010101075;Peta Inventarisasi Tanah Timbul
8010101076;Peta Neraca Penatagunaan Tanah
8010101077;Peta Zona Nilai Tanah
8010101078;Peta Persebaran Pulau- Pulau Kecil Terluar di Indonesia
8010101079;Peta Desain Konsolidasi Tanah
8010101080;Peta Potensi Subjek Objek Konsolidasi Tanah
8010101081;Peta Penguasaan Tanah
8010101082;Peta Pemilikkan Tanah
8010101083;Peta Terindikasi Terlantar
8010101084;Peta Lahan Sawah Dilindungi
8010101085;Peta Kawasan Terindikasi Terlantar
8010101086;Peta Digital Tata Ruang
8010101999;Aset Tak Berwujud Lainnya
8020101001;Aset Tak Berwujud Dalam Penyelesaian
8020101002;Aset Tak Berwujud Dalam Proses Pendaftaran Hak
8020101999;Aset Tak Berwujud Dalam Pengerjaan Lainnya
8030101001;Aset Dalam Kemitraan